phone_number,call_type,call_duration,call_location_longitude,call_location_latitude
050-2465859,out-call,1258,31.4157384319,34.3773716866
050-1800605,in-call,119,31.4787145366,34.4454047944
050-8595427,out-call,112,31.4620702612,34.4078180243
050-5742823,in-call,46,31.4305709117,34.3996451139
050-5641790,in-call,1029,31.420842176,34.3851833495
050-5586273,in-call,1337,33.8905721261,35.5171804368
