phone_number,call_type,call_duration,call_location_longitude,call_location_latitude
050-7243924,in-call,2247,31.4152006671,34.3803048558
050-5327531,in-call,3484,31.4459743697,34.4081677221
050-9940458,out-call,91,31.4379140476,34.4182701511
050-5797540,in-call,28,31.4224138864,34.3896079843
050-3950543,in-call,67,31.4972903968,34.4642352014
050-6826597,in-call,415,31.4229072051,34.3989254206
050-2181653,in-call,67,31.4181038814,34.3701679759
050-2564226,in-call,83,31.4445626437,34.4176505246
