phone_number,call_type,call_duration,call_location_longitude,call_location_latitude
050-7942214,in-call,660,31.4431100627,34.4046658562
050-8149934,out-call,3099,31.4594536567,34.4226527168
050-6341793,out-call,1444,31.4831175526,34.4439636443
050-7592886,in-call,643,31.4052650414,34.3646716833
050-2946451,in-call,55,31.44949222,34.3996846193
050-6294040,out-call,3204,31.4453611305,34.3963893491
050-1673676,in-call,60,31.366089428,34.3208361361
050-8420837,in-call,2856,31.4921147672,34.4672942456
050-5696392,in-call,109,31.4780047638,34.4408723436
