phone_number,call_type,call_duration,call_location_longitude,call_location_latitude
050-7043720,out-call,26,31.4651199162,34.4291910496
050-7861907,in-call,2482,31.4324802873,34.4022318141
050-2229907,in-call,2025,31.4477884547,34.4105986949
050-6220648,in-call,69,31.4201783772,34.375055942
050-5771726,in-call,14,31.4187755708,34.3637748274
050-7013946,in-call,2707,31.4572542665,34.4309735695
050-7756810,out-call,3227,31.4406134282,34.4044862853
050-5903838,out-call,100,31.4442626527,34.392014446
