phone_number,call_type,call_duration,call_location_longitude,call_location_latitude
050-5275508,in-call,1212,31.4581857074,34.4113127111
050-1775435,out-call,43,31.4399277887,34.4071960956
050-3064322,in-call,61,31.3937981105,34.3525827776
050-3349845,out-call,3358,31.4510318282,34.4066460528
050-1934165,out-call,2034,31.4273946827,34.4057252289
050-7332753,in-call,93,31.4267636894,34.3871710464
050-6004157,out-call,111,31.4342648549,34.4027848233
