phone_number,call_type,call_duration,call_location_longitude,call_location_latitude
050-9197305,out-call,96,31.4700519807,34.4351081701
050-5078995,out-call,1817,31.4328861356,34.3876112991
050-2539614,in-call,114,31.4349540891,34.3914830583
050-1210539,out-call,2555,31.4400028989,34.4089819393
050-5155507,in-call,2371,31.4538972376,34.4229574525
050-8339276,out-call,94,31.4214415831,34.3939914867
050-9860040,out-call,3307,31.4356666449,34.4057803797
050-5925122,in-call,29,31.4340570747,34.390161321
