phone_number,call_type,call_duration,call_location_longitude,call_location_latitude
050-3101123,in-call,32,31.4541654899,34.4092172491
050-9273128,out-call,63,31.4387908575,34.3851195871
050-2978942,in-call,110,31.4272421503,34.3890920166
050-4097302,in-call,368,31.417912778,34.3635570774
050-4049946,out-call,15,31.4885801661,34.4467548003
