phone_number,call_type,call_duration,call_location_longitude,call_location_latitude
050-2182665,out-call,2935,31.4205192934,34.3502509328
050-9087539,in-call,49,31.4455357167,34.4071272937
050-5505050,in-call,3469,31.4308724599,34.3672467676
050-7612469,in-call,42,33.8857945054,35.508429024
050-2006533,out-call,43,31.4605887191,34.4127252991
050-3458326,out-call,65,33.8830243221,35.5070453942
050-3649275,out-call,2685,31.4517367112,34.4172787689
050-2764480,in-call,224,31.4742197703,34.4179191498
050-4726652,in-call,2783,31.4070023957,34.3828736655
