phone_number,call_type,call_duration,call_location_longitude,call_location_latitude
050-9791619,out-call,1146,31.4437837637,34.4065586363
050-7628495,out-call,838,31.4811783755,34.417782494
050-2349660,in-call,27,31.4599219948,34.4318816621
050-9418941,in-call,19,31.4035875439,34.382009473
050-4617271,in-call,3507,31.4059416306,34.3586718915
050-2224461,in-call,118,31.4570648379,34.400809263
050-6867635,out-call,70,31.4572586852,34.4172349529
050-5832341,in-call,60,31.4435486821,34.422937712
050-8265232,in-call,14,31.4103157265,34.3617762838
