phone_number,call_type,call_duration,call_location_longitude,call_location_latitude
050-5334636,in-call,16,31.425520001,34.3881316451
050-7681596,out-call,1503,31.38096338,34.3455363975
050-9416316,in-call,109,31.4324881574,34.3735311756
050-6069632,in-call,1050,31.4304778976,34.3906873315
050-7925786,out-call,76,31.4090657012,34.3672879213
