phone_number,call_type,call_duration,call_location_longitude,call_location_latitude
050-5483297,in-call,2503,31.4755471706,34.4177675191
050-2354856,out-call,93,31.4358748261,34.4125311682
050-7101498,out-call,86,31.438740402,34.4040087749
050-9236954,out-call,71,31.45480694,34.4109147208
050-5156389,in-call,66,31.4552570095,34.4206161651
050-6803346,out-call,99,31.4587471367,34.4201127711
