phone_number,call_type,call_duration,call_location_longitude,call_location_latitude
050-2469566,in-call,2586,31.4124063416,34.3580280707
050-8976397,in-call,59,31.4459072351,34.3840288579
050-2886906,out-call,62,31.3818173602,34.3348358889
050-6619674,out-call,2590,31.4571179247,34.4134587603
050-4671746,in-call,1671,31.4428448972,34.4009066111
050-4006409,in-call,2910,31.4262603253,34.3848198892
