phone_number,call_type,call_duration,call_location_longitude,call_location_latitude
050-6771200,in-call,116,31.4214036848,34.3804012131
050-5588528,in-call,2776,31.4401326111,34.416086371
050-6071225,in-call,16,31.4383642125,34.3969186265
050-2453164,in-call,1219,31.4260471793,34.3863774138
050-2031497,in-call,37,31.4116503454,34.3809061152
050-2039363,in-call,853,31.4569349155,34.4224684245
