phone_number,call_type,call_duration,call_location_longitude,call_location_latitude
050-3785283,out-call,55,31.414632508,34.3663111261
050-6503254,in-call,637,31.4402127712,34.3904441713
050-4881979,in-call,2731,31.5142128365,34.4768988373
050-2091924,in-call,99,33.8766796011,35.5087658501
050-9130119,in-call,40,33.8808288688,35.5094777063
050-5196717,in-call,26,31.4403411798,34.3873686804
