phone_number,call_type,call_duration,call_location_longitude,call_location_latitude
050-5276864,in-call,89,31.4642337903,34.4274594567
050-9098204,out-call,2663,31.4376597009,34.3879648524
050-9606821,in-call,1947,31.4521231616,34.4220283362
050-1662231,in-call,680,31.5169325413,34.481556834
050-3345370,out-call,47,31.4360212943,34.4101101558
050-9358359,out-call,2400,31.4505162129,34.4125069019
050-4175134,out-call,41,31.4439335543,34.3956709539
050-7694915,out-call,112,31.4847636637,34.4206123737
