phone_number,call_type,call_duration,call_location_longitude,call_location_latitude
050-3325570,out-call,2774,31.439474913,34.3907834261
050-5270648,out-call,369,31.4002308003,34.3619298303
050-1853378,in-call,1770,31.4449704982,34.4014161363
050-8486625,out-call,53,31.4337983902,34.4076154342
050-2514233,in-call,216,31.4934304065,34.4623010377
050-2558627,out-call,31,31.4440495238,34.3953599402
050-2759796,out-call,104,31.4137925244,34.3621945835
050-1948051,out-call,114,33.8870791828,35.5114962775
