phone_number,call_type,call_duration,call_location_longitude,call_location_latitude
050-2755722,in-call,114,31.4111403002,34.3660011899
050-8961764,in-call,2431,33.8868877638,35.5134664469
050-9161960,in-call,1630,31.4667927536,34.4232351637
050-4611164,out-call,2601,33.884762254,35.5107456997
050-9492199,in-call,82,33.8787637724,35.5073378256
050-8271895,out-call,73,33.8904384759,35.5159610619
050-7893396,out-call,1650,31.4088369461,34.3795502184
050-1890265,in-call,3407,31.4318068122,34.3969319562
