phone_number,call_type,call_duration,call_location_longitude,call_location_latitude
050-6400537,in-call,1512,31.4326450252,34.3932483955
050-7349182,out-call,102,33.8881507437,35.5074056957
050-5376237,out-call,96,33.8813244734,35.5158652829
050-5355201,out-call,12,31.4051623138,34.3606539032
050-2833374,in-call,46,33.8826489727,35.5083916914
050-3348442,out-call,30,31.4711673852,34.4284976482
050-1120033,in-call,1463,33.8835655517,35.5076382458
050-2805290,out-call,298,33.8820824458,35.5073970535
