phone_number,call_type,call_duration,call_location_longitude,call_location_latitude
050-6173578,in-call,2203,31.4578668775,34.4337855837
050-1493569,in-call,105,31.441787135,34.3957524883
050-4365176,in-call,1159,31.4188476991,34.3783203898
050-3873147,out-call,1720,31.4780047638,34.4408723436
050-7232070,out-call,2520,31.4334845589,34.4021247816
050-4909962,out-call,245,31.4213882338,34.3903787568
