phone_number,call_type,call_duration,call_location_longitude,call_location_latitude
050-1375183,in-call,3549,31.4621032978,34.4107469333
050-5558349,out-call,1184,33.8874092673,35.5123221469
050-9090542,out-call,52,31.4443224349,34.3985902618
050-6009468,in-call,624,31.4604398787,34.4127605553
050-3493830,out-call,1829,33.8876992061,35.5134621375
