phone_number,call_type,call_duration,call_location_longitude,call_location_latitude
050-4442589,in-call,1411,31.4626901617,34.4177813418
050-1792819,in-call,53,31.4596384891,34.4316162723
050-9152564,in-call,11,31.4464877841,34.4064580124
050-4522969,in-call,1779,31.4992159189,34.4664007531
050-3318339,in-call,19,31.4527262447,34.4082320596
