phone_number,call_type,call_duration,call_location_longitude,call_location_latitude
050-7721615,out-call,416,31.396580204,34.3511668013
050-6349450,out-call,70,31.4298497226,34.3915761836
050-5582929,in-call,312,31.4049423456,34.3667807285
050-5188933,out-call,92,31.4034417494,34.3664339832
050-5995732,out-call,3352,31.4282218816,34.3892822332
050-2130827,in-call,11,31.4487904826,34.4097707052
