phone_number,call_type,call_duration,call_location_longitude,call_location_latitude
050-1087668,out-call,64,31.433898896,34.3829376575
050-2037306,in-call,2073,31.4238229806,34.3767927498
050-1023791,out-call,1441,31.4429672643,34.3973837221
050-2241851,out-call,1130,31.4825724011,34.4458998026
050-3213634,out-call,79,31.4500384634,34.4256397451
050-9217537,in-call,23,31.4234617304,34.3585284665
050-6861432,in-call,111,31.4025016627,34.3529666264
