phone_number,call_type,call_duration,call_location_longitude,call_location_latitude
050-1735101,out-call,36,31.4901932287,34.4461256051
050-7775396,out-call,306,31.388858176,34.3478570535
050-1521693,in-call,53,31.4457712001,34.4029086833
050-1257105,in-call,2923,31.4454240722,34.4014313241
050-8116515,out-call,429,31.3850965983,34.3388208785
