phone_number,call_type,call_duration,call_location_longitude,call_location_latitude
050-8109859,out-call,91,31.4826418734,34.4316061946
050-9901673,in-call,1651,31.4516116737,34.4055049709
050-5928102,out-call,858,31.3782219337,34.3240801861
050-2752065,in-call,1155,31.4110144533,34.363575483
050-5349219,out-call,3105,31.4860272187,34.4439782407
050-4189719,in-call,562,31.4616861046,34.4212227964
050-7099720,in-call,2567,31.4378592843,34.3999394451
050-9030012,in-call,3280,31.4411983104,34.4025881476
