phone_number,call_type,call_duration,call_location_longitude,call_location_latitude
050-6446333,out-call,92,31.4630230497,34.4306332065
050-1340846,out-call,2223,31.4411317502,34.3983054212
050-6008418,out-call,52,33.8915821935,35.5108716439
050-2386806,out-call,96,31.4184770105,34.3789154553
050-5221632,in-call,2209,31.4451198117,34.4034356869
050-1805010,out-call,1927,31.4656830231,34.4344777049
050-7460309,out-call,1428,33.881440706,35.5048454979
050-9595794,out-call,51,31.4112431998,34.3736414699
050-6530037,out-call,59,33.8821585667,35.5146553814
