phone_number,call_type,call_duration,call_location_longitude,call_location_latitude
050-2458604,in-call,1458,31.4221227588,34.3878427824
050-6161972,out-call,43,31.4686631586,34.4422653031
050-9501884,out-call,118,31.4634733517,34.4445198774
050-4469641,out-call,934,31.4365251308,34.415770289
050-9213582,in-call,107,31.4437286063,34.3984934263
050-9561790,out-call,74,31.4145216839,34.3555687883
050-5315505,out-call,1503,31.4993005779,34.4556643305
050-9856727,out-call,1417,31.4291569326,34.3755641524
