phone_number,call_type,call_duration,call_location_longitude,call_location_latitude
050-7453603,in-call,2075,31.4486211199,34.4065354643
050-8000174,out-call,78,31.4132295664,34.3670202279
050-4372844,in-call,77,31.4373989599,34.3890011431
050-2211794,in-call,665,31.4083594896,34.3702222622
050-8711286,in-call,2113,31.4394955763,34.3995471873
