phone_number,call_type,call_duration,call_location_longitude,call_location_latitude
050-6155169,out-call,34,31.453211533,34.4392896706
050-4515617,out-call,1888,31.502199269,34.4577346331
050-3652036,out-call,1627,31.4451212938,34.3976227287
050-4411497,out-call,2400,31.4235892144,34.3853808999
050-4769080,out-call,95,31.4520621626,34.4176195643
050-9911304,out-call,93,31.4544788482,34.4050579782
050-8186098,out-call,1039,31.4250916043,34.3919194569
050-5487367,in-call,80,31.4427036499,34.4056898089
050-5331651,out-call,43,31.4549676901,34.4184944244
