phone_number,call_type,call_duration,call_location_longitude,call_location_latitude
050-3889834,out-call,112,31.4731088201,34.4366516338
050-3877558,in-call,92,31.4298925497,34.3819015282
050-2903766,in-call,2486,31.4523144141,34.4175388235
050-6686789,in-call,1186,31.4305709117,34.3996451139
050-4970776,in-call,112,31.4375535653,34.3912321055
050-7819888,out-call,2107,31.4305709117,34.3996451139
050-3722277,in-call,102,31.4420763246,34.383566325
050-9787114,out-call,565,31.4263390802,34.3940762208
