phone_number,call_type,call_duration,call_location_longitude,call_location_latitude
050-3307528,out-call,3169,33.8865915276,35.5110421722
050-3479428,out-call,3030,31.4712066362,34.4386165414
050-1788123,out-call,2663,31.4481142772,34.4021974546
050-8693012,in-call,57,31.4708618725,34.431135406
050-4449863,out-call,108,31.38803577,34.3512235127
050-2050043,out-call,2817,31.4708688293,34.4311781285
050-3881411,out-call,49,31.4205668303,34.3710917877
050-8327119,out-call,2696,33.890597745,35.5184740731
050-5710739,in-call,535,33.8850486887,35.5074336775
