phone_number,call_type,call_duration,call_location_longitude,call_location_latitude
050-5936066,in-call,100,33.8854468981,35.5039906601
050-4351473,out-call,57,33.8821381515,35.5100578166
050-4533159,in-call,3225,31.4494604386,34.4097353662
050-5504967,out-call,1911,33.8885680355,35.5124725346
050-9648700,out-call,2125,31.4199972597,34.378842958
050-8053372,out-call,86,31.4687862086,34.4169356528
050-3868330,out-call,1486,33.8857330764,35.5098338149
050-9979183,out-call,87,33.8823069246,35.5090413824
