phone_number,call_type,call_duration,call_location_longitude,call_location_latitude
050-3947859,out-call,83,33.8767354089,35.5110744483
050-6984444,in-call,100,33.8820216673,35.5091148976
050-9843517,in-call,287,31.4591761779,34.423550034
050-2782202,in-call,156,33.8827857537,35.5031439422
050-6191152,out-call,1386,33.8845067618,35.5084162494
