phone_number,call_type,call_duration,call_location_longitude,call_location_latitude
050-1688695,in-call,55,31.4741853861,34.4360279815
050-3879758,in-call,96,31.438888346,34.4051534859
050-8445463,in-call,1776,31.4583719249,34.4140684831
050-6589039,in-call,82,31.4524018994,34.4149282251
050-8335819,out-call,660,31.4388351688,34.3997978812
