phone_number,call_type,call_duration,call_location_longitude,call_location_latitude
050-6906540,out-call,53,31.4110144533,34.363575483
050-4731453,in-call,701,31.4029880765,34.3710722808
050-7954728,out-call,120,33.887947946,35.5089035733
050-4709182,in-call,534,33.879623883,35.5061505227
050-7305003,out-call,3127,31.433598661,34.3940645844
050-6613024,in-call,32,31.4642713346,34.4280154444
050-8040964,out-call,138,31.4279350235,34.3958794586
