phone_number,call_type,call_duration,call_location_longitude,call_location_latitude
050-4394061,out-call,76,31.4692186958,34.4180319993
050-8943937,in-call,87,31.4222854,34.3767535833
050-3893740,out-call,2475,31.4330463428,34.3902271458
050-3677381,out-call,29,31.4891787859,34.4628189921
050-1631075,out-call,1379,31.4489368049,34.404651655
050-3354355,in-call,103,31.4494767874,34.4046576052
050-8165443,out-call,2590,31.4306595585,34.3947454446
050-8255090,in-call,22,31.4814748302,34.4463224971
050-9563225,in-call,2059,31.4639287546,34.4120922926
