phone_number,call_type,call_duration,call_location_longitude,call_location_latitude
050-6228166,out-call,3344,31.4355206514,34.4000629467
050-8210660,out-call,74,31.4515188748,34.4172899025
050-7896117,out-call,78,31.4506786556,34.4294281011
050-1866448,out-call,157,31.435314252,34.4006599878
050-9112799,in-call,73,31.4494589677,34.4043679662
050-4224272,out-call,67,31.4160841427,34.3794439578
050-3990016,in-call,2891,31.4380028213,34.3900587707
050-9102107,in-call,38,31.431441704,34.4004387321
