phone_number,call_type,call_duration,call_location_longitude,call_location_latitude
050-8678858,out-call,950,31.4319984464,34.3887317587
050-6074355,out-call,26,31.4201198402,34.3693389358
050-8084747,in-call,1632,31.4296396043,34.4109367272
050-8467626,out-call,2633,31.455268402,34.3959240507
050-9277380,out-call,116,31.4282218816,34.3892822332
050-3375113,out-call,83,31.4449242082,34.4190590206
050-7305772,out-call,3581,31.4411680987,34.4065637747
050-9149676,out-call,2209,31.4327812151,34.3935540497
