phone_number,call_type,call_duration,call_location_longitude,call_location_latitude
050-7800996,out-call,1529,31.4224649721,34.3859290958
050-4309926,out-call,1256,31.4392111345,34.405490367
050-9247481,in-call,53,31.4558338928,34.4303555988
050-8863040,in-call,1623,31.4481142772,34.4021974546
050-3759695,in-call,3219,31.4257558252,34.3906862008
050-9312267,out-call,20,31.4542336354,34.4038535911
050-2817763,out-call,68,31.4740001914,34.4285799646
050-1258538,in-call,1340,31.4206986855,34.3912090459
