phone_number,call_type,call_duration,call_location_longitude,call_location_latitude
050-1303714,out-call,100,31.4145216839,34.3555687883
050-1458182,in-call,2298,33.8802702306,35.5071245186
050-6916361,in-call,91,33.8805035297,35.5087501327
050-9805308,in-call,163,31.4222725011,34.3808361728
050-4593089,out-call,112,31.3962330891,34.3481215967
050-3504545,out-call,28,31.4173826818,34.3727722303
050-4425152,in-call,54,31.3855480032,34.3498910919
050-4706389,in-call,2951,31.4720918157,34.4320823747
050-3317888,in-call,721,31.4403694451,34.4031512674
