phone_number,call_type,call_duration,call_location_longitude,call_location_latitude
050-3074304,out-call,643,31.3933720814,34.3520948464
050-3912406,out-call,39,31.4466875337,34.4266326212
050-2113580,in-call,47,31.4467583256,34.4020658637
050-8579737,out-call,47,31.4412572679,34.4023238055
050-7370109,out-call,2715,31.457351292,34.4043478359
050-3339107,in-call,168,31.4124251745,34.3835488825
050-7275561,out-call,37,31.4596941795,34.4267528937
