phone_number,call_type,call_duration,call_location_longitude,call_location_latitude
050-7546015,in-call,96,31.4643472698,34.4261565983
050-6662097,in-call,113,31.4325905772,34.3923486412
050-6577270,out-call,638,31.461319768,34.4106628276
050-3578552,in-call,98,31.441776645,34.3955158486
050-7012032,out-call,733,31.4088148333,34.3613396016
050-4942933,in-call,3072,31.3664608366,34.3142130868
050-3739454,out-call,118,31.4156336029,34.3823877206
050-6943065,out-call,27,31.4736049155,34.4283306778
