phone_number,call_type,call_duration,call_location_longitude,call_location_latitude
050-4174714,out-call,70,31.4272074297,34.3717196806
050-5654132,in-call,75,31.4257257171,34.3880273677
050-2627947,out-call,3485,31.3952586154,34.34648793
050-8156690,in-call,2398,31.4855329928,34.4467328414
050-3485117,in-call,2528,31.4054746487,34.3623875334
050-9404468,out-call,260,31.4194941158,34.3885799223
050-5129349,out-call,3247,31.4512788511,34.4205769266
050-5273639,in-call,2671,31.4548860366,34.4160087076
050-4743814,out-call,76,31.4199610808,34.3681129277
