phone_number,call_type,call_duration,call_location_longitude,call_location_latitude
050-5955788,out-call,619,31.416003025,34.37539865
050-2443393,out-call,3235,31.4183851807,34.39606715
050-3666994,out-call,24,31.4783348,34.452492367
050-9514651,out-call,102,31.4455254715,34.410794932
050-9319364,out-call,83,31.4641006579,34.413552679
050-7494092,in-call,574,33.8852840019,35.5084930521
