phone_number,call_type,call_duration,call_location_longitude,call_location_latitude
050-1635601,out-call,41,31.4822142346,34.4685221475
050-3926218,in-call,2371,31.4032382263,34.3645998476
050-9849188,out-call,3195,31.4752005498,34.4380540051
050-8920159,in-call,832,31.4295461963,34.3946914373
050-3072950,in-call,86,31.4237625044,34.3916041186
050-8023648,out-call,1302,31.4383642125,34.3969186265
050-3693038,in-call,3595,31.4087670165,34.380272809
