phone_number,call_type,call_duration,call_location_longitude,call_location_latitude
050-5430583,in-call,1597,31.4223743137,34.3759608843
050-4230647,in-call,2844,31.4343411187,34.3998402603
050-1819953,out-call,112,31.4561445102,34.417527868
050-8579356,in-call,64,31.4552804502,34.4307893871
050-6030788,in-call,1072,31.4409706744,34.3962708468
050-9861974,in-call,3047,31.447934125,34.4195732097
050-4444458,in-call,115,31.4378685156,34.405639226
050-7881580,out-call,1432,31.4998393831,34.4718632111
050-3129589,in-call,74,31.4458604296,34.4052658995
