phone_number,call_type,call_duration,call_location_longitude,call_location_latitude
050-8306749,out-call,44,31.380981283,34.3465833197
050-9736889,in-call,79,31.4342898781,34.3929952349
050-2454685,out-call,106,31.4257266534,34.3972883333
050-6578280,out-call,1256,31.4242052178,34.3866450963
050-5309033,in-call,743,31.4648405855,34.4164125735
