phone_number,call_type,call_duration,call_location_longitude,call_location_latitude
050-7170204,out-call,2288,31.4477388543,34.4171926411
050-4549485,out-call,109,31.4214576861,34.3757450238
050-6727360,out-call,2435,31.4088838203,34.362755159
050-6945388,out-call,51,31.4674461087,34.4243418579
050-5361003,out-call,31,31.4191039696,34.3648194551
050-5691858,in-call,10,31.4171004491,34.3518941646
050-7159434,in-call,2432,31.4542974773,34.4114383169
050-5970620,out-call,882,31.4398265779,34.4091883522
