phone_number,call_type,call_duration,call_location_longitude,call_location_latitude
050-4865844,out-call,3112,31.4594783727,34.4168733462
050-6882131,out-call,29,31.4162726961,34.3803723592
050-8059534,out-call,107,31.4442239158,34.3927388396
050-7906381,out-call,1703,31.4239670493,34.3666885851
050-3859398,out-call,3315,31.4122148798,34.3712563911
