phone_number,call_type,call_duration,call_location_longitude,call_location_latitude
050-4112401,in-call,1098,31.4268465031,34.3814192564
050-7244782,out-call,66,31.4481735106,34.41838981
050-2516090,out-call,1240,31.4271230476,34.369059188
050-4932450,in-call,54,31.4659407276,34.4236115137
050-8316746,out-call,501,31.4551669659,34.4105403528
050-8967790,out-call,80,31.4476725772,34.4056346551
050-9943450,in-call,64,31.4475149552,34.4078233351
050-4286326,out-call,26,31.4534145374,34.4092325695
050-2399951,out-call,89,31.4847636637,34.4206123737
