phone_number,call_type,call_duration,call_location_longitude,call_location_latitude
050-7372189,out-call,2146,31.4128067383,34.3657617229
050-4348710,in-call,874,31.4653839211,34.4218746673
050-9632287,out-call,1644,31.4299670662,34.4063087764
050-7549289,out-call,115,31.4626853055,34.4256274185
050-9854197,out-call,2628,31.4678549562,34.434978312
