phone_number,call_type,call_duration,call_location_longitude,call_location_latitude
050-9230805,in-call,21,31.4576954998,34.4299993101
050-9276183,out-call,49,31.4278801466,34.3987717094
050-8397604,out-call,1800,31.4358077203,34.3914843074
050-5279178,in-call,1239,31.4648538632,34.423398218
050-5361410,out-call,2294,31.4218094375,34.3818214805
050-8212036,in-call,2444,31.4224795462,34.3932025883
