phone_number,call_type,call_duration,call_location_longitude,call_location_latitude
050-5082173,out-call,97,33.8867987435,35.5099010903
050-4068947,in-call,47,31.4264948783,34.4042471736
050-1739067,out-call,58,33.8830354614,35.508111009
050-2853188,out-call,100,31.4634407655,34.4184415422
050-8901759,out-call,32,33.8808363235,35.515197046
050-9567329,out-call,19,33.8900334541,35.514692089
050-8999441,out-call,2073,31.4286433844,34.3813023948
