phone_number,call_type,call_duration,call_location_longitude,call_location_latitude
050-9413403,in-call,2150,31.4175286109,34.3602597819
050-5287498,out-call,84,31.4467882859,34.4048557861
050-1150438,in-call,1643,31.4436730282,34.4061231517
050-4203984,out-call,116,31.4468885197,34.4187876104
050-4737924,out-call,964,31.4548154966,34.4252026805
