phone_number,call_type,call_duration,call_location_longitude,call_location_latitude
050-9288791,out-call,61,31.4454278988,34.4010348905
050-8720553,out-call,1288,31.4201783772,34.375055942
050-5745605,out-call,1998,31.3977731824,34.3417597618
050-2074292,out-call,91,31.4218094375,34.3818214805
050-1625175,out-call,3009,31.4405778511,34.3902130488
