phone_number,call_type,call_duration,call_location_longitude,call_location_latitude
050-1695415,in-call,35,31.4455357167,34.4071272937
050-2292115,out-call,811,31.4307535441,34.3897660692
050-9948969,in-call,102,31.4306116973,34.3805893689
050-4541709,in-call,84,31.4224901731,34.3897167636
050-5252488,out-call,115,31.4633337652,34.4196005371
