phone_number,call_type,call_duration,call_location_longitude,call_location_latitude
050-3055345,in-call,1409,31.4469871941,34.3915038797
050-9855256,in-call,96,31.4534037485,34.4232154473
050-1724800,out-call,1302,31.4573446392,34.4169427365
050-3957052,out-call,2091,31.4379362904,34.3912342793
050-4160133,out-call,1500,31.4401244126,34.4197077354
050-3351671,in-call,283,31.4393985654,34.3801905548
