phone_number,call_type,call_duration,call_location_longitude,call_location_latitude
050-1980414,in-call,2410,31.4224145964,34.3754983399
050-1227768,out-call,3309,31.4451872998,34.397395527
050-6762330,in-call,78,31.4394387337,34.387740078
050-1185899,in-call,1580,31.477471387,34.4301232112
050-6552021,in-call,71,31.4224145964,34.3754983399
