phone_number,call_type,call_duration,call_location_longitude,call_location_latitude
050-8768862,out-call,84,33.8798062621,35.508832513
050-8821598,out-call,34,33.8832956169,35.5039224894
050-5145545,in-call,11,33.8849929471,35.512260801
050-4520407,out-call,149,31.4440444938,34.4005803639
050-6508561,out-call,2262,31.46743341,34.4341765242
