phone_number,call_type,call_duration,call_location_longitude,call_location_latitude
050-3306174,in-call,28,31.4229654148,34.382763868
050-2022574,out-call,104,31.4528796129,34.4204734736
050-6849344,in-call,87,31.4068859347,34.3546013637
050-3334024,in-call,2038,31.394553714,34.351626202
050-6144821,in-call,51,31.4599066813,34.3981917651
050-5854739,out-call,69,31.4220462805,34.3741242576
050-1758262,out-call,2670,31.4069858347,34.3668786234
050-8450968,in-call,30,31.464565257,34.4148822912
050-1234978,in-call,19,31.4175865607,34.3791507092
