phone_number,call_type,call_duration,call_location_longitude,call_location_latitude
050-3060140,in-call,73,31.3975800438,34.3626425445
050-8854924,in-call,725,31.4276037023,34.3827436367
050-2123142,out-call,1326,31.4419559974,34.3993304298
050-9078360,out-call,107,31.4883806051,34.4350898938
050-5446732,out-call,616,31.4178056991,34.3884559182
050-9117135,in-call,54,31.4378217347,34.3978360246
