phone_number,call_type,call_duration,call_location_longitude,call_location_latitude
050-6131300,in-call,93,31.4657560496,34.4201861507
050-2839201,in-call,41,31.4145216839,34.3555687883
050-9048785,out-call,74,31.4698377819,34.4233892046
050-6661348,in-call,38,31.4524964991,34.4041675235
050-5827109,out-call,1119,31.3912179258,34.3657536814
