phone_number,call_type,call_duration,call_location_longitude,call_location_latitude
050-8966327,in-call,1284,31.4206976204,34.3885755086
050-3979573,in-call,32,31.3968456653,34.3635170301
050-1391542,in-call,76,31.4864361791,34.4313791778
050-8481334,in-call,105,31.4552095471,34.4198362373
050-8242362,out-call,72,31.4386588765,34.3857056722
050-8024909,out-call,114,31.4907060418,34.4401302017
