phone_number,call_type,call_duration,call_location_longitude,call_location_latitude
050-1563947,in-call,2667,33.8779898906,35.510999242
050-6074424,out-call,2865,31.4450774761,34.3982742159
050-4249640,out-call,25,31.4094635531,34.3620952235
050-4699505,out-call,10,31.4159823741,34.3654497257
050-7581041,in-call,60,31.4370865375,34.3890681433
050-7151296,in-call,368,31.4755471706,34.4177675191
050-6053174,out-call,99,31.4752005498,34.4380540051
050-8714700,in-call,106,33.8831647047,35.5092915815
