phone_number,call_type,call_duration,call_location_longitude,call_location_latitude
050-5458087,in-call,2074,31.4519493249,34.3966629665
050-1015923,out-call,84,31.4827020764,34.4558619242
050-9486246,out-call,108,31.4570275842,34.4064342148
050-6015550,out-call,98,31.4355452759,34.3938635884
050-1894069,in-call,35,31.4591538926,34.4429031917
