phone_number,call_type,call_duration,call_location_longitude,call_location_latitude
050-5727012,out-call,66,31.4358133346,34.3958881759
050-2130000,out-call,2716,31.4448252445,34.3881305551
050-5683946,in-call,37,31.4463116306,34.4048355144
050-4357730,out-call,94,31.4126341261,34.3745111851
050-1124171,out-call,3132,31.492461029,34.4476386687
050-1053154,in-call,2649,31.479102697,34.4356229667
050-2839657,in-call,2953,31.4702395418,34.4153297242
050-6328892,out-call,10,31.4695815259,34.4300730566
050-4907474,in-call,56,33.8754773642,35.500808077
