phone_number,call_type,call_duration,call_location_longitude,call_location_latitude
050-9763127,out-call,1501,31.4510515128,34.4035904931
050-5378630,in-call,167,33.8841076429,35.5096704431
050-4863413,in-call,17,31.4903125065,34.4541194089
050-3809406,out-call,3263,33.8819719811,35.5086160824
050-2911858,out-call,93,33.887353303,35.509525914
050-2839190,in-call,2991,33.8786942049,35.5147201178
050-9946114,out-call,1033,31.4475735845,34.4169435467
