phone_number,call_type,call_duration,call_location_longitude,call_location_latitude
050-5496565,in-call,54,31.4087670165,34.380272809
050-5196268,out-call,11,31.416707717,34.3980517869
050-5575172,out-call,3499,31.4413567477,34.3866390745
050-5842896,in-call,2337,31.4083143427,34.3659699763
050-6565499,in-call,71,31.4731554106,34.4204623091
050-2027085,out-call,1387,31.3854775533,34.3489961196
050-5714982,in-call,2415,31.4383029642,34.3851326534
050-8388956,out-call,2399,31.4367757088,34.3952662535
050-6860756,out-call,57,31.454958095,34.4029520036
