phone_number,call_type,call_duration,call_location_longitude,call_location_latitude
050-5392789,out-call,1948,31.4149407281,34.3895839884
050-1970680,in-call,110,31.4508077812,34.4085697056
050-1637084,out-call,35,31.4450778482,34.410562078
050-6366591,in-call,107,31.4161864927,34.3796728554
050-4777166,in-call,605,31.452924211,34.4187504581
050-2874586,in-call,85,31.4454767953,34.4268658992
050-5063129,out-call,3570,33.8862467561,35.5117133201
050-9018896,out-call,2949,33.8878624655,35.5139756514
050-7550540,out-call,2636,31.4640593376,34.4221472444
