phone_number,call_type,call_duration,call_location_longitude,call_location_latitude
050-5929441,in-call,112,33.8799019041,35.5094399689
050-4051026,in-call,120,31.4429222684,34.3961059878
050-7466701,out-call,76,31.439474913,34.3907834261
050-3754070,out-call,75,33.8836436214,35.5100952765
050-6008787,out-call,2156,31.4428225183,34.4056412477
050-5218144,in-call,55,31.4384499293,34.4120289351
050-1826814,in-call,86,33.8809709123,35.5127373555
050-2868331,out-call,68,31.3964097436,34.3651422961
