phone_number,call_type,call_duration,call_location_longitude,call_location_latitude
050-7587064,out-call,88,31.4386962461,34.383038054
050-3386883,in-call,51,31.4406453324,34.4027644669
050-9055268,out-call,60,31.4140418764,34.367672555
050-9828856,in-call,3371,31.4152639358,34.3835245735
050-2321108,in-call,47,31.3926238031,34.3366872326
050-3013946,in-call,430,31.4203147689,34.3726438027
050-5628078,out-call,42,31.4784436679,34.434424785
050-7825404,out-call,2280,31.4459446909,34.4200683898
