phone_number,call_type,call_duration,call_location_longitude,call_location_latitude
050-1898303,in-call,37,31.4110112656,34.3634655222
050-2891359,out-call,789,31.4686631586,34.4422653031
050-3147849,out-call,108,31.4513088811,34.3992472745
050-7594900,in-call,382,31.4358748261,34.4125311682
050-7682172,out-call,446,31.4029125817,34.3668423701
050-2327807,in-call,149,31.4307931458,34.3925449471
050-3232896,in-call,504,31.422179156,34.3711601057
050-7281216,in-call,26,31.367841903,34.3111029021
050-3118068,out-call,23,31.4256837943,34.384225745
