phone_number,call_type,call_duration,call_location_longitude,call_location_latitude
050-3491013,out-call,2176,33.8849007466,35.5113515285
050-6767486,in-call,107,31.4239480826,34.3975110508
050-4265279,in-call,2336,31.434851058,34.401840819
050-3458495,out-call,637,31.4112431998,34.3736414699
050-1359196,out-call,52,33.879769269,35.5095701734
050-5730268,in-call,63,33.8842120231,35.505658171
050-3497516,out-call,3461,31.4960760201,34.4680486284
050-4630133,out-call,2514,31.4669170826,34.4075971412
050-4016868,out-call,2618,31.4379140476,34.4182701511
