phone_number,call_type,call_duration,call_location_longitude,call_location_latitude
050-4778219,out-call,110,31.4967405151,34.4794544565
050-3692563,out-call,2035,31.4503188844,34.4160582256
050-8572242,in-call,2443,31.3869009069,34.3495605609
050-2200946,in-call,1464,31.3740420715,34.3381183071
050-8045722,out-call,1479,31.4737742548,34.430488006
050-4344702,out-call,86,31.4033727763,34.3606861736
050-4752572,out-call,94,31.4442214884,34.390785271
050-9776639,in-call,104,31.4708337206,34.4475910324
050-7902119,out-call,495,31.4805570361,34.4649692253
