phone_number,call_type,call_duration,call_location_longitude,call_location_latitude
050-2525989,in-call,1587,33.8810553436,35.5136728426
050-9113363,in-call,3210,31.4613897973,34.4112839788
050-9675184,out-call,50,31.3793074887,34.3571295214
050-5243303,out-call,55,33.8878099495,35.5129311463
050-5113113,in-call,1434,31.4567776761,34.4261164469
050-6747931,in-call,68,33.8830839155,35.5139410138
