phone_number,call_type,call_duration,call_location_longitude,call_location_latitude
050-3209868,out-call,973,31.4463279226,34.4098314754
050-9921940,in-call,2953,31.4593979787,34.4388007608
050-3608385,in-call,1614,31.4785504279,34.4440227161
050-1784277,in-call,57,31.4129763038,34.3628783718
050-9199730,out-call,35,31.4928659062,34.4602351335
050-7396884,in-call,1257,31.4551675619,34.4052818754
050-7149720,out-call,27,31.4066427554,34.3589583638
