phone_number,call_type,call_duration,call_location_longitude,call_location_latitude
050-2643935,in-call,3543,31.4016768079,34.3581777346
050-6325361,in-call,1232,31.4497479831,34.402195955
050-5169859,in-call,3232,31.4183728483,34.3784293059
050-4284076,out-call,1946,31.4032086152,34.3437756742
050-7282070,in-call,627,31.400785234,34.3652361802
050-6820697,out-call,51,31.422458934,34.395361744
