phone_number,call_type,call_duration,call_location_longitude,call_location_latitude
050-1856379,out-call,74,31.432002107,34.4009144967
050-2353645,in-call,3454,31.433539301,34.3999134128
050-6743111,out-call,2641,31.4391334445,34.3958793547
050-1043171,out-call,27,31.4587017149,34.4074920894
050-2965415,in-call,95,31.4428490866,34.4182334342
