phone_number,call_type,call_duration,call_location_longitude,call_location_latitude
050-2202880,out-call,11,31.406368919,34.3784021133
050-9150258,in-call,34,31.4253201147,34.3764497788
050-6248032,out-call,97,31.4636770943,34.4309725566
050-6950563,out-call,120,31.4043448515,34.3466405854
050-3427838,in-call,116,31.4537210826,34.4270311334
050-5129380,out-call,80,31.369906395,34.3354880117
050-9172999,in-call,2493,31.4540439527,34.4275061054
050-9422941,out-call,3411,31.4950776807,34.4594159097
