phone_number,call_type,call_duration,call_location_longitude,call_location_latitude
050-5064546,in-call,650,31.4544788482,34.4050579782
050-2325998,out-call,64,31.4836683674,34.4437697728
050-2983631,in-call,668,31.4327772747,34.3819456079
050-4006582,in-call,20,31.4041786759,34.3623212225
050-1040879,in-call,2067,31.4238349115,34.3708482529
