phone_number,call_type,call_duration,call_location_longitude,call_location_latitude
050-8837528,out-call,81,31.401633228,34.3531323186
050-3137459,in-call,3305,31.4431732625,34.4082325485
050-3857662,out-call,27,31.4107548124,34.3812245468
050-2385407,out-call,70,31.486502466,34.4487973666
050-7369814,out-call,110,31.4091057394,34.3596927651
050-3433168,out-call,338,31.4253599885,34.3936631925
