phone_number,call_type,call_duration,call_location_longitude,call_location_latitude
050-3783627,in-call,1670,31.4199972597,34.378842958
050-9606027,out-call,1581,31.4370865375,34.3890681433
050-1571693,in-call,2937,31.4277973357,34.3866738597
050-1801192,out-call,94,31.4430919949,34.3964477432
050-1575986,in-call,201,31.4331978768,34.4009906179
