phone_number,call_type,call_duration,call_location_longitude,call_location_latitude
050-6415530,in-call,1480,31.4805902591,34.4299099004
050-7543189,out-call,774,31.4499214238,34.4099304286
050-1559180,out-call,500,31.4304665816,34.3958933732
050-1429828,in-call,49,31.4121901591,34.3732011628
050-7547093,in-call,89,31.4356792545,34.3932894233
