phone_number,call_type,call_duration,call_location_longitude,call_location_latitude
050-5319269,out-call,90,31.4740001914,34.4285799646
050-5291886,in-call,25,31.4205623273,34.3887775519
050-1450358,out-call,2705,31.4620702612,34.4078180243
050-1423281,out-call,1562,31.4317806572,34.3910228069
050-1685275,in-call,1805,31.4443224349,34.3985902618
050-9364124,out-call,2292,31.4201670643,34.3786073538
050-4836325,in-call,60,33.8874413079,35.5107186537
