phone_number,call_type,call_duration,call_location_longitude,call_location_latitude
050-2274640,out-call,98,33.8868645025,35.509974481
050-1476932,out-call,61,31.4083885756,34.3647098357
050-1400098,in-call,543,33.8856325456,35.5145340623
050-8635953,out-call,109,31.4240559092,34.3973835304
050-7874915,out-call,369,31.4095121032,34.3657703047
050-5274791,out-call,23,33.8850025846,35.508842024
