phone_number,call_type,call_duration,call_location_longitude,call_location_latitude
050-4303349,in-call,65,31.4486251673,34.4008536609
050-2541888,out-call,3456,31.4206104931,34.396968106
050-4711180,out-call,82,31.4286469416,34.3851516751
050-6637506,in-call,3181,31.4246848769,34.3795008481
050-9160313,in-call,2638,31.4623927335,34.4293034218
050-5395830,out-call,27,31.443263349,34.4067259259
050-5814818,in-call,150,31.4137925244,34.3621945835
