phone_number,call_type,call_duration,call_location_longitude,call_location_latitude
050-6874171,out-call,77,31.4234122993,34.3641210567
050-7573196,in-call,1817,31.4023100295,34.3547119545
050-7940713,in-call,2484,31.4333784235,34.4050302574
050-3863342,out-call,113,31.4634407655,34.4184415422
050-6669332,out-call,27,31.4173360975,34.3703003291
050-4123342,in-call,2483,31.4005062173,34.364346736
050-8763140,in-call,15,31.4792257839,34.4505343919
050-4391651,in-call,28,31.3977731824,34.3417597618
050-3034204,out-call,95,31.4493561606,34.3909553628
