phone_number,call_type,call_duration,call_location_longitude,call_location_latitude
050-1703604,out-call,76,31.4385586147,34.4013063423
050-2293870,out-call,35,31.4780089889,34.4498887137
050-9867894,out-call,19,31.4659624836,34.456701407
050-5365144,in-call,1291,31.4330976581,34.396100542
050-4296523,out-call,2956,31.4561414084,34.401483913
050-2366632,out-call,293,31.4343663329,34.3843970283
050-7753247,in-call,2023,31.4229253291,34.3952799575
