phone_number,call_type,call_duration,call_location_longitude,call_location_latitude
050-4152053,in-call,3109,31.4746984914,34.4189319258
050-7917494,in-call,97,31.4464238979,34.4044111991
050-3212512,out-call,1628,33.8821374684,35.507205454
050-7009221,out-call,1953,31.4302789439,34.3925667387
050-5790966,out-call,59,31.4590759767,34.4167574503
050-2737215,in-call,54,33.8812902013,35.5077030419
050-6778893,in-call,58,31.4132295664,34.3670202279
