phone_number,call_type,call_duration,call_location_longitude,call_location_latitude
050-5656124,in-call,120,31.4139530653,34.3699614359
050-1016825,in-call,97,31.4572569297,34.414972022
050-2530324,out-call,2410,31.4461249291,34.4141422861
050-5550421,out-call,95,31.4397115342,34.400113499
050-9703648,in-call,849,31.441370129,34.3781090394
050-9292230,out-call,1146,31.4588345891,34.4296940714
050-3610672,out-call,117,31.4188476991,34.3783203898
