phone_number,call_type,call_duration,call_location_longitude,call_location_latitude
050-2524823,in-call,102,31.4269019257,34.3783296823
050-3116658,in-call,79,31.4456094271,34.4032753243
050-6986509,out-call,1714,31.4299282388,34.3756737664
050-4663486,in-call,26,31.4450015693,34.3898419531
050-5805747,in-call,50,31.4389148831,34.3994082262
050-5979304,in-call,19,31.4515971663,34.4004830588
050-8064130,out-call,80,31.4256468626,34.4008256557
