phone_number,call_type,call_duration,call_location_longitude,call_location_latitude
050-7391029,in-call,2648,31.4825724011,34.4458998026
050-4489785,in-call,2116,31.4321831172,34.3866337021
050-7802699,out-call,1712,31.471417303,34.419263203
050-6137173,out-call,3469,31.4463790327,34.4106844012
050-6399654,in-call,3465,31.4607006909,34.3941334216
050-1863622,in-call,3151,31.4110144533,34.363575483
050-7765468,out-call,3578,31.4382214021,34.3953804721
