phone_number,call_type,call_duration,call_location_longitude,call_location_latitude
050-7708445,out-call,109,31.4227947028,34.3896396659
050-5870135,in-call,1906,31.4690948284,34.4581059048
050-3924202,out-call,2715,31.442619791,34.3809156927
050-6122447,in-call,89,31.4626222548,34.4219746273
050-4069731,out-call,1570,31.4570648379,34.400809263
050-9641129,out-call,43,31.4435069693,34.401966985
050-8939212,in-call,2904,31.4185385003,34.3684563488
