phone_number,call_type,call_duration,call_location_longitude,call_location_latitude
050-2460807,out-call,32,31.4228155691,34.3914923478
050-1973999,out-call,1131,31.4516288487,34.4162642828
050-7679489,in-call,73,31.4492730365,34.4110924417
050-7582211,out-call,3292,31.486495388,34.440799534
050-3824897,out-call,106,31.4449677277,34.4106497486
050-9956031,in-call,3271,31.4238514094,34.3704657579
050-9823145,out-call,27,31.4360976126,34.3991730018
