phone_number,call_type,call_duration,call_location_longitude,call_location_latitude
050-2658734,in-call,120,31.4856394198,34.4461599097
050-6427407,out-call,44,31.4515688829,34.4212003454
050-1483026,out-call,90,31.4352005479,34.3971917985
050-6606341,out-call,3147,31.4559018365,34.4260621416
050-3476464,in-call,2590,31.3728020044,34.3506215956
050-6082970,out-call,2762,31.447879943,34.4028323583
