phone_number,call_type,call_duration,call_location_longitude,call_location_latitude
050-7627266,out-call,3009,33.8776793711,35.5107900753
050-5888132,out-call,39,33.8811414034,35.5098543735
050-3753511,in-call,100,33.8842845565,35.5083872907
050-6799624,out-call,1526,31.4639377019,34.4189841325
050-3433721,in-call,1030,31.4444207805,34.3862617794
