phone_number,call_type,call_duration,call_location_longitude,call_location_latitude
050-8133032,out-call,91,33.8781470279,35.5065428175
050-2329542,out-call,464,31.4187621272,34.3586306093
050-7372750,out-call,13,31.4659624836,34.456701407
050-2628969,in-call,3136,31.4537893761,34.4269484016
050-1193129,in-call,1800,31.4450381738,34.3996303733
050-6477372,in-call,50,31.4992857007,34.4602892955
050-3502051,in-call,917,33.8893462955,35.5135528923
050-6169301,out-call,1260,31.460846776,34.4412084063
