phone_number,call_type,call_duration,call_location_longitude,call_location_latitude
050-8017542,in-call,29,31.4512733914,34.3995211563
050-1025824,in-call,26,31.4475777552,34.4138436083
050-3453765,out-call,338,31.4229053989,34.3869837473
050-6343546,out-call,557,31.4454973255,34.4208600056
050-7375338,out-call,807,31.4511508007,34.3893135948
050-3513033,in-call,30,31.4196349462,34.3960621077
050-5798867,out-call,2257,31.4692186958,34.4180319993
050-9303703,out-call,36,31.4186676411,34.3810708747
050-9470837,out-call,100,31.4779768163,34.4395831845
