phone_number,call_type,call_duration,call_location_longitude,call_location_latitude
050-6591194,in-call,35,31.4557757682,34.4071682006
050-5747934,in-call,105,33.8867346534,35.5086973063
050-9989495,in-call,2996,31.4484623529,34.4023049679
050-4366157,in-call,2424,31.4127207726,34.3769965571
050-7070086,in-call,14,31.431862044,34.3935332368
050-6875386,out-call,2087,31.3829205169,34.344903651
050-7325110,out-call,919,31.4503903319,34.4021468253
