phone_number,call_type,call_duration,call_location_longitude,call_location_latitude
050-5189413,in-call,105,33.8844005616,35.5086216137
050-4042364,out-call,1629,33.8786812913,35.5070352604
050-1998281,in-call,795,31.4561857322,34.4165178031
050-7756882,out-call,3166,31.4136011699,34.3803981564
050-1191997,out-call,116,31.4470651813,34.4117048608
