phone_number,call_type,call_duration,call_location_longitude,call_location_latitude
050-9106883,in-call,802,31.4954819262,34.433773377
050-3286022,out-call,1247,31.4264948783,34.4042471736
050-7544656,out-call,1429,31.4232698948,34.4015416209
050-7925766,in-call,718,31.3971076322,34.3453284886
050-5262297,out-call,686,31.4440813955,34.4095535615
050-5996496,in-call,2995,31.4694366196,34.4314182352
050-9710327,in-call,64,31.4123664628,34.3449315632
050-6642927,out-call,1765,31.4329777039,34.4007417034
050-2819375,in-call,2022,31.4078095207,34.3711466239
