phone_number,call_type,call_duration,call_location_longitude,call_location_latitude
050-6109987,in-call,82,31.4527549461,34.3909074981
050-7737074,out-call,1870,31.457874155,34.4172925134
050-9255505,out-call,102,31.4443108883,34.4018800595
050-5115793,out-call,2236,31.4420814224,34.4091293738
050-4073007,out-call,1270,31.4373823804,34.4076994965
050-8953859,out-call,371,31.4361346216,34.3839157077
050-4623055,in-call,3337,31.4034328142,34.3598512029
