phone_number,call_type,call_duration,call_location_longitude,call_location_latitude
050-5128710,in-call,881,31.4714116217,34.4458732949
050-4204281,in-call,86,31.4590855601,34.4146579872
050-8850651,in-call,621,31.4944949542,34.4542667219
050-4103657,in-call,2242,31.441839075,34.3949833466
050-2097461,out-call,106,31.4632078222,34.4246070322
050-9651867,out-call,119,31.4949172147,34.4471327974
