phone_number,call_type,call_duration,call_location_longitude,call_location_latitude
050-4619580,in-call,2490,31.4484394516,34.4228459846
050-3082684,out-call,26,31.441119492,34.3964860346
050-1244823,out-call,1880,31.4145216839,34.3555687883
050-2420810,in-call,542,31.4468006537,34.4090251396
050-4015475,in-call,42,31.456208774,34.4190897544
050-5596900,in-call,2481,31.3734204183,34.3336539471
050-3233523,in-call,35,31.4528136399,34.4250293219
050-4479176,in-call,90,31.406590157,34.3701912441
050-6605677,in-call,98,31.4576110251,34.4127964264
