phone_number,call_type,call_duration,call_location_longitude,call_location_latitude
050-7858256,in-call,11,31.3964097436,34.3651422961
050-2101423,in-call,1749,31.458167403,34.4282978539
050-7757302,in-call,675,33.8785106396,35.5091661543
050-7590022,in-call,1111,31.4506111437,34.4215857878
050-3625760,out-call,264,31.4469437083,34.394191048
