phone_number,call_type,call_duration,call_location_longitude,call_location_latitude
050-8545555,in-call,13,31.439522431,34.3957356996
050-1088519,out-call,103,31.4125142848,34.3686799094
050-6922159,in-call,1148,31.3939883561,34.3315123609
050-9727844,out-call,119,31.4559018365,34.4260621416
050-5146811,in-call,27,31.4592813844,34.422422212
050-6055704,out-call,2434,31.4227936723,34.3929658883
