phone_number,call_type,call_duration,call_location_longitude,call_location_latitude
050-7385446,out-call,15,31.4325040596,34.3940605715
050-6057231,in-call,43,31.3899861446,34.341880135
050-1753875,in-call,2147,31.4450774761,34.3982742159
050-8106736,in-call,19,31.4571973468,34.4229122404
050-6409516,in-call,197,31.435942025,34.3961069789
050-1698289,out-call,14,31.4154146465,34.3774340572
