phone_number,call_type,call_duration,call_location_longitude,call_location_latitude
050-5904135,in-call,93,31.4454973255,34.4208600056
050-3784383,in-call,2742,31.4324549593,34.4032303179
050-2504337,in-call,1283,31.4202510032,34.3612600814
050-9117964,in-call,1496,31.4860248081,34.4483147862
050-6795323,in-call,1954,31.4452174311,34.3956354127
050-2217436,out-call,572,31.4006742524,34.3559807709
