phone_number,call_type,call_duration,call_location_longitude,call_location_latitude
050-8285445,in-call,703,31.4197441654,34.3689125623
050-7150048,out-call,46,31.4468500065,34.4033766702
050-2751115,in-call,1300,31.4068844811,34.3739115889
050-5680977,out-call,2687,31.4316618871,34.398966294
050-5714871,in-call,44,31.4235502878,34.3929326651
