phone_number,call_type,call_duration,call_location_longitude,call_location_latitude
050-5895182,in-call,86,31.4565726052,34.4041440784
050-5710857,out-call,80,31.4481825713,34.4052595804
050-2793255,in-call,92,31.4496953292,34.3978478977
050-1631327,in-call,62,31.4233980838,34.3818601745
050-3680511,in-call,1599,31.4069063046,34.3637614618
050-2649095,in-call,1689,31.4988928295,34.4594361682
