phone_number,call_type,call_duration,call_location_longitude,call_location_latitude
050-3230302,out-call,79,31.4768443568,34.4459925553
050-4822035,in-call,112,31.4242988759,34.3738463161
050-3981190,out-call,88,31.4176362976,34.3889558843
050-9242326,in-call,44,31.4343368856,34.3849655738
050-1497291,in-call,33,31.4467583256,34.4020658637
050-5363403,in-call,3431,31.4436798951,34.4389893188
050-2237855,in-call,55,31.4343411187,34.3998402603
050-4159129,out-call,109,31.4403943735,34.4067084658
050-5760264,out-call,284,31.4413754508,34.4112085382
