phone_number,call_type,call_duration,call_location_longitude,call_location_latitude
050-5057455,in-call,3509,31.4257507345,34.3788097247
050-2442932,in-call,163,31.4105873332,34.3800194114
050-5462842,in-call,95,31.4843975827,34.4381730175
050-7504718,out-call,101,31.4325905772,34.3923486412
050-7460228,in-call,114,31.4368306791,34.3953396487
050-3800601,out-call,1458,31.4734522149,34.4317518266
