phone_number,call_type,call_duration,call_location_longitude,call_location_latitude
050-2744369,in-call,39,31.4241705006,34.385947926
050-7024044,in-call,2932,31.4379362904,34.3912342793
050-6359369,in-call,100,31.4337066543,34.3898289074
050-8080500,out-call,59,31.4583716003,34.4085348484
050-4399220,out-call,3108,31.3872411938,34.3453027767
