phone_number,call_type,call_duration,call_location_longitude,call_location_latitude
050-3783978,in-call,27,31.4646462352,34.4320979474
050-6440456,in-call,833,33.8812144469,35.5096388677
050-9248501,out-call,1038,33.8819205996,35.5059698639
050-6959809,in-call,119,33.8842496554,35.5044905504
050-2898034,out-call,83,33.8767716771,35.510196762
050-6089585,out-call,75,31.4357181298,34.3918931667
050-3770445,in-call,48,33.8876314907,35.5143020934
