phone_number,call_type,call_duration,call_location_longitude,call_location_latitude
050-4001133,out-call,1158,31.3983234014,34.3549914639
050-5123309,in-call,571,31.4455808125,34.4293663345
050-1249789,in-call,1739,31.4348672707,34.4139604682
050-6388733,in-call,2942,31.433495591,34.4003410207
050-5506057,in-call,29,31.4961580069,34.4615880702
