phone_number,call_type,call_duration,call_location_longitude,call_location_latitude
050-3605157,out-call,1889,31.4356716877,34.3945859225
050-8063359,in-call,3353,31.4015789944,34.3597658371
050-1906532,in-call,73,31.4629943462,34.4323255505
050-1957078,in-call,66,31.4123855949,34.3610706306
050-8227298,out-call,616,31.4409047843,34.4114607801
050-2511117,out-call,3003,31.4387242416,34.4174758916
050-9104373,out-call,1636,31.4337008006,34.3791209611
