phone_number,call_type,call_duration,call_location_longitude,call_location_latitude
050-9242018,in-call,114,31.4468500065,34.4033766702
050-3133456,in-call,61,31.4379140476,34.4182701511
050-8097846,out-call,2081,31.4391859424,34.3918200671
050-4732387,in-call,29,31.4198655061,34.3777164952
050-1144365,in-call,1133,31.4271888207,34.383848149
