phone_number,call_type,call_duration,call_location_longitude,call_location_latitude
050-9938123,in-call,3159,31.3976659409,34.3526161797
050-3469579,in-call,2849,31.4463055876,34.4040787347
050-1949106,out-call,93,31.474946417,34.4289388295
050-3545668,in-call,593,31.424939294,34.3820168042
050-8621775,out-call,598,31.4780047638,34.4408723436
050-6233027,in-call,541,31.4481126199,34.4062708303
050-1739579,in-call,103,31.4954819262,34.433773377
050-6962630,out-call,483,31.4070318497,34.3702843457
