phone_number,call_type,call_duration,call_location_longitude,call_location_latitude
050-6174423,in-call,3553,31.4592780224,34.4219717663
050-1954540,out-call,36,31.4383626951,34.3875963347
050-3513403,out-call,77,31.4148755498,34.3793163698
050-2353698,out-call,3526,31.4306594897,34.3805390564
050-4845524,out-call,3386,31.4694366196,34.4314182352
050-7738933,out-call,2581,31.4355439525,34.4091198155
050-9064643,out-call,3341,31.4571720812,34.4079323395
050-2391522,out-call,3031,31.4270211801,34.3869089837
050-9149213,out-call,37,31.4049922108,34.3634288489
