phone_number,call_type,call_duration,call_location_longitude,call_location_latitude
050-6720787,out-call,27,33.8812152077,35.5071568509
050-2765813,out-call,27,31.4598031883,34.4178227379
050-5047450,out-call,28,31.4116800714,34.3709266778
050-9996755,in-call,119,31.4385655369,34.3816588691
050-5347069,in-call,1222,31.4852476739,34.4319475085
050-8298197,out-call,82,31.411432315,34.370935536
050-5185719,out-call,210,31.4520600693,34.4354311896
