phone_number,call_type,call_duration,call_location_longitude,call_location_latitude
050-3988575,in-call,3200,31.4881079534,34.4449373792
050-6738899,out-call,639,31.4403411798,34.3873686804
050-7637435,in-call,1320,31.4623927335,34.4293034218
050-5103543,in-call,95,31.4545191487,34.4177904528
050-7612072,in-call,493,31.3962163534,34.3571136526
050-3484460,in-call,48,31.4691730429,34.4302045875
050-5931827,in-call,214,31.4179292406,34.3697281435
050-2907369,in-call,99,31.4403943735,34.4067084658
050-1943380,in-call,105,31.4524855982,34.4088703745
