phone_number,call_type,call_duration,call_location_longitude,call_location_latitude
050-1115738,in-call,98,31.4279350235,34.3958794586
050-4831640,in-call,3554,31.4510318282,34.4066460528
050-2890415,in-call,293,31.4710162319,34.4519835925
050-4737826,out-call,14,31.4378257868,34.3935138577
050-7646527,out-call,105,31.4356666449,34.4057803797
050-7030227,out-call,96,31.4565726052,34.4041440784
050-8857563,out-call,77,31.431849765,34.3822014122
050-5880000,in-call,2817,31.4419959323,34.3848438124
050-1424439,out-call,2358,31.4244682855,34.3744146081
