phone_number,call_type,call_duration,call_location_longitude,call_location_latitude
050-5594671,in-call,538,31.4688779266,34.4222276463
050-2821735,in-call,69,31.4228858915,34.3847748728
050-8174277,out-call,2484,31.4543282508,34.4164702602
050-6237623,in-call,90,31.4012965877,34.3573349664
050-7826941,in-call,1788,31.4157384319,34.3773716866
050-4792084,in-call,18,31.4561602757,34.4183786073
050-9621533,out-call,76,31.4200961198,34.3764711284
050-8393021,in-call,3586,31.4349112685,34.4022907402
050-9666861,out-call,58,31.4306141818,34.3860317588
