phone_number,call_type,call_duration,call_location_longitude,call_location_latitude
050-1885906,in-call,83,31.4437522462,34.411498096
050-3779867,out-call,1425,31.3896168822,34.3428164417
050-2245703,in-call,3563,31.4590808701,34.4263164758
050-3364283,in-call,10,31.447275934,34.4067400739
050-3413749,out-call,56,31.4118579745,34.382453256
