phone_number,call_type,call_duration,call_location_longitude,call_location_latitude
050-3361213,out-call,110,31.4352472213,34.4035706373
050-5753665,in-call,95,31.3929701303,34.3283874433
050-6308454,out-call,1727,31.4355452759,34.3938635884
050-8457725,out-call,58,31.433339954,34.3985011119
050-6630750,out-call,1952,31.4414297821,34.3995441117
050-8658619,in-call,1496,31.4432084733,34.3971354355
050-7072831,in-call,1779,31.5035191395,34.4612968004
050-3018380,in-call,56,31.4386500483,34.4155892561
