phone_number,call_type,call_duration,call_location_longitude,call_location_latitude
050-4427135,out-call,1771,31.451267991,34.4143692781
050-4232968,in-call,730,31.3972999424,34.3448976702
050-1374966,in-call,3262,31.4241705006,34.385947926
050-3180103,out-call,911,31.4537803801,34.3954526775
050-4440106,out-call,3149,31.4320859742,34.3893563561
050-2190852,out-call,3173,31.4394624423,34.3927477887
