phone_number,call_type,call_duration,call_location_longitude,call_location_latitude
050-8294088,out-call,41,31.4083143427,34.3659699763
050-9453216,out-call,21,31.4515188748,34.4172899025
050-4499550,in-call,93,31.4123761165,34.3808573066
050-1895596,out-call,56,31.4661478343,34.4357117943
050-4504422,in-call,34,31.431693773,34.3919402194
050-3088615,out-call,107,31.443263349,34.4067259259
050-8630790,in-call,73,31.4424640181,34.4177109491
050-3700058,in-call,119,31.4398950493,34.4052144998
050-4641076,out-call,110,31.488317187,34.4429577923
