phone_number,call_type,call_duration,call_location_longitude,call_location_latitude
050-6090700,out-call,53,31.4004828637,34.3547930706
050-4318778,out-call,2305,33.8801840494,35.5093123044
050-4212651,out-call,79,33.879938539,35.504474956
050-4575523,out-call,2981,33.8762299033,35.5010890401
050-2275208,out-call,752,33.8808157342,35.5086544973
050-7839314,in-call,3391,31.4392375793,34.410003846
050-4665747,in-call,23,33.8831250784,35.5056429929
050-8246143,out-call,38,33.8838140585,35.5051468981
050-5505258,out-call,20,31.4263048793,34.3833056213
