phone_number,call_type,call_duration,call_location_longitude,call_location_latitude
050-9210313,in-call,3455,31.4286469416,34.3851516751
050-3933272,in-call,914,31.4376129525,34.4087917388
050-5810864,in-call,2138,31.4339650551,34.3961436233
050-5918465,in-call,111,31.4429672643,34.3973837221
050-4221185,out-call,1029,31.4190352973,34.3807271745
050-1363499,out-call,98,31.420985781,34.4019634078
050-6462826,in-call,23,31.4179606028,34.3886779064
