phone_number,call_type,call_duration,call_location_longitude,call_location_latitude
050-6512367,out-call,548,31.4002660988,34.3450338753
050-3100289,out-call,3448,31.3911069212,34.3581262507
050-8113482,out-call,2825,31.4805823221,34.4351858162
050-8724778,in-call,1791,31.4263188129,34.3709380909
050-9121386,in-call,343,31.4456222519,34.4250659403
050-7323225,in-call,598,31.4203521444,34.3816543757
