phone_number,call_type,call_duration,call_location_longitude,call_location_latitude
050-6163852,out-call,24,31.4746309247,34.4263439196
050-5661680,in-call,2238,31.3866466559,34.3377978407
050-5028031,out-call,118,31.4336937926,34.4183585049
050-6324130,in-call,1633,31.4686635163,34.4269958828
050-2284703,out-call,119,31.460228523,34.423982408
050-3440306,in-call,817,31.4328816512,34.3935522433
