phone_number,call_type,call_duration,call_location_longitude,call_location_latitude
050-7097970,out-call,27,31.4455609687,34.4030040488
050-1621585,in-call,18,31.4017162287,34.3714707239
050-5313182,out-call,11,31.4451048385,34.4117695602
050-5429299,in-call,3278,31.4593979787,34.4388007608
050-1418982,in-call,22,31.4696586292,34.441864547
050-5258641,out-call,15,31.4187755708,34.3637748274
050-6690622,out-call,32,31.4625763205,34.4366776199
050-7602636,out-call,921,31.4438837203,34.4058521664
050-2240760,in-call,103,31.4559225079,34.4338010155
