phone_number,call_type,call_duration,call_location_longitude,call_location_latitude
050-2579742,out-call,22,31.4325905772,34.3923486412
050-5381458,in-call,14,31.462140953,34.4235912217
050-1460587,out-call,81,31.4324136542,34.395363038
050-7291887,out-call,679,31.4348225395,34.3912979733
050-4620231,out-call,61,31.4566001936,34.4079948711
050-5298578,out-call,1445,31.4451872998,34.397395527
050-1956706,out-call,84,31.4362266898,34.4063860825
050-3756409,out-call,1607,31.4237401795,34.3903471742
