phone_number,call_type,call_duration,call_location_longitude,call_location_latitude
050-8481997,in-call,73,33.8898177869,35.5120480755
050-2650905,out-call,69,33.8790282356,35.5146637836
050-8783452,out-call,29,33.8794354883,35.5062565196
050-8001745,in-call,41,31.4393925157,34.4152209455
050-1395423,out-call,111,31.4304665816,34.3958933732
050-9614126,in-call,1055,31.450208461,34.4038100147
050-9608189,in-call,107,31.382679614,34.3362550463
