phone_number,call_type,call_duration,call_location_longitude,call_location_latitude
050-6508581,in-call,53,31.3978248643,34.3570134474
050-5681640,in-call,3525,31.4370578735,34.401063856
050-8629301,in-call,111,31.4020415788,34.3434255721
050-6360775,in-call,1453,31.4382634143,34.393430963
050-7527025,in-call,2295,31.4086131964,34.3802507149
050-5139210,in-call,152,31.4340344894,34.4032950172
