phone_number,call_type,call_duration,call_location_longitude,call_location_latitude
050-1649238,in-call,2066,33.8777567942,35.5093081543
050-1933530,out-call,66,31.4447222282,34.3805871291
050-9220796,out-call,140,31.4320471239,34.3792239476
050-7122165,out-call,114,31.4227936723,34.3929658883
050-1101709,out-call,52,33.8820365624,35.5160647706
050-5241599,in-call,71,33.8765416612,35.5080542728
050-5491566,out-call,65,33.8847105547,35.510777205
050-6136610,out-call,1454,31.4783348,34.452492367
050-4622258,in-call,1888,33.879698591,35.5154572576
