phone_number,call_type,call_duration,call_location_longitude,call_location_latitude
050-3724674,out-call,21,31.478409153,34.4329303789
050-7401367,in-call,737,31.4252448465,34.3756815384
050-3692696,out-call,75,31.4372860859,34.3781460694
050-3780245,in-call,81,31.4503903319,34.4021468253
050-3457294,out-call,95,31.3963394091,34.3555962153
050-9345678,in-call,57,31.4205611551,34.3740377079
