phone_number,call_type,call_duration,call_location_longitude,call_location_latitude
050-8564045,out-call,3092,31.435314252,34.4006599878
050-9471194,in-call,45,31.4376782963,34.3890085353
050-9100600,in-call,46,31.4372809689,34.3896767547
050-6719507,in-call,2561,31.422179156,34.3711601057
050-6396619,out-call,2843,31.4565726052,34.4041440784
050-3464412,in-call,3589,31.3663792616,34.3205151077
050-3831644,out-call,105,31.4239755896,34.3785988308
050-8334792,out-call,1632,31.4299245294,34.390902278
