phone_number,call_type,call_duration,call_location_longitude,call_location_latitude
050-7897119,out-call,51,31.4359165336,34.3957817546
050-3722843,in-call,39,31.3872411938,34.3453027767
050-7057301,in-call,88,31.4569254932,34.4384445645
050-8614876,in-call,3134,31.4545189121,34.4226077236
050-5878748,in-call,35,31.4190103561,34.3881545423
050-4494203,out-call,68,31.4543282508,34.4164702602
050-8837868,in-call,2212,31.4306741164,34.398207355
050-7450811,out-call,1039,31.4483222962,34.4066616991
