phone_number,call_type,call_duration,call_location_longitude,call_location_latitude
050-3705505,in-call,1617,31.4186898291,34.3749371766
050-5947291,out-call,80,31.4337116665,34.3976287908
050-9975932,in-call,2598,33.8828463768,35.5145816343
050-1957309,out-call,106,33.8816506695,35.5093710388
050-9089565,out-call,24,31.4139530653,34.3699614359
050-9224185,out-call,2726,33.8871335462,35.5186340713
050-4743927,out-call,488,33.8855809898,35.5120564591
