phone_number,call_type,call_duration,call_location_longitude,call_location_latitude
050-3325950,in-call,2473,31.457761075,34.4141791751
050-8946282,in-call,99,31.4234832214,34.3915520392
050-5124722,out-call,104,31.4066106378,34.3849196238
050-1856154,out-call,101,31.4701011211,34.4187792638
050-4007753,in-call,32,31.4495530666,34.4104583888
050-4924536,out-call,90,31.4298532232,34.3898236615
