phone_number,call_type,call_duration,call_location_longitude,call_location_latitude
050-8592837,in-call,104,31.4271750275,34.3799532929
050-3609110,in-call,259,31.4681798782,34.4318185781
050-6668134,in-call,2518,31.394332658,34.3474592827
050-6320030,in-call,38,31.4385034977,34.4088708815
050-6608914,out-call,3490,31.4458485093,34.409434084
