phone_number,call_type,call_duration,call_location_longitude,call_location_latitude
050-9810454,in-call,740,31.3818173602,34.3348358889
050-5382232,in-call,30,31.4554249406,34.4191098042
050-4531237,in-call,79,31.414508672,34.3803116307
050-6663861,in-call,71,31.4992857007,34.4602892955
050-4034169,in-call,80,31.4400294134,34.4141035407
050-7660666,out-call,66,31.4421230771,34.4000304857
050-3247108,out-call,1677,31.4206767051,34.3735790874
