phone_number,call_type,call_duration,call_location_longitude,call_location_latitude
050-5559314,in-call,2721,31.3869208185,34.343268995
050-8713925,out-call,60,31.4402034757,34.4000795179
050-4658376,in-call,21,31.4605619528,34.4073582786
050-4993733,in-call,81,31.3866615257,34.3464264794
050-1900955,out-call,40,31.461446875,34.4147349971
050-5292613,in-call,40,31.4237401795,34.3903471742
