phone_number,call_type,call_duration,call_location_longitude,call_location_latitude
050-8525899,in-call,1798,31.4269599983,34.3957223077
050-4475325,out-call,2248,31.4695815259,34.4300730566
050-5385556,out-call,38,33.8797971237,35.5125877643
050-2408761,out-call,905,31.4399671218,34.389609329
050-4492605,out-call,55,31.4504954452,34.405056858
050-5519655,out-call,12,33.8821691633,35.5037212358
050-9458617,out-call,102,31.4332323776,34.4025633965
