phone_number,call_type,call_duration,call_location_longitude,call_location_latitude
050-7473993,out-call,3333,31.4185017447,34.3821341032
050-7778482,out-call,1588,31.4357072349,34.3955016558
050-8829679,in-call,67,33.8781217199,35.5063620333
050-4014364,out-call,102,31.4481142772,34.4021974546
050-2880494,in-call,3220,31.4895582955,34.4628180502
050-3116974,out-call,33,33.8851395514,35.5116802076
