phone_number,call_type,call_duration,call_location_longitude,call_location_latitude
050-5801438,out-call,71,31.4421359319,34.3993338819
050-4351533,out-call,2086,31.4180075272,34.387864785
050-3092431,in-call,2070,31.4011814279,34.3503207349
050-9655286,in-call,379,31.4419315621,34.4131719763
050-5743177,out-call,95,31.4545189121,34.4226077236
