phone_number,call_type,call_duration,call_location_longitude,call_location_latitude
050-1432762,in-call,1813,31.4402883695,34.4083039501
050-1291789,in-call,1628,31.444635983,34.4024560477
050-3850929,out-call,38,31.424957698,34.3888241994
050-7150915,in-call,1938,31.4361738514,34.3789028316
050-8011707,out-call,1171,31.4012686648,34.3626033092
050-2230822,out-call,43,31.4470975049,34.3983372951
