phone_number,call_type,call_duration,call_location_longitude,call_location_latitude
050-3306614,out-call,3260,31.4385163504,34.4106697524
050-1979084,out-call,804,31.4323819725,34.4114557803
050-3309659,out-call,3466,31.4192100878,34.3628853127
050-1699573,out-call,1924,31.4354937968,34.4012028517
050-4941362,out-call,2684,31.4142041512,34.3613479569
050-9816238,in-call,12,31.4348890625,34.4079999982
