phone_number,call_type,call_duration,call_location_longitude,call_location_latitude
050-2925077,in-call,813,31.4495530666,34.4104583888
050-5305366,out-call,898,31.5200527084,34.4875792066
050-4216521,out-call,108,31.4269599983,34.3957223077
050-6098010,out-call,242,31.4240325584,34.3748942881
050-4737484,in-call,1627,31.4508188875,34.4087834264
050-4146438,in-call,1012,31.4382300164,34.3959327852
050-3356646,out-call,2738,31.4486251673,34.4008536609
050-8885972,in-call,61,31.4541866064,34.3940161086
