phone_number,call_type,call_duration,call_location_longitude,call_location_latitude
050-9385337,in-call,23,31.4486823332,34.4237657961
050-1926683,in-call,51,31.4518612869,34.4311824036
050-2048769,in-call,196,31.4496953292,34.3978478977
050-8857234,in-call,1151,31.4143290529,34.3676235919
050-6917218,in-call,22,31.4216783204,34.3914815228
050-9787656,out-call,687,31.3907895102,34.3409757077
050-2645495,out-call,103,31.4536597639,34.3876518973
