phone_number,call_type,call_duration,call_location_longitude,call_location_latitude
050-9491225,out-call,1456,31.4452259529,34.3968574839
050-8697620,in-call,1812,31.4784057438,34.4486858605
050-3806732,out-call,92,31.4468043257,34.4099110363
050-5388683,in-call,88,31.4016915842,34.3678840632
050-3164306,in-call,3188,31.4626591654,34.4251704859
050-7978346,in-call,68,31.4117199462,34.3843900652
050-7954884,in-call,3196,31.4514183197,34.4024087347
