phone_number,call_type,call_duration,call_location_longitude,call_location_latitude
050-8542938,out-call,81,31.4679058118,34.4224714444
050-2385945,in-call,1797,31.4410410992,34.3954613356
050-4545721,in-call,39,31.4669170826,34.4075971412
050-6422767,in-call,102,31.4257257171,34.3880273677
050-2395547,out-call,74,31.4859156543,34.4538972506
050-2264260,out-call,28,31.4484432463,34.4219428786
