phone_number,call_type,call_duration,call_location_longitude,call_location_latitude
050-4610844,in-call,624,31.4355046517,34.3856833045
050-8935871,out-call,3072,31.503887236,34.4741916728
050-2810652,in-call,60,31.4670608269,34.4327043492
050-5682677,in-call,42,31.4186320202,34.3709416362
050-1216713,out-call,1154,31.4543282508,34.4164702602
050-6934275,in-call,1244,31.4375713511,34.3780101483
050-6238655,in-call,89,31.4379683582,34.3983283798
050-7441069,in-call,52,31.4163904988,34.3736509653
050-4422791,out-call,2756,31.4509333965,34.4093591425
