phone_number,call_type,call_duration,call_location_longitude,call_location_latitude
050-3186925,in-call,12,31.4712066362,34.4386165414
050-9121285,out-call,3427,31.4635522988,34.4289267086
050-8272894,in-call,28,31.4130549674,34.367587658
050-6324886,in-call,942,31.4359698417,34.4183204836
050-5842385,out-call,54,31.4338202194,34.3829088457
