phone_number,call_type,call_duration,call_location_longitude,call_location_latitude
050-1564555,out-call,106,31.4448028961,34.3865354733
050-7615196,in-call,2250,31.4280008547,34.3876086961
050-2228056,out-call,49,31.4327777584,34.3899650845
050-2188473,out-call,1957,31.4587258516,34.4139411964
050-7160928,out-call,3015,31.4138112452,34.3886220316
