phone_number,call_type,call_duration,call_location_longitude,call_location_latitude
050-8369200,in-call,2463,33.8850672175,35.5091486337
050-9913298,in-call,23,31.4579553253,34.4216646127
050-4659354,out-call,847,31.4322036235,34.3710982443
050-6671375,in-call,710,33.8875563999,35.5100738198
050-4779119,in-call,18,33.8790687835,35.5098335368
