phone_number,call_type,call_duration,call_location_longitude,call_location_latitude
050-3499893,out-call,3433,31.4743148085,34.4391978319
050-6652438,out-call,26,31.4580250657,34.4227403689
050-9150448,out-call,53,31.4413937428,34.3963296062
050-9628807,in-call,2608,31.4712468707,34.4247683964
050-6960635,in-call,113,31.4357233145,34.3862896078
050-2455924,out-call,75,31.4520627739,34.4167343386
