phone_number,call_type,call_duration,call_location_longitude,call_location_latitude
050-7278670,out-call,64,31.4742197703,34.4179191498
050-3217307,out-call,25,31.4390081632,34.389138059
050-5694325,in-call,72,31.4034458582,34.3726274846
050-8745059,out-call,116,31.4861598572,34.4409555883
050-1239896,out-call,385,31.4780089889,34.4498887137
050-8450016,out-call,1419,31.407215045,34.3522860762
