phone_number,call_type,call_duration,call_location_longitude,call_location_latitude
050-8915055,out-call,15,31.4350487872,34.3959750775
050-9278525,in-call,1353,31.4420064849,34.3982386753
050-5266445,in-call,1437,33.881134732,35.5144220663
050-1876741,out-call,1264,33.8928358741,35.5107445956
050-9451054,out-call,506,33.8881496847,35.5146949566
050-7896821,out-call,1319,31.41164649,34.3857062115
050-9966697,in-call,71,33.8798962732,35.5149405459
