phone_number,call_type,call_duration,call_location_longitude,call_location_latitude
050-5031000,in-call,80,31.4150690369,34.3672734641
050-9851468,out-call,2106,31.4281565337,34.3766017933
050-6580274,in-call,37,31.4967288104,34.459825993
050-3753409,in-call,98,31.4431761397,34.4023250523
050-3450894,in-call,37,31.449940795,34.4010973292
050-6541017,in-call,65,31.428520759,34.3613929239
