phone_number,call_type,call_duration,call_location_longitude,call_location_latitude
050-6224819,in-call,3278,31.4359356338,34.3934991268
050-3044528,in-call,2239,31.4609846966,34.4167646843
050-5402249,in-call,835,31.4401244126,34.4197077354
050-3007384,out-call,3318,31.4361346216,34.3839157077
050-4840173,in-call,2246,31.4157392656,34.3901345831
050-6055896,out-call,53,31.4447988599,34.3999384392
