phone_number,call_type,call_duration,call_location_longitude,call_location_latitude
050-4457227,out-call,752,31.4240451153,34.3757647011
050-8595366,out-call,1861,31.4712066362,34.4386165414
050-2949110,in-call,1557,31.465231238,34.4043902905
050-8970740,in-call,82,31.4034328142,34.3598512029
050-7157579,out-call,187,31.4788313006,34.4534143871
050-9417336,in-call,11,31.4573530984,34.4040735141
