phone_number,call_type,call_duration,call_location_longitude,call_location_latitude
050-8022831,in-call,2534,31.4574092363,34.4374948481
050-1067470,out-call,1806,31.4403694451,34.4031512674
050-8309145,out-call,1134,31.4278064534,34.3756995618
050-6462275,out-call,33,31.4178056991,34.3884559182
050-7208625,out-call,31,31.4310188263,34.3890440738
