phone_number,call_type,call_duration,call_location_longitude,call_location_latitude
050-5005367,out-call,416,31.4331054317,34.3926624061
050-6750251,out-call,32,31.4501962046,34.4045258082
050-9989996,in-call,103,31.4468006537,34.4090251396
050-3881950,in-call,118,31.4217307159,34.3790771757
050-6767913,out-call,2088,31.4676316556,34.4270038874
050-2619954,out-call,1092,31.4206413537,34.3691238633
050-1346361,in-call,42,31.4520744818,34.4153267358
050-8866349,in-call,1928,31.4307822984,34.388406534
050-9101860,in-call,2767,31.463403699,34.4183683559
