phone_number,call_type,call_duration,call_location_longitude,call_location_latitude
050-1694226,out-call,91,31.4139152629,34.3756190399
050-7007137,in-call,27,31.4506736113,34.4101840759
050-6672518,in-call,36,31.433239032,34.4162956998
050-2506231,out-call,733,31.4452705696,34.3952178307
050-1068325,in-call,84,31.4550909269,34.4134330132
050-3894351,in-call,3051,31.4373128691,34.3902485868
