phone_number,call_type,call_duration,call_location_longitude,call_location_latitude
050-1826981,in-call,83,31.4798897176,34.4464253934
050-6964323,out-call,85,33.8849272256,35.505131984
050-6819481,in-call,64,31.4681798782,34.4318185781
050-8593795,out-call,135,31.442619791,34.3809156927
050-5975460,in-call,10,31.4398576593,34.395432316
050-4437300,out-call,2629,31.4256358135,34.3958481952
050-6664961,in-call,96,31.4855329928,34.4467328414
