phone_number,call_type,call_duration,call_location_longitude,call_location_latitude
050-2595903,in-call,1667,31.4585978791,34.424705774
050-2561052,out-call,866,31.4264948783,34.4042471736
050-4669448,in-call,1975,31.4515688829,34.4212003454
050-4124027,in-call,210,31.4370695963,34.4088936968
050-9783696,in-call,80,31.5227706158,34.4741922676
050-9484778,in-call,523,31.4312354255,34.3916876857
050-2438540,in-call,38,31.385822627,34.3442859753
050-7597787,in-call,112,31.4415382468,34.3985971567
