phone_number,call_type,call_duration,call_location_longitude,call_location_latitude
050-5163055,out-call,167,31.4278015129,34.4013951135
050-5850177,out-call,632,31.426589342,34.3656074642
050-2579136,out-call,3382,31.4356792545,34.3932894233
050-7922602,in-call,715,31.4570400396,34.4059553934
050-7785961,out-call,185,31.4488178198,34.4056162054
050-8490311,out-call,73,31.4633337652,34.4196005371
050-5991306,out-call,1348,31.4366303241,34.3873879188
050-9508592,in-call,113,31.4449773092,34.4082741039
