phone_number,call_type,call_duration,call_location_longitude,call_location_latitude
050-6051021,in-call,104,31.5106540124,34.4669864564
050-5683513,out-call,42,31.4175246731,34.3814944181
050-2996850,in-call,98,31.4351041614,34.3960527749
050-2912809,out-call,1280,31.426489999,34.3826885292
050-6321070,out-call,13,31.369906395,34.3354880117
050-5434258,in-call,34,31.4078693312,34.3583341436
050-3917869,in-call,2466,31.4294953349,34.4082844576
050-3597002,out-call,86,33.8787201996,35.5090593278
