phone_number,call_type,call_duration,call_location_longitude,call_location_latitude
050-2514416,out-call,1502,31.4428409806,34.3990209808
050-7319828,out-call,2435,31.4470749806,34.4157583801
050-5926743,out-call,16,31.4079925904,34.38098215
050-9868583,out-call,1162,31.4404670024,34.4041989903
050-8314442,in-call,79,31.4547110136,34.4055786603
050-2570948,out-call,91,31.4247631545,34.3900512747
050-7910396,in-call,113,31.39790397,34.3570519534
