phone_number,call_type,call_duration,call_location_longitude,call_location_latitude
050-1351977,out-call,1297,31.4097131413,34.3605718462
050-1062056,in-call,93,31.406635906,34.3607549243
050-5821865,in-call,109,31.4463116306,34.4048355144
050-1957223,out-call,578,31.4647112792,34.4399601484
050-4298208,out-call,2103,31.4268995354,34.3985080043
050-6580002,in-call,1219,31.4411209113,34.3951252691
050-8670964,in-call,3205,31.3976598006,34.3720045771
