phone_number,call_type,call_duration,call_location_longitude,call_location_latitude
050-3051300,in-call,2483,31.4144065624,34.3726219144
050-8871760,in-call,163,31.4630848975,34.442072938
050-2391200,in-call,19,31.4562450945,34.4210226506
050-8466728,out-call,2330,31.4273493156,34.3867546708
050-2888764,out-call,97,31.4349324129,34.4019483282
050-4121664,out-call,93,31.417662028,34.3945579442
