phone_number,call_type,call_duration,call_location_longitude,call_location_latitude
050-2757829,out-call,83,31.4618380211,34.4213760841
050-5086788,in-call,1540,31.4610039158,34.4234100941
050-8427999,out-call,3250,31.4535079327,34.4146466823
050-2619541,in-call,78,31.4535392686,34.4145502688
050-8157290,out-call,1801,31.4324802873,34.4022318141
050-2834254,in-call,1311,31.4649982646,34.4191701431
050-4624946,in-call,63,31.4381834201,34.4037837012
050-2500880,out-call,2807,31.4954389043,34.4551628718
050-1309816,out-call,833,31.4151976224,34.3688878515
