phone_number,call_type,call_duration,call_location_longitude,call_location_latitude
050-6602937,in-call,1356,31.460846776,34.4412084063
050-8311304,out-call,89,31.4389132825,34.3840911273
050-7948776,in-call,34,31.4440813955,34.4095535615
050-5515415,out-call,24,31.4394883567,34.4021685374
050-1668524,in-call,874,31.4364713226,34.4090834577
