phone_number,call_type,call_duration,call_location_longitude,call_location_latitude
050-3537862,out-call,1637,31.380207357,34.3270494876
050-5244710,out-call,50,31.4002308003,34.3619298303
050-7265043,in-call,1482,31.4369031722,34.3860355104
050-2974682,out-call,18,31.4634251655,34.4125154898
050-1999913,in-call,67,31.3937981105,34.3525827776
050-4269468,in-call,477,31.5200527084,34.4875792066
050-1468349,in-call,2734,31.4420759304,34.4034320246
050-7353289,out-call,53,31.4290459272,34.4016338214
050-2080157,out-call,946,31.4733478348,34.4433792921
