phone_number,call_type,call_duration,call_location_longitude,call_location_latitude
050-8600726,out-call,1000,31.3877472741,34.3594765199
050-5652993,out-call,1588,31.4337014243,34.405549942
050-2305930,in-call,24,31.4358972803,34.3977099806
050-8795734,in-call,3285,31.4421645619,34.3993828675
050-7935756,out-call,3557,31.4362266898,34.4063860825
050-7384684,out-call,84,31.4329673357,34.3973143387
