phone_number,call_type,call_duration,call_location_longitude,call_location_latitude
050-2479759,out-call,2578,31.4759570829,34.4472355365
050-7924335,out-call,1786,33.8877887665,35.5186071539
050-7152507,out-call,96,33.8824366426,35.508147931
050-3304700,in-call,466,31.475710454,34.4241449031
050-1518662,out-call,92,31.435391099,34.3905875914
050-1881125,in-call,26,31.4784132586,34.4343641627
