phone_number,call_type,call_duration,call_location_longitude,call_location_latitude
050-2283399,out-call,31,31.4604575748,34.4247017022
050-3149940,out-call,639,31.4299744478,34.3886801368
050-9416475,out-call,1992,31.4811622941,34.4471819265
050-9532166,out-call,86,31.4317068272,34.3766031725
050-5843552,in-call,59,31.4361431144,34.4062313137
050-9709518,out-call,439,31.4209596244,34.3787709611
