phone_number,call_type,call_duration,call_location_longitude,call_location_latitude
050-3910277,in-call,72,31.437563994,34.3939748443
050-3701366,in-call,563,31.41660096,34.3974749608
050-5596825,out-call,2767,31.4225359876,34.3762119488
050-9187127,out-call,97,31.470432009,34.4374051653
050-2780750,in-call,45,31.4430138858,34.3867907031
050-9914910,out-call,28,31.450197126,34.4158394022
050-8963316,out-call,88,31.426489999,34.3826885292
050-9653932,out-call,75,31.4784057438,34.4486858605
