phone_number,call_type,call_duration,call_location_longitude,call_location_latitude
050-9855787,out-call,77,31.4719924647,34.4260375887
050-9279951,in-call,119,31.4512251297,34.4041483806
050-9350985,out-call,53,31.4254812388,34.38171897
050-1066995,out-call,51,31.4389412346,34.4017489114
050-5309921,out-call,2493,31.4365901056,34.4154553091
050-8246101,out-call,90,31.4024549575,34.3607271402
050-5682323,out-call,18,31.4581958134,34.4374827001
050-9945587,out-call,3575,31.4026539916,34.355418619
050-5461418,in-call,38,31.5090654209,34.4459393063
