phone_number,call_type,call_duration,call_location_longitude,call_location_latitude
050-5817845,in-call,97,31.450134254,34.4214655163
050-1773550,out-call,36,31.4571720812,34.4079323395
050-7252491,out-call,86,31.3954458173,34.3504724552
050-2460380,out-call,75,31.4488602029,34.4182862849
050-7869329,out-call,89,31.4175246731,34.3814944181
