phone_number,call_type,call_duration,call_location_longitude,call_location_latitude
050-8854153,out-call,101,31.4089365565,34.3638812504
050-4941433,in-call,2073,31.4206165758,34.377109722
050-4858701,in-call,3457,31.4025544515,34.3440715427
050-8381356,out-call,75,31.4237401795,34.3903471742
050-9218600,in-call,254,31.4691730429,34.4302045875
