phone_number,call_type,call_duration,call_location_longitude,call_location_latitude
050-6510532,in-call,1801,31.4299022215,34.3788521786
050-4523683,out-call,2504,31.4093068908,34.3555414321
050-6989757,in-call,2593,31.4352748699,34.3846228994
050-9768423,out-call,31,31.4458057701,34.4104810936
050-8380296,out-call,32,31.463957255,34.4342555599
