phone_number,call_type,call_duration,call_location_longitude,call_location_latitude
050-8295891,in-call,1970,31.4513366711,34.4084075014
050-5158599,in-call,41,31.4348198998,34.3873294385
050-4477244,in-call,966,31.4549946717,34.4364782316
050-2195270,out-call,824,31.4630001696,34.4225278206
050-6492659,out-call,95,31.4438436875,34.3929381957
050-8966612,out-call,3268,31.441839075,34.3949833466
050-5488885,out-call,53,31.4174579008,34.3884501867
