phone_number,call_type,call_duration,call_location_longitude,call_location_latitude
050-8388825,in-call,36,31.4366043608,34.3898860389
050-4368114,out-call,23,31.4794619047,34.4440290525
050-6150238,out-call,518,31.3669419437,34.3180130511
050-1298258,out-call,2069,31.4499817867,34.3992943621
050-7435392,out-call,1370,31.4561608521,34.4103252026
050-9385486,in-call,18,31.4056321014,34.3699219002
050-3470009,in-call,3289,31.3723002771,34.3412494765
