phone_number,call_type,call_duration,call_location_longitude,call_location_latitude
050-4750466,out-call,3458,31.4142041512,34.3613479569
050-7368019,out-call,20,31.4434302667,34.4190464885
050-5611950,out-call,3562,31.3976659409,34.3526161797
050-7970412,in-call,897,31.4474051235,34.4093452487
050-1724668,in-call,2194,31.4212168432,34.3861347892
050-9065832,out-call,3483,31.4402833585,34.3907598717
050-1161153,in-call,34,31.3997161255,34.3632125384
050-1766389,in-call,1084,31.4370695963,34.4088936968
050-8662441,in-call,3174,31.4515971663,34.4004830588
