phone_number,call_type,call_duration,call_location_longitude,call_location_latitude
050-7521930,in-call,3069,31.4380616301,34.3868382
050-6439308,out-call,2890,31.4410410992,34.3954613356
050-1237634,in-call,3044,31.4463441141,34.401300452
050-7251156,out-call,139,31.4280123381,34.3766720398
050-9301924,out-call,718,31.4349361736,34.4039161099
050-3965346,out-call,48,31.4146249962,34.3782777232
050-3399874,out-call,46,31.4469102983,34.400210558
050-8874950,out-call,3192,31.4423616318,34.4057730052
