phone_number,call_type,call_duration,call_location_longitude,call_location_latitude
050-4976747,out-call,33,31.4536278173,34.4250954467
050-3844015,out-call,64,31.469176327,34.4324691068
050-1360210,out-call,1067,31.4580588826,34.4124458903
050-4974227,in-call,719,31.4468043257,34.4099110363
050-5574680,out-call,37,31.4413068779,34.4020821064
