phone_number,call_type,call_duration,call_location_longitude,call_location_latitude
050-1599866,out-call,106,31.4272322737,34.3817863148
050-8874762,in-call,74,31.4666892994,34.4281805184
050-1140881,in-call,752,31.4337255918,34.3943466495
050-1932213,out-call,83,31.4289983936,34.3766611056
050-8831533,out-call,2018,31.4105426703,34.3702529401
050-8040512,out-call,30,31.4490644209,34.428682725
050-8241493,out-call,55,31.4540751044,34.4158874642
050-8022431,in-call,2885,31.4279156648,34.3901955153
