phone_number,call_type,call_duration,call_location_longitude,call_location_latitude
050-1921311,in-call,585,31.4018197052,34.369622162
050-4692954,out-call,113,31.3991223774,34.3623396728
050-8123651,in-call,63,31.4605675884,34.4285422749
050-5206964,out-call,39,31.442619791,34.3809156927
050-8146653,in-call,80,31.4375312313,34.4049457072
050-2405332,out-call,65,31.4285189292,34.3919437979
050-7834543,in-call,116,31.4544388672,34.4256802213
050-7025881,out-call,64,31.4500956555,34.4073083465
050-1033640,in-call,1977,33.8856160119,35.5036819092
