phone_number,call_type,call_duration,call_location_longitude,call_location_latitude
050-6998266,in-call,955,31.461319768,34.4106628276
050-1042427,in-call,39,31.4409479353,34.4015497582
050-4453343,in-call,79,31.4168924387,34.3583741353
050-7506569,out-call,2998,31.4091035466,34.3658991018
050-1175371,in-call,86,31.4656830231,34.4344777049
050-4786573,in-call,3297,31.4738274201,34.4407574875
050-4904907,out-call,3441,33.8855918559,35.5075875888
