phone_number,call_type,call_duration,call_location_longitude,call_location_latitude
050-9763470,out-call,72,31.4185017447,34.3821341032
050-1687425,out-call,492,31.4717909253,34.4070754575
050-8126514,out-call,80,31.4683303868,34.4361816173
050-5349206,in-call,105,31.4388904212,34.3882229737
050-7018013,in-call,519,31.4452174311,34.3956354127
050-3517116,out-call,87,31.4588345891,34.4296940714
