phone_number,call_type,call_duration,call_location_longitude,call_location_latitude
050-3749943,out-call,13,33.8787121211,35.5047207246
050-7227783,out-call,44,31.4385996308,34.3989929983
050-2407531,in-call,1199,31.4349540891,34.3914830583
050-4259017,out-call,98,33.8830548303,35.5109070152
050-4540864,in-call,100,31.4471477295,34.3997115627
050-7758041,out-call,3386,31.40510086,34.3697008376
050-9637375,in-call,324,31.4065795659,34.3602877311
050-4790556,out-call,49,31.4692746254,34.4270048981
