phone_number,call_type,call_duration,call_location_longitude,call_location_latitude
050-6081111,in-call,571,31.4458485093,34.409434084
050-4969247,out-call,2446,31.4253441693,34.3885136866
050-8495509,out-call,118,31.4163674279,34.3674422217
050-7127285,in-call,42,31.4387834783,34.395054816
050-3628568,in-call,110,31.4222725011,34.3808361728
