phone_number,call_type,call_duration,call_location_longitude,call_location_latitude
050-8955529,out-call,45,31.4692971966,34.4259296211
050-6609214,in-call,1810,31.4107341049,34.3818626208
050-6444779,in-call,1655,31.4347858836,34.3949088453
050-3889407,out-call,116,31.4494114378,34.3996384531
050-7507483,in-call,381,31.461831831,34.4336324253
050-9021217,out-call,1839,31.3833713124,34.3442343804
050-2828080,in-call,1312,31.4514483207,34.4127582647
