phone_number,call_type,call_duration,call_location_longitude,call_location_latitude
050-3026159,out-call,3112,31.464668615,34.4264227021
050-6429449,out-call,106,31.4033944981,34.3676235338
050-6193169,out-call,31,31.4492221228,34.4006904516
050-5043338,in-call,2016,31.4301101589,34.395858165
050-1725443,in-call,62,31.441839075,34.3949833466
050-4160447,out-call,3113,31.4538183161,34.4024447098
050-5321035,out-call,3537,31.4413035326,34.401937935
050-7871308,out-call,1382,31.4199235194,34.3776264555
