phone_number,call_type,call_duration,call_location_longitude,call_location_latitude
050-1455347,out-call,469,31.4546548661,34.4271987706
050-3893091,in-call,75,33.8866249606,35.5149340642
050-4528999,in-call,78,31.4569254932,34.4384445645
050-2956289,out-call,47,31.4708618725,34.431135406
050-1690161,in-call,57,31.4391514239,34.3977755393
050-6254896,out-call,2980,31.4157724909,34.393524745
050-4601026,out-call,120,33.8867987435,35.5099010903
050-5762682,out-call,117,33.8851787964,35.5079184199
050-1143414,in-call,51,31.4369475704,34.4054259849
