phone_number,call_type,call_duration,call_location_longitude,call_location_latitude
050-5893736,out-call,276,33.8786053091,35.5122634676
050-4017771,in-call,777,31.4205370734,34.3856800739
050-9357090,out-call,3181,31.4253482714,34.3761984665
050-1442870,in-call,28,31.4496953292,34.3978478977
050-1188402,in-call,58,31.4158465005,34.3645049707
050-3726533,out-call,892,31.4387834783,34.395054816
050-7810766,in-call,107,33.8775301521,35.509756261
050-1424342,out-call,20,31.4295461963,34.3946914373
