phone_number,call_type,call_duration,call_location_longitude,call_location_latitude
050-6028084,in-call,2385,31.4501603144,34.4195319989
050-1582597,out-call,118,31.4736049155,34.4283306778
050-4136517,in-call,1057,31.435314252,34.4006599878
050-7078433,in-call,2196,31.4131780742,34.3812560706
050-3924108,in-call,1003,31.4486828052,34.4188968217
050-3460718,in-call,3326,31.4691730429,34.4302045875
050-4310632,in-call,751,31.4495884051,34.4130758048
050-8633095,out-call,75,31.4709138278,34.4288319342
050-7367565,out-call,2508,31.4362783975,34.3926603934
