phone_number,call_type,call_duration,call_location_longitude,call_location_latitude
050-5346678,out-call,12,31.433157463,34.3934557264
050-1769959,in-call,995,31.4835513398,34.4706397323
050-4612726,in-call,99,31.417632918,34.3827312762
050-2357123,out-call,13,31.3972999424,34.3448976702
050-4971570,out-call,106,31.4696698823,34.4276734329
