phone_number,call_type,call_duration,call_location_longitude,call_location_latitude
050-9968682,in-call,3087,31.4084787702,34.3609066047
050-3281826,in-call,101,31.4554249406,34.4191098042
050-2748338,out-call,683,31.447852386,34.414596192
050-8940106,in-call,1055,31.452743567,34.3959797795
050-3161503,out-call,77,31.4708784341,34.4213646607
050-2054612,out-call,57,31.389152653,34.3405247577
050-9005712,out-call,69,31.420842176,34.3851833495
050-4116173,in-call,393,31.4712468707,34.4247683964
