phone_number,call_type,call_duration,call_location_longitude,call_location_latitude
050-6874441,in-call,1446,31.4610094502,34.4162782893
050-9121526,in-call,2056,31.4419959323,34.3848438124
050-6444840,out-call,3263,31.4049770054,34.3859264195
050-5158097,out-call,64,31.4385457728,34.3977431195
050-7228637,in-call,3264,31.4409706744,34.3962708468
050-7533115,out-call,1135,31.424957698,34.3888241994
