phone_number,call_type,call_duration,call_location_longitude,call_location_latitude
050-3581642,out-call,2139,31.4307087686,34.3895655479
050-5441624,out-call,13,31.4426570279,34.4031104791
050-8965650,out-call,1548,31.4129763038,34.3628783718
050-8904680,out-call,1329,31.3862400507,34.3472718665
050-2388577,out-call,504,31.4237112848,34.3874521496
050-7672172,in-call,118,31.4472524464,34.4103935523
050-1236516,out-call,1554,31.4568996835,34.4059279914
