phone_number,call_type,call_duration,call_location_longitude,call_location_latitude
050-1021732,in-call,64,31.407215045,34.3522860762
050-8146046,in-call,697,31.4328930132,34.3965633923
050-1595626,out-call,586,31.4450381738,34.3996303733
050-6475564,out-call,19,31.4381834201,34.4037837012
050-8103593,in-call,16,31.3968175095,34.3559313316
050-9520682,in-call,1109,31.4049410491,34.3665979068
050-9198682,out-call,3078,31.4848330057,34.432157713
050-2922747,out-call,1545,31.4552952345,34.4208360146
