phone_number,call_type,call_duration,call_location_longitude,call_location_latitude
050-9673818,in-call,1120,31.4391718858,34.396361955
050-3231518,in-call,19,31.4517543706,34.4085241991
050-9726899,out-call,1428,31.456208774,34.4190897544
050-4296363,out-call,47,31.4354205335,34.3939575684
050-1522556,in-call,116,31.4380010707,34.4057916107
050-2255741,out-call,3135,31.4624214703,34.4175315392
050-2619429,in-call,179,31.4309647927,34.3961694639
