phone_number,call_type,call_duration,call_location_longitude,call_location_latitude
050-3082738,in-call,1279,31.3979529299,34.3613737637
050-9624019,in-call,86,31.4665216437,34.4237462578
050-3365115,out-call,114,31.4785504279,34.4440227161
050-4181512,in-call,83,31.4360120553,34.3974734394
050-9886449,out-call,776,31.452420656,34.4161056852
050-5689995,out-call,14,31.4366303241,34.3873879188
050-4671659,in-call,52,31.4446920903,34.3961108806
050-7057077,out-call,3457,31.4967405151,34.4794544565
