phone_number,call_type,call_duration,call_location_longitude,call_location_latitude
050-6629448,in-call,63,31.4652046324,34.4551242007
050-9090035,in-call,396,31.4544574661,34.4313135841
050-3713529,in-call,3287,31.4413614209,34.4013467809
050-9345028,in-call,75,31.4655627514,34.4209702962
050-5907710,in-call,401,31.4428240772,34.4018594596
050-2595825,in-call,3135,31.4527549461,34.3909074981
050-3455456,in-call,44,31.4069497354,34.360315644
050-2840761,in-call,2113,31.4544788482,34.4050579782
050-1472133,in-call,29,31.4512251297,34.4041483806
