phone_number,call_type,call_duration,call_location_longitude,call_location_latitude
050-4058367,out-call,3446,31.4580588826,34.4124458903
050-8986881,in-call,35,31.447351767,34.4016116195
050-7997713,in-call,64,31.4037247592,34.3747192423
050-9093122,out-call,1916,31.4127207726,34.3769965571
050-7001749,in-call,1014,31.4117370284,34.3706575913
050-9421957,out-call,96,31.4279677205,34.3867092069
050-1190225,out-call,82,31.422241543,34.406404668
