phone_number,call_type,call_duration,call_location_longitude,call_location_latitude
050-9921902,out-call,47,31.5020581248,34.4738131202
050-3369062,out-call,911,31.490022622,34.4415971282
050-8453244,out-call,2193,31.4585923042,34.4134209929
050-3449769,in-call,2158,31.4350573422,34.3900580067
050-8217639,out-call,74,31.454526573,34.4186203826
050-4934184,out-call,147,31.433150864,34.3948933284
050-6130245,in-call,2024,31.3937981105,34.3525827776
050-3561211,out-call,3568,31.485363633,34.4509617404
050-1853380,in-call,118,31.4149184749,34.3569835653
