phone_number,call_type,call_duration,call_location_longitude,call_location_latitude
050-1100564,out-call,14,31.4433731478,34.3977825474
050-5279441,in-call,2677,31.4497479831,34.402195955
050-5050264,in-call,28,31.4382878368,34.395491078
050-3625165,out-call,2378,31.4066106378,34.3849196238
050-8629149,out-call,2300,31.4332323776,34.4025633965
050-7000542,out-call,1321,31.4174579008,34.3884501867
