phone_number,call_type,call_duration,call_location_longitude,call_location_latitude
050-3304316,in-call,117,31.4267467564,34.4039187911
050-1679292,in-call,3037,31.4712468707,34.4247683964
050-2861182,in-call,55,33.8886224812,35.5115219567
050-5351980,in-call,109,31.4326984518,34.3950829208
050-8343448,out-call,54,31.4430257272,34.4004985928
