phone_number,call_type,call_duration,call_location_longitude,call_location_latitude
050-6994971,out-call,56,31.3822151889,34.3467589721
050-2725706,in-call,19,31.4484040522,34.3909367734
050-1668061,in-call,568,31.4278801466,34.3987717094
050-6762737,in-call,3186,31.456111777,34.4207581345
050-1436034,in-call,77,31.385822627,34.3442859753
050-9260196,in-call,2630,31.4914445101,34.4499362918
