phone_number,call_type,call_duration,call_location_longitude,call_location_latitude
050-8699445,out-call,79,31.4148519665,34.3835109863
050-7940972,out-call,1499,31.4506044667,34.4178692928
050-8954060,in-call,2641,31.4315779079,34.3941159344
050-4290370,out-call,3600,31.4590286771,34.4281576225
050-7474481,out-call,68,31.4518739633,34.4008736109
050-8636159,out-call,1478,31.4456703535,34.4342304819
050-8941594,in-call,120,31.424660193,34.394391851
