phone_number,call_type,call_duration,call_location_longitude,call_location_latitude
050-1550767,in-call,1452,31.4454767953,34.4268658992
050-2445545,in-call,77,33.8859133334,35.5130831506
050-2144522,in-call,2506,31.4381625805,34.380541517
050-9510796,out-call,95,31.4541100456,34.4134023641
050-7789382,out-call,2388,33.887523989,35.5160534134
