phone_number,call_type,call_duration,call_location_longitude,call_location_latitude
050-5738717,out-call,1602,31.4467583256,34.4020658637
050-3128388,out-call,963,31.4049770054,34.3859264195
050-1520676,in-call,25,31.4471477295,34.3997115627
050-4149067,in-call,1572,31.471929331,34.4250709032
050-5223182,in-call,2770,31.4338601973,34.3805799963
