phone_number,call_type,call_duration,call_location_longitude,call_location_latitude
050-2179546,in-call,933,31.4055031208,34.3544080705
050-5656476,out-call,101,31.4371672739,34.36816548
050-9605365,in-call,1097,31.4031420148,34.3644187385
050-7947465,in-call,44,31.4373442273,34.4039693008
050-1604621,out-call,300,31.451267991,34.4143692781
050-1971557,in-call,1796,33.8865915276,35.5110421722
050-9685785,in-call,2526,31.4294953349,34.4082844576
050-4419553,in-call,82,33.8841490241,35.5079598115
050-9451629,out-call,48,31.4392111345,34.405490367
