phone_number,call_type,call_duration,call_location_longitude,call_location_latitude
050-3208875,out-call,2420,31.498998241,34.4752629092
050-6456325,out-call,27,31.4276042876,34.3770869688
050-8676081,in-call,17,31.4501063439,34.4286162994
050-3185414,out-call,111,31.3964524417,34.3550698754
050-9711221,in-call,652,31.4458604296,34.4052658995
050-1854928,in-call,1632,31.455368468,34.4218481946
050-8500957,in-call,1090,31.4348926511,34.4045422985
050-6068020,out-call,2585,31.425650917,34.3804858421
