phone_number,call_type,call_duration,call_location_longitude,call_location_latitude
050-8067016,out-call,2164,31.4140649138,34.3980626745
050-7208539,in-call,22,31.4462128326,34.3987286557
050-7444613,in-call,167,31.4525715165,34.4179409386
050-2668543,in-call,116,31.3962707953,34.3643301257
050-1302688,in-call,38,31.4274057779,34.3904680893
050-3157648,in-call,1647,31.4594954621,34.4318962311
050-3542720,out-call,123,31.4337983902,34.4076154342
