phone_number,call_type,call_duration,call_location_longitude,call_location_latitude
050-4764329,in-call,83,33.8787121211,35.5047207246
050-1063784,in-call,18,33.8817445545,35.5084438397
050-4171853,in-call,75,31.4066106378,34.3849196238
050-8500152,out-call,3593,31.424660193,34.394391851
050-4871115,out-call,2565,31.4452939129,34.4255934397
050-8686571,out-call,52,31.3954012096,34.3570534977
050-4787246,out-call,22,33.8825884542,35.5045138007
050-4902470,in-call,1775,31.4167266137,34.3672093993
