phone_number,call_type,call_duration,call_location_longitude,call_location_latitude
050-9419060,out-call,96,31.4308724599,34.3672467676
050-9205942,in-call,401,31.4695142151,34.4269964954
050-8527849,in-call,1251,31.420842176,34.3851833495
050-8397933,out-call,63,31.405588311,34.3548130307
050-5546228,in-call,1066,31.4112950934,34.3576686757
050-4531226,out-call,3202,31.3872411938,34.3453027767
