phone_number,call_type,call_duration,call_location_longitude,call_location_latitude
050-7513566,out-call,25,31.4373128691,34.3902485868
050-4446224,out-call,705,31.4390812709,34.4044036745
050-9485398,out-call,118,31.4719634285,34.4309776002
050-7659139,in-call,79,31.4270671505,34.4005313058
050-7961206,in-call,3040,31.4234741045,34.38287912
050-3962414,in-call,2591,31.4230635906,34.3714468762
050-9364953,out-call,1618,31.4309876208,34.3777002009
050-8820175,out-call,467,31.4031906299,34.3788239843
