phone_number,call_type,call_duration,call_location_longitude,call_location_latitude
050-3818614,in-call,15,31.4103298109,34.3721085773
050-1286789,in-call,47,31.4659136307,34.4211691711
050-6883504,out-call,48,31.4049922108,34.3634288489
050-4099539,in-call,1455,31.4161864927,34.3796728554
050-9674094,in-call,2499,31.4550729157,34.4343726738
050-1145228,out-call,80,31.4530757281,34.4085422369
050-6538934,in-call,1398,31.4386518035,34.4005732596
050-4508152,in-call,62,31.4110347867,34.3670389653
050-4164809,out-call,2337,31.4313191942,34.384051754
