phone_number,call_type,call_duration,call_location_longitude,call_location_latitude
050-7544131,out-call,72,31.4328667185,34.4082833473
050-9640385,in-call,87,31.4669188229,34.4130044613
050-4660922,in-call,100,31.4725248164,34.43393413
050-6331204,in-call,97,31.4272715883,34.375537555
050-7839254,out-call,103,31.4368520613,34.4098224191
