phone_number,call_type,call_duration,call_location_longitude,call_location_latitude
050-4925840,out-call,74,31.4417307849,34.4075239434
050-4247695,out-call,50,31.4234617304,34.3585284665
050-3861925,out-call,16,31.4113534655,34.3823371699
050-8076796,out-call,2202,31.4529087465,34.4053783049
050-2135262,out-call,3462,31.4140649138,34.3980626745
050-5298673,out-call,3514,31.4231938774,34.38401386
050-6091313,in-call,62,31.4348366688,34.3941669491
050-6479885,out-call,1217,31.461416456,34.4024405223
050-6741158,out-call,66,31.3928732277,34.3629274633
