phone_number,call_type,call_duration,call_location_longitude,call_location_latitude
050-2750157,out-call,77,31.4190352973,34.3807271745
050-2497009,out-call,87,31.4069063046,34.3637614618
050-7439057,out-call,3537,31.4445290405,34.3846788104
050-1724964,in-call,398,31.4083822926,34.3693030959
050-2898817,in-call,64,31.4337983902,34.4076154342
050-7859574,in-call,96,31.5022242021,34.4600992633
