phone_number,call_type,call_duration,call_location_longitude,call_location_latitude
050-9972421,out-call,2040,31.4162083827,34.3739515191
050-7447256,out-call,3405,31.4469586191,34.392576195
050-2931110,in-call,84,31.4535392686,34.4145502688
050-8132613,out-call,1946,31.4338988379,34.389212739
050-2996875,out-call,965,31.4323622028,34.3934769973
050-3756676,out-call,3009,31.3482112496,34.3055936669
