phone_number,call_type,call_duration,call_location_longitude,call_location_latitude
050-4070068,in-call,105,33.8830854018,35.5155753611
050-8798368,out-call,3114,33.8799882061,35.5089737301
050-9930417,out-call,45,31.449986004,34.4152590834
050-3159333,out-call,1793,31.4730216379,34.4242009978
050-9463182,out-call,2169,31.4363642316,34.3936684462
050-1901094,in-call,63,31.4031420148,34.3644187385
050-4083760,in-call,3033,31.4386588765,34.3857056722
