phone_number,call_type,call_duration,call_location_longitude,call_location_latitude
050-6776157,out-call,325,31.4433977902,34.3961668095
050-6286486,out-call,16,31.4263048793,34.3833056213
050-5028041,out-call,16,31.4635264613,34.406065624
050-9797913,in-call,661,31.4280386202,34.3925854281
050-5728766,out-call,2660,31.4634334092,34.4462382644
