phone_number,call_type,call_duration,call_location_longitude,call_location_latitude
050-7606176,in-call,94,31.4229053989,34.3869837473
050-2958288,in-call,212,31.3982620241,34.3583174277
050-7643389,in-call,1900,31.4136308131,34.341840473
050-1414005,out-call,39,31.4349453108,34.3843554233
050-9131219,in-call,198,31.4041511381,34.3608325847
050-3256922,in-call,928,31.428942947,34.3982103655
050-6291307,in-call,621,31.4034328142,34.3598512029
050-5711924,in-call,26,31.4571179247,34.4134587603
