phone_number,call_type,call_duration,call_location_longitude,call_location_latitude
050-8177347,in-call,41,31.4559716643,34.4434345863
050-1891403,in-call,3053,31.4682063725,34.4206283924
050-2859386,out-call,2215,31.4107369289,34.3684967328
050-8672603,out-call,118,31.4458317659,34.4055930636
050-1999953,out-call,2994,31.4273946827,34.4057252289
050-1128128,out-call,1136,31.4268995354,34.3985080043
050-2048889,in-call,16,31.4337494101,34.3939106171
050-6425576,in-call,112,31.4147980631,34.3800927639
