phone_number,call_type,call_duration,call_location_longitude,call_location_latitude
050-4823647,out-call,1061,31.4243287446,34.3902574915
050-5762414,in-call,3172,31.4444202209,34.3968488528
050-7509839,out-call,703,31.4403411798,34.3873686804
050-4923321,in-call,60,31.4224145964,34.3754983399
050-6059650,in-call,89,31.4060012279,34.369494019
050-9081646,out-call,10,31.4499256536,34.4090287512
050-8689657,out-call,56,31.4403166956,34.3811340004
050-2273239,out-call,78,31.4284910165,34.3861927999
