phone_number,call_type,call_duration,call_location_longitude,call_location_latitude
050-1372856,out-call,80,31.4736520256,34.4527807968
050-8324502,out-call,80,31.3749834717,34.3286903181
050-6800469,in-call,2216,31.4499817867,34.3992943621
050-4558708,in-call,1780,31.4728527694,34.4111748379
050-9934070,in-call,1583,31.4384880481,34.3981010659
050-3602389,out-call,599,31.4370578735,34.401063856
