phone_number,call_type,call_duration,call_location_longitude,call_location_latitude
050-5224723,in-call,30,31.4257457624,34.3809272756
050-1785442,out-call,2672,31.4506972011,34.4133697916
050-3626284,out-call,1132,31.4430726175,34.3987637438
050-8340889,in-call,73,31.4338932216,34.4066446103
050-2000273,out-call,65,31.4630001696,34.4225278206
050-3643320,out-call,44,31.4213026926,34.3835920136
050-2496457,out-call,1713,31.4392375793,34.410003846
050-5518184,in-call,91,31.4347344354,34.3861882562
050-3172620,out-call,1992,31.3954797265,34.3459285237
