phone_number,call_type,call_duration,call_location_longitude,call_location_latitude
050-4225545,out-call,14,31.4118965071,34.3687407544
050-6673441,out-call,75,33.8874445811,35.5128822708
050-2399157,in-call,485,31.4463055876,34.4040787347
050-3776605,in-call,115,31.415128337,34.3798499977
050-2125149,out-call,1084,33.8801044406,35.5137220572
