phone_number,call_type,call_duration,call_location_longitude,call_location_latitude
050-9951345,out-call,57,31.4542974773,34.4114383169
050-9947334,out-call,3551,31.4494986979,34.4184553542
050-5677915,in-call,54,31.4307822984,34.388406534
050-4322080,out-call,46,31.4470302148,34.4135183024
050-2332109,out-call,3510,31.4510318282,34.4066460528
050-3792422,in-call,46,31.4815222942,34.4476623283
050-1835872,in-call,3068,31.4558505675,34.4178950454
