phone_number,call_type,call_duration,call_location_longitude,call_location_latitude
050-4104618,in-call,119,31.4135464812,34.3725619767
050-3028605,out-call,45,31.460228523,34.423982408
050-4826603,out-call,3216,31.4650437329,34.4324394564
050-9676103,out-call,3311,31.4402956857,34.4060469113
050-3873071,in-call,67,33.8821127549,35.5068053205
050-2366988,in-call,26,33.8797215914,35.5115123768
050-6276441,in-call,98,33.8850677438,35.5092348147
050-6364959,in-call,3526,31.4463790327,34.4106844012
050-4826336,out-call,61,33.8802330907,35.504198095
