phone_number,call_type,call_duration,call_location_longitude,call_location_latitude
050-3162329,in-call,86,31.4691730429,34.4302045875
050-9490581,out-call,36,31.464565257,34.4148822912
050-7257495,out-call,66,31.426323491,34.3854322019
050-5197830,in-call,191,31.4992159189,34.4664007531
050-3620777,out-call,2644,31.4698572138,34.4225874378
