phone_number,call_type,call_duration,call_location_longitude,call_location_latitude
050-8637697,in-call,3240,31.447844989,34.4027976613
050-6180496,in-call,2549,31.4086131964,34.3802507149
050-8135818,in-call,44,31.4436798951,34.4389893188
050-4245003,out-call,2128,31.4280620483,34.3921067828
050-7695568,out-call,67,31.4098592796,34.3758426452
050-3199542,in-call,942,31.3842509301,34.3214649828
050-3053718,in-call,770,31.4297435136,34.3836886367
