phone_number,call_type,call_duration,call_location_longitude,call_location_latitude
050-3433100,in-call,23,31.4354349949,34.3902795875
050-2464622,in-call,3388,31.4279705896,34.3787156544
050-6709842,in-call,3317,31.4413937428,34.3963296062
050-7420905,in-call,1015,31.4352005479,34.3971917985
050-8230986,in-call,110,31.4727354024,34.4441666346
050-3708831,out-call,15,31.4045306122,34.3521696249
