phone_number,call_type,call_duration,call_location_longitude,call_location_latitude
050-7507554,in-call,115,31.4570143531,34.4156599205
050-1690140,in-call,1755,31.4326450252,34.3932483955
050-3592202,in-call,1006,31.4385619375,34.4246431436
050-8602403,in-call,102,31.4317323304,34.4007887232
050-9824586,out-call,2585,31.4422117853,34.4067070536
050-2901308,in-call,1727,31.3825966801,34.340837749
050-9101831,out-call,46,31.4006742524,34.3559807709
050-8893076,in-call,980,31.4493404792,34.4179032906
050-3089495,in-call,3449,33.8900774872,35.5131007083
