phone_number,call_type,call_duration,call_location_longitude,call_location_latitude
050-3944793,in-call,985,31.4378217347,34.3978360246
050-8417800,in-call,43,31.4545178257,34.4133817085
050-5094348,out-call,65,31.4545277388,34.4193947467
050-6976647,out-call,2555,31.3964097436,34.3651422961
050-9557968,in-call,40,31.4660025703,34.4356755208
050-3458342,in-call,405,31.4385789726,34.4065191497
050-1476652,in-call,24,31.432859593,34.3883905272
050-2266779,out-call,2736,31.4310188263,34.3890440738
