phone_number,call_type,call_duration,call_location_longitude,call_location_latitude
050-8894540,in-call,1101,31.4703623321,34.4351551809
050-3686900,out-call,3572,31.4446135953,34.4162151095
050-1030252,in-call,3455,31.4512989935,34.416649679
050-9464639,out-call,18,31.4480823815,34.4068266207
050-5154364,in-call,17,31.4234619448,34.3831435541
050-5572166,in-call,84,31.4469083706,34.4066627561
050-7999979,in-call,2211,31.4755471706,34.4177675191
