phone_number,call_type,call_duration,call_location_longitude,call_location_latitude
050-8758891,out-call,3205,31.4400561152,34.3947063133
050-3357342,in-call,2097,31.4237592114,34.3940960436
050-9645840,in-call,29,31.4201198402,34.3693389358
050-5437285,out-call,1159,31.4090306661,34.3688591437
050-9173252,out-call,3414,31.4531180041,34.4095824841
050-2820853,in-call,3191,31.4538352811,34.4086162367
050-3656134,out-call,3250,31.4188102445,34.3632079763
