phone_number,call_type,call_duration,call_location_longitude,call_location_latitude
050-3100820,in-call,85,31.3719067003,34.3199964092
050-1425684,out-call,61,33.8817518855,35.5107388074
050-9468746,out-call,45,33.8920836518,35.5137020929
050-5634712,out-call,3039,31.4177345194,34.3743932807
050-2802111,in-call,828,33.8861472482,35.5101600598
