phone_number,call_type,call_duration,call_location_longitude,call_location_latitude
050-3908195,in-call,1381,31.4175246731,34.3814944181
050-5303758,in-call,1815,31.4388616463,34.4150960799
050-9132196,in-call,37,31.4466711021,34.3832928728
050-4119717,out-call,2672,31.4671193485,34.4277434435
050-2949101,in-call,3511,31.4330412288,34.367806764
050-1810203,out-call,1325,31.437852869,34.3828812789
050-8875524,out-call,74,31.4306594897,34.3805390564
