phone_number,call_type,call_duration,call_location_longitude,call_location_latitude
050-4374741,in-call,25,31.4156990221,34.3824939225
050-5804057,out-call,68,31.4575552952,34.4220108024
050-3887739,in-call,24,31.4205611551,34.3740377079
050-1285361,out-call,245,31.4541563371,34.4245423846
050-2025555,out-call,66,31.4306595585,34.3947454446
050-2996277,in-call,225,31.4598235601,34.4170968866
050-2866787,out-call,209,31.4462557567,34.3885137175
050-3809619,out-call,82,31.4717161641,34.4212865208
