phone_number,call_type,call_duration,call_location_longitude,call_location_latitude
050-5551839,in-call,949,31.4061136222,34.370268277
050-5141597,in-call,394,31.4043331918,34.3587170186
050-9550274,out-call,59,31.4169484824,34.3824589636
050-5136683,in-call,1241,31.4383626951,34.3875963347
050-7767603,in-call,3483,31.4648057224,34.4409318958
050-5833957,out-call,3086,31.4630848975,34.442072938
050-6997968,in-call,384,31.4696698823,34.4276734329
050-3954915,in-call,2781,31.4533008159,34.4074781168
