phone_number,call_type,call_duration,call_location_longitude,call_location_latitude
050-1922753,in-call,50,31.4679058118,34.4224714444
050-9513879,in-call,64,31.4195508048,34.3713308117
050-4669476,in-call,43,31.4429222684,34.3961059878
050-2297489,out-call,46,31.436392582,34.3833878316
050-3623666,in-call,46,31.4590286771,34.4281576225
