phone_number,call_type,call_duration,call_location_longitude,call_location_latitude
050-2450753,in-call,116,31.4274011529,34.3870169805
050-7652729,in-call,2028,31.428942947,34.3982103655
050-3369779,in-call,66,31.4597984225,34.4200520668
050-3503085,in-call,51,31.4270211801,34.3869089837
050-5334940,in-call,50,31.4468411826,34.3993942754
050-1594638,in-call,10,31.4484286261,34.4066835761
