phone_number,call_type,call_duration,call_location_longitude,call_location_latitude
050-2774587,in-call,2680,31.4083495816,34.3594090593
050-4616407,in-call,2501,31.4187879938,34.3743405784
050-8501801,in-call,2854,31.441776645,34.3955158486
050-1206414,out-call,45,31.4014824247,34.3489007758
050-1891287,in-call,3448,31.4515770045,34.4235326192
