phone_number,call_type,call_duration,call_location_longitude,call_location_latitude
050-4028789,in-call,96,31.4084787702,34.3609066047
050-1985009,in-call,45,31.4305247059,34.3822801398
050-1741432,in-call,19,31.462075563,34.4139170153
050-5493001,in-call,29,31.4388904212,34.3882229737
050-1701897,in-call,2909,31.4335159393,34.3946373005
050-6503721,out-call,27,31.453630424,34.4146475583
050-9102931,in-call,73,31.4515412474,34.4048753679
050-3837414,in-call,10,31.4542990104,34.4271012428
050-2146961,in-call,573,31.4328044296,34.4082060274
