phone_number,call_type,call_duration,call_location_longitude,call_location_latitude
050-8747571,in-call,11,31.4658315692,34.4160699081
050-4001696,out-call,1519,31.4798897176,34.4464253934
050-1222810,in-call,2925,31.4702393429,34.4273434564
050-8265894,in-call,94,31.4250460553,34.3761883398
050-8672755,out-call,56,31.419162065,34.3745411998
050-4435685,in-call,14,31.4525646833,34.4270111119
050-4674415,out-call,1613,31.4204570439,34.3826655589
050-7042023,out-call,1990,31.4280235111,34.4008444866
050-7223400,out-call,1997,31.3823967567,34.3554187523
