phone_number,call_type,call_duration,call_location_longitude,call_location_latitude
050-2854271,in-call,141,31.4036812729,34.3512762132
050-2097499,in-call,33,31.4279586924,34.3935529917
050-1300372,out-call,38,31.4326121506,34.3855249179
050-5329432,out-call,2907,31.4587017149,34.4074920894
050-1945752,in-call,65,31.4169484035,34.3822955276
050-2840644,in-call,2807,31.4823877718,34.4593157597
050-3025483,in-call,2270,31.4545460453,34.4128195195
050-5968735,out-call,101,31.454526573,34.4186203826
