phone_number,call_type,call_duration,call_location_longitude,call_location_latitude
050-8814466,in-call,2130,31.4799803596,34.4387355865
050-6826900,in-call,2150,31.4465967745,34.4069179843
050-7314147,in-call,76,31.4627610693,34.4326189674
050-1402527,in-call,745,31.3963394091,34.3555962153
050-2368468,out-call,1913,31.5227706158,34.4741922676
