phone_number,call_type,call_duration,call_location_longitude,call_location_latitude
050-4854236,out-call,2193,31.4685785521,34.4291659682
050-5783176,out-call,454,31.4325174225,34.4152253605
050-7184244,in-call,110,31.4546956707,34.3993998996
050-2274155,in-call,76,31.4239755896,34.3785988308
050-9985971,out-call,2671,31.4728527694,34.4111748379
050-3260341,in-call,58,31.4506972011,34.4133697916
050-5221533,out-call,3232,31.453458478,34.4134012347
050-7956970,in-call,3013,31.4346340935,34.3922150047
050-2039379,out-call,73,31.430653199,34.4095956262
