phone_number,call_type,call_duration,call_location_longitude,call_location_latitude
050-4684184,in-call,16,31.3739245543,34.3235905199
050-2141504,out-call,3097,31.4044659489,34.3522419898
050-2574762,in-call,523,33.8797316684,35.5154485475
050-7723375,in-call,105,33.8814216902,35.5094601741
050-9520345,in-call,1305,31.4244857612,34.4078660853
050-6100098,in-call,1739,31.4537893761,34.4269484016
050-2295494,out-call,973,31.4283391718,34.3835671256
