phone_number,call_type,call_duration,call_location_longitude,call_location_latitude
050-4570580,out-call,63,31.486502466,34.4487973666
050-9942438,out-call,111,31.437834981,34.3823979353
050-8470581,out-call,3342,31.4508077812,34.4085697056
050-8906110,in-call,37,31.4669188229,34.4130044613
050-9862939,out-call,3333,31.4884414642,34.4515453198
050-2624639,in-call,31,31.4669188229,34.4130044613
050-4048695,out-call,1111,31.4092371738,34.3677696171
050-6156156,in-call,2481,31.4449773092,34.4082741039
050-7345806,in-call,1117,31.443456043,34.4087289702
