phone_number,call_type,call_duration,call_location_longitude,call_location_latitude
050-4305590,in-call,362,31.3912179258,34.3657536814
050-4463135,in-call,46,31.4858741025,34.4393241508
050-9456317,in-call,56,31.4607677248,34.4124885718
050-5415662,in-call,110,31.4385996308,34.3989929983
050-9607408,in-call,2822,31.4281649643,34.4064688682
050-7666749,in-call,32,31.4266481866,34.3747672025
