phone_number,call_type,call_duration,call_location_longitude,call_location_latitude
050-8528348,out-call,607,31.414632508,34.3663111261
050-3169239,in-call,13,31.4593190357,34.4098760062
050-3412820,in-call,71,31.4784777028,34.4497611017
050-1067736,in-call,116,31.4343411187,34.3998402603
050-3979683,out-call,93,31.4561608521,34.4103252026
050-4805016,in-call,379,31.4417814299,34.4096082206
050-7839653,out-call,2989,31.4617153965,34.4140168053
