phone_number,call_type,call_duration,call_location_longitude,call_location_latitude
050-3691007,in-call,339,31.4394019683,34.384228531
050-1579121,in-call,79,31.3832159904,34.3480207633
050-7364946,out-call,2444,31.4753714476,34.4445526749
050-5004329,out-call,98,31.4547194828,34.407581425
050-1743035,in-call,57,31.463172224,34.4259595387
050-6786928,out-call,136,31.3981683247,34.3706654204
