phone_number,call_type,call_duration,call_location_longitude,call_location_latitude
050-6702848,in-call,1489,31.430431935,34.3899711153
050-5267263,in-call,2495,31.461416456,34.4024405223
050-4543217,out-call,13,33.8851291444,35.5142854902
050-1566306,in-call,470,31.4542974773,34.4114383169
050-8236463,out-call,653,33.8847210521,35.5053325432
050-8783975,out-call,45,31.4539040944,34.4236680702
050-6946104,in-call,54,33.8815371366,35.512182095
050-3308855,in-call,51,31.4374752113,34.4023865374
050-4652010,out-call,1861,33.8813578444,35.5067912534
