phone_number,call_type,call_duration,call_location_longitude,call_location_latitude
050-3553689,out-call,117,31.4282274098,34.388868222
050-2892836,in-call,2231,31.485363633,34.4509617404
050-2957872,out-call,36,31.474057618,34.4224124108
050-4137007,out-call,1589,31.4455988455,34.4119655077
050-1291365,out-call,1545,31.4190452368,34.3664909845
050-2198336,in-call,2009,31.4374856303,34.4002043354
050-2967548,in-call,1001,31.4301998054,34.3898005265
