phone_number,call_type,call_duration,call_location_longitude,call_location_latitude
050-5331867,in-call,1109,31.426323491,34.3854322019
050-6362277,in-call,2598,31.420895655,34.3817049454
050-7720229,out-call,101,31.4061644518,34.3820006084
050-4395327,out-call,3423,31.4134927474,34.3754286199
050-9697599,in-call,81,31.4785768407,34.4343381975
050-7583026,out-call,238,31.4352133489,34.4186304511
050-2907085,in-call,45,31.4512788511,34.4205769266
