phone_number,call_type,call_duration,call_location_longitude,call_location_latitude
050-5650023,in-call,99,31.4603642865,34.4130814847
050-4975109,in-call,23,31.4524964991,34.4041675235
050-2746267,out-call,13,31.4667911202,34.4479050281
050-7168370,in-call,43,31.4140418764,34.367672555
050-4805817,out-call,1089,31.4743680365,34.455152636
050-7159152,in-call,2673,31.4843975827,34.4381730175
