phone_number,call_type,call_duration,call_location_longitude,call_location_latitude
050-4288078,out-call,977,33.8827811872,35.5104709175
050-2429354,in-call,76,31.4426894422,34.3927933524
050-6422703,in-call,100,33.8851107807,35.5103471727
050-8945281,in-call,10,33.885806845,35.5088335278
050-7115683,in-call,46,31.4187621272,34.3586306093
050-2253200,in-call,107,31.4417736112,34.3866366484
050-7089344,in-call,2355,33.8840159857,35.5108960918
