phone_number,call_type,call_duration,call_location_longitude,call_location_latitude
050-9185200,out-call,514,31.4200961198,34.3764711284
050-3315077,in-call,1461,31.4508077812,34.4085697056
050-8585698,in-call,2672,31.4307934483,34.3916203333
050-6185478,out-call,718,31.4517873642,34.4209702852
050-2468003,out-call,92,31.3829888268,34.34145407
