phone_number,call_type,call_duration,call_location_longitude,call_location_latitude
050-6968137,in-call,35,31.4213919504,34.3724990581
050-8533530,out-call,892,33.8877897465,35.5074206904
050-2678707,in-call,3548,31.4370695963,34.4088936968
050-2811397,out-call,3031,33.8838571176,35.5091781054
050-6636699,in-call,2079,31.4165387982,34.3641255894
050-5945019,in-call,606,31.3886908493,34.3609132163
050-3655037,in-call,3494,33.8853808766,35.5107519748
050-6363813,in-call,3099,31.4192100878,34.3628853127
050-2794045,in-call,589,31.4123947546,34.3791204322
