phone_number,call_type,call_duration,call_location_longitude,call_location_latitude
050-4855734,out-call,3354,31.4392452597,34.399214613
050-5251834,in-call,81,31.4599203724,34.4105771563
050-9020978,out-call,85,31.4502932705,34.4025938174
050-5071921,in-call,397,33.8839638891,35.5080506454
050-7075398,out-call,93,31.4185993184,34.3709371759
050-7707976,in-call,70,33.8859133334,35.5130831506
050-4086995,in-call,21,31.4517164751,34.4120868117
