phone_number,call_type,call_duration,call_location_longitude,call_location_latitude
050-6307800,in-call,487,31.4035875439,34.382009473
050-5812838,in-call,34,31.4223005817,34.35121829
050-6560348,out-call,2397,31.4612296814,34.4240860871
050-4778674,in-call,79,31.4303378786,34.4007763969
050-7358463,out-call,11,31.4026071956,34.3605519156
050-6232732,out-call,2960,31.4633683608,34.4336103653
050-1930358,in-call,342,33.8772307192,35.5050558427
