phone_number,call_type,call_duration,call_location_longitude,call_location_latitude
050-6719793,out-call,1618,31.4173609544,34.3925726993
050-3165233,out-call,86,31.441776645,34.3955158486
050-8726944,out-call,567,31.4086131964,34.3802507149
050-1046352,in-call,73,31.4499786971,34.4132102445
050-3344058,out-call,25,31.4430300003,34.4124137017
050-7984852,out-call,15,31.4437286063,34.3984934263
050-7379784,out-call,1130,31.4191039696,34.3648194551
050-2158035,in-call,1918,31.4548860366,34.4160087076
