phone_number,call_type,call_duration,call_location_longitude,call_location_latitude
050-5429669,out-call,31,31.4073649786,34.3625659688
050-8496111,out-call,17,31.4746404412,34.4272803732
050-7534688,out-call,90,31.4428185856,34.3963264571
050-2392326,in-call,2070,31.4763139104,34.4367003559
050-8569959,in-call,1207,31.4496953292,34.3978478977
050-8488739,out-call,87,31.4628455458,34.4420286977
