phone_number,call_type,call_duration,call_location_longitude,call_location_latitude
050-8381183,out-call,100,31.444388847,34.4069642737
050-1889177,out-call,88,31.4681826019,34.4401773732
050-3056227,out-call,1664,31.4056427054,34.3785637498
050-7677582,out-call,20,31.4273740225,34.3886812776
050-8896353,out-call,52,31.4430310154,34.4009785391
050-5696471,in-call,16,31.4570100872,34.4149467196
050-8559319,out-call,57,31.4580397291,34.4304864698
050-4494953,out-call,3454,31.4038426611,34.3606732576
050-2159262,in-call,2861,31.4557358617,34.4153778893
