phone_number,call_type,call_duration,call_location_longitude,call_location_latitude
050-4249396,out-call,54,31.4613897973,34.4112839788
050-7142955,out-call,2566,31.3982620241,34.3583174277
050-5848816,out-call,19,31.4417967739,34.3845894467
050-3288172,out-call,42,31.4168262191,34.388012811
050-2649703,in-call,89,31.4674827402,34.4436293013
050-7822051,out-call,67,31.4348672707,34.4139604682
