phone_number,call_type,call_duration,call_location_longitude,call_location_latitude
050-7654959,in-call,73,31.4477355764,34.4162125087
050-6298914,out-call,116,31.438051213,34.3791333578
050-7035111,out-call,77,31.4324290427,34.3855661562
050-6654912,out-call,116,31.4184986546,34.3568395321
050-6020244,out-call,91,31.3906506448,34.3459344356
050-4738446,in-call,3208,31.4046765907,34.3735994441
050-6012123,in-call,2834,31.437834981,34.3823979353
050-4097351,out-call,2210,31.43541828,34.3965619541
050-6162671,out-call,51,31.4582875396,34.44089451
