phone_number,call_type,call_duration,call_location_longitude,call_location_latitude
050-6932373,in-call,938,31.4885863562,34.4567116398
050-1992292,out-call,29,31.4301998054,34.3898005265
050-3992109,out-call,25,31.4135464812,34.3725619767
050-7878211,in-call,1814,31.4880066981,34.4522463366
050-8249637,in-call,97,31.4750874606,34.4231634843
050-6888208,in-call,745,31.4123715974,34.3870598644
050-9290768,out-call,746,31.4293170494,34.4007217759
050-9695691,out-call,84,31.4514120888,34.4006071603
050-4117298,out-call,3351,31.458987837,34.4166239642
