phone_number,call_type,call_duration,call_location_longitude,call_location_latitude
050-1472077,out-call,1669,31.4574880494,34.4111787686
050-3073619,in-call,41,31.4654008608,34.416198526
050-9853080,out-call,14,31.436767422,34.401918099
050-3861109,in-call,2147,31.4382090134,34.3989156963
050-9389637,in-call,2794,31.4279677205,34.3867092069
050-9051410,in-call,72,31.4469780968,34.3996771667
050-4216530,in-call,109,31.4326450252,34.3932483955
050-4473546,out-call,3077,31.4708688293,34.4311781285
050-1931525,in-call,78,31.4070921331,34.3713602009
