phone_number,call_type,call_duration,call_location_longitude,call_location_latitude
050-7202632,in-call,27,31.4345941561,34.3945352005
050-5407984,out-call,3498,31.4445991595,34.4221561352
050-8890052,out-call,3548,31.4879485888,34.455290317
050-1792388,out-call,51,31.4517873642,34.4209702852
050-9402330,out-call,53,31.4410271138,34.4137898743
