phone_number,call_type,call_duration,call_location_longitude,call_location_latitude
050-5657640,in-call,49,31.4333784235,34.4050302574
050-9168065,out-call,54,31.4130549674,34.367587658
050-2922990,out-call,36,31.4293130986,34.3902472942
050-9974500,out-call,18,31.4062280341,34.3638172687
050-1220326,in-call,915,31.440518809,34.4033485483
050-6458937,out-call,80,31.4500029158,34.4032726687
