phone_number,call_type,call_duration,call_location_longitude,call_location_latitude
050-3338272,in-call,115,31.4634251655,34.4125154898
050-5796540,out-call,37,31.4459275822,34.4147254406
050-2342789,in-call,58,31.4607006909,34.3941334216
050-3915705,in-call,120,31.4139744975,34.3542102019
050-2854795,in-call,17,31.4097964538,34.3785491511
050-5255787,out-call,52,31.4212527666,34.3735332007
050-4174350,in-call,69,31.4807382535,34.440847793
050-7618049,in-call,42,31.4608181609,34.4170807328
