phone_number,call_type,call_duration,call_location_longitude,call_location_latitude
050-3270018,out-call,34,31.4328667185,34.4082833473
050-3702959,in-call,95,31.4630848975,34.442072938
050-8823333,in-call,85,31.4366501824,34.3975630654
050-4570396,in-call,774,31.4649740924,34.4247039335
050-6247730,out-call,20,31.4501894203,34.4126437306
050-6329373,out-call,1685,31.4283518549,34.3859179079
050-5720130,out-call,1013,31.3894362705,34.3530254854
050-2922168,in-call,85,31.4629425803,34.4335085324
