phone_number,call_type,call_duration,call_location_longitude,call_location_latitude
050-7954651,out-call,101,31.405160356,34.3727799946
050-7493662,in-call,1565,31.424957698,34.3888241994
050-6559009,in-call,12,31.4344076518,34.3818965719
050-9685264,out-call,838,31.4719634285,34.4309776002
050-4404900,out-call,1973,31.4561445102,34.417527868
050-1643056,out-call,45,31.448856655,34.4224427803
050-4863220,out-call,99,31.387795946,34.3401116833
050-7891625,in-call,1798,31.4285227625,34.4054934544
