phone_number,call_type,call_duration,call_location_longitude,call_location_latitude
050-1598945,out-call,25,31.4891527748,34.4501869125
050-2592970,out-call,3392,31.416003025,34.37539865
050-4795799,in-call,96,31.4337066543,34.3898289074
050-2004081,in-call,1778,31.4610039158,34.4234100941
050-8151038,out-call,2065,31.4257558252,34.3906862008
050-9761605,out-call,1189,31.451267991,34.4143692781
