phone_number,call_type,call_duration,call_location_longitude,call_location_latitude
050-7129480,in-call,1110,31.4535079327,34.4146466823
050-6780786,out-call,69,31.4260448354,34.3777625915
050-9026830,in-call,92,31.450208461,34.4038100147
050-3458941,in-call,80,31.4479745525,34.3791284373
050-5027528,out-call,1152,31.415128337,34.3798499977
050-9122880,in-call,3462,31.4224901731,34.3897167636
050-6337715,in-call,65,31.4303410848,34.3934815546
050-3916001,out-call,1741,31.4427137803,34.3849687836
