phone_number,call_type,call_duration,call_location_longitude,call_location_latitude
050-2088548,out-call,92,31.4127207726,34.3769965571
050-9082410,in-call,2751,31.4133951016,34.379216417
050-8647018,in-call,1778,31.3803635313,34.3259423839
050-5195080,out-call,54,31.4385560448,34.3883994159
050-4838656,out-call,19,33.8825707484,35.5104293836
