phone_number,call_type,call_duration,call_location_longitude,call_location_latitude
050-5587209,out-call,13,31.4823877718,34.4593157597
050-4712897,in-call,1886,33.8905931562,35.5124146713
050-3391725,out-call,942,33.8774634991,35.5085170394
050-3686537,out-call,1873,31.4423616318,34.4057730052
050-7622380,out-call,109,31.432859593,34.3883905272
050-7915889,out-call,17,31.4681831927,34.4188164461
050-3496962,out-call,223,33.8850723704,35.5028704083
050-5613931,out-call,78,33.8803355554,35.5126163675
