phone_number,call_type,call_duration,call_location_longitude,call_location_latitude
050-2260446,out-call,98,31.4505873221,34.4213379766
050-4951431,in-call,199,31.4739884871,34.424485797
050-2521501,in-call,1785,31.4161864927,34.3796728554
050-7598844,in-call,2554,31.3915603839,34.3284492597
050-5829330,in-call,13,31.4701113302,34.4333222055
050-7709236,in-call,31,31.4776078052,34.4431658607
050-7968161,in-call,57,31.410230956,34.3739076256
050-7637237,in-call,2746,31.4250916043,34.3919194569
