phone_number,call_type,call_duration,call_location_longitude,call_location_latitude
050-8983391,in-call,1466,31.4212398072,34.3754877346
050-9930445,out-call,2322,31.4442251936,34.3941710724
050-4312544,in-call,1082,31.4559717137,34.4295491368
050-3865246,in-call,1697,31.4260471793,34.3863774138
050-8425619,out-call,2248,31.4710794232,34.4341282607
