phone_number,call_type,call_duration,call_location_longitude,call_location_latitude
050-9528455,out-call,3589,31.4394444886,34.3925326706
050-1646666,in-call,601,31.4129147332,34.366881325
050-5202310,out-call,2267,31.423475336,34.3757324245
050-7487103,in-call,100,31.4239428485,34.3867305223
050-3041078,out-call,39,31.4596570123,34.4122338328
050-7916976,in-call,32,31.4187621272,34.3586306093
050-7038645,in-call,74,31.4281965923,34.3874116481
050-5080541,in-call,2053,31.4092371738,34.3677696171
