phone_number,call_type,call_duration,call_location_longitude,call_location_latitude
050-4081442,out-call,62,31.4665697473,34.4383830502
050-5994689,out-call,43,31.4371010519,34.4053865203
050-4754210,out-call,57,31.4548688855,34.3968434695
050-6212412,in-call,11,31.4413937428,34.3963296062
050-4701847,in-call,3571,31.4198045009,34.3876020341
050-1458056,in-call,68,31.469176327,34.4324691068
050-3050529,in-call,2225,31.420842176,34.3851833495
050-4605723,out-call,56,31.4257540862,34.3875693378
050-8916256,in-call,1094,31.4302923992,34.3937434659
