phone_number,call_type,call_duration,call_location_longitude,call_location_latitude
050-6844608,in-call,63,31.4401980374,34.4062967474
050-1564105,in-call,3170,31.3871095434,34.3440159965
050-1298219,in-call,23,31.4317413197,34.3814692483
050-7508280,in-call,59,31.4343615946,34.402910225
050-5298078,out-call,2281,31.4274899978,34.3967228799
050-6816282,out-call,242,31.4224802269,34.3678878283
050-6091677,in-call,2143,31.4285906473,34.3846774369
050-3093522,out-call,95,31.4743680365,34.455152636
