phone_number,call_type,call_duration,call_location_longitude,call_location_latitude
050-4790796,in-call,1002,31.4246848769,34.3795008481
050-9605110,out-call,87,31.4103157265,34.3617762838
050-2756570,in-call,2153,31.402144382,34.3656648537
050-5754193,out-call,20,31.4360145583,34.3684417021
050-6838641,in-call,83,31.4341961499,34.420917133
050-5701170,in-call,99,31.3957457556,34.3687136805
050-1503593,in-call,105,31.4428225183,34.4056412477
050-9963015,in-call,37,31.4280123381,34.3766720398
050-3232292,out-call,92,31.3801771132,34.3377823237
