phone_number,call_type,call_duration,call_location_longitude,call_location_latitude
050-4093269,out-call,108,31.4593190357,34.4098760062
050-7345478,in-call,171,31.4361251665,34.3903548016
050-1387903,in-call,89,31.4213653255,34.4005841942
050-2534241,in-call,84,31.4378455697,34.4148525741
050-3516342,out-call,38,31.3723002771,34.3412494765
050-7502811,out-call,112,31.4444442839,34.3978159139
