phone_number,call_type,call_duration,call_location_longitude,call_location_latitude
050-1730834,in-call,1725,31.4287707897,34.3980249307
050-3085039,in-call,16,31.4523328268,34.3953586231
050-6312241,in-call,3318,31.3970495199,34.3503413738
050-5728395,out-call,50,31.4357184461,34.3848791099
050-1811739,in-call,874,31.4459446909,34.4200683898
050-2938684,out-call,263,31.4475576635,34.4147428261
050-9492128,out-call,1565,31.4331054317,34.3926624061
050-4438866,out-call,109,31.4768443568,34.4459925553
