phone_number,call_type,call_duration,call_location_longitude,call_location_latitude
050-5610178,out-call,366,31.4715957289,34.4308633175
050-5135849,out-call,423,31.4512175602,34.4153456379
050-8457560,out-call,12,33.8849686317,35.5089681117
050-7152116,out-call,61,31.4365952101,34.3920713264
050-9567837,out-call,2353,31.426875247,34.4002653197
050-8761226,out-call,55,31.4425017303,34.407161783
