phone_number,call_type,call_duration,call_location_longitude,call_location_latitude
050-2225197,out-call,1330,31.4369151165,34.3995107745
050-5096907,in-call,1487,31.3823967567,34.3554187523
050-8541689,in-call,68,31.466883679,34.4334360617
050-6505201,out-call,2195,31.4154146465,34.3774340572
050-2947167,in-call,30,31.4362783975,34.3926603934
050-1302353,out-call,116,31.4487992918,34.4019854851
