phone_number,call_type,call_duration,call_location_longitude,call_location_latitude
050-4865275,in-call,118,31.4406134282,34.4044862853
050-1996211,out-call,451,31.4410983102,34.403652067
050-8139632,in-call,1961,31.3968550916,34.3561862243
050-4836445,in-call,2327,31.4933076109,34.4297347277
050-1592634,out-call,425,31.4108025383,34.3479603561
050-5111083,out-call,19,31.4457374082,34.4170162126
050-3438241,out-call,1565,31.4718959239,34.4384191488
050-3934227,in-call,1938,31.4793123464,34.4367762779
050-6014192,in-call,69,31.4474051235,34.4093452487
