phone_number,call_type,call_duration,call_location_longitude,call_location_latitude
050-8942882,out-call,96,31.4324881574,34.3735311756
050-9821851,in-call,671,31.4944489007,34.4541947924
050-2258949,out-call,1013,31.4596035253,34.4140167824
050-8558410,out-call,3137,31.4458696754,34.4018924106
050-6206819,in-call,42,31.4271888207,34.383848149
050-8932390,in-call,1101,31.4481825713,34.4052595804
