phone_number,call_type,call_duration,call_location_longitude,call_location_latitude
050-3596403,out-call,67,33.8847251654,35.5051501107
050-2556723,out-call,88,31.4337008006,34.3791209611
050-3471179,out-call,575,33.8853449257,35.509337043
050-9303532,in-call,559,31.4448252445,34.3881305551
050-9171875,out-call,3057,33.880643807,35.5059158184
050-3176688,in-call,120,33.8816837587,35.5085743979
050-7604991,out-call,419,33.8820448732,35.5048926108
050-1228897,out-call,1005,31.4800723706,34.4445066969
