phone_number,call_type,call_duration,call_location_longitude,call_location_latitude
050-7345799,in-call,531,31.4776378234,34.4497773403
050-7665414,out-call,48,31.4496930896,34.4085988323
050-2441280,in-call,61,31.3828466859,34.3384240571
050-3590404,out-call,103,31.4227936689,34.3921045219
050-3842071,out-call,2547,31.459096615,34.4299512455
050-6158879,out-call,982,31.4522380764,34.4255976161
050-5874908,out-call,2843,31.4309647927,34.3961694639
050-5277297,out-call,2881,31.4777796612,34.44588532
050-7025350,out-call,998,31.4297435136,34.3836886367
