phone_number,call_type,call_duration,call_location_longitude,call_location_latitude
050-1537911,in-call,440,31.4774753511,34.4387051976
050-9371576,in-call,3332,31.4507309125,34.4094157267
050-1797574,out-call,982,31.4785768407,34.4343381975
050-8028505,in-call,85,31.422627132,34.3976764984
050-4470640,in-call,1007,31.4402956857,34.4060469113
050-3529183,out-call,1005,31.3956174993,34.3596787932
