phone_number,call_type,call_duration,call_location_longitude,call_location_latitude
050-7759257,out-call,2860,31.4670353745,34.4099470081
050-5997923,in-call,3193,31.4424582271,34.4263176192
050-5257192,in-call,114,31.4083495816,34.3594090593
050-8380962,in-call,87,31.4581323473,34.4105199035
050-6965775,in-call,114,31.4676995738,34.4345650876
050-6726166,in-call,527,31.3869208185,34.343268995
050-2502365,in-call,118,31.4462299701,34.4124139576
050-6975565,out-call,49,31.4254366846,34.3751616497
