phone_number,call_type,call_duration,call_location_longitude,call_location_latitude
050-6305302,in-call,1751,31.3948928879,34.3495044406
050-4585255,in-call,108,31.4108800883,34.3678538698
050-7188378,out-call,1787,31.4351014827,34.4011903619
050-3009182,in-call,2223,31.4061574691,34.3675806149
050-5942198,in-call,568,31.463741044,34.4307371025
050-4646158,in-call,83,31.4710794232,34.4341282607
050-9713800,out-call,3054,31.4967768911,34.4479518426
