phone_number,call_type,call_duration,call_location_longitude,call_location_latitude
050-8486907,in-call,89,31.4202984745,34.3896515154
050-3078478,in-call,1039,31.4154146465,34.3774340572
050-5638062,in-call,73,33.8860673105,35.5090799215
050-2532978,out-call,94,31.4205370734,34.3856800739
050-7964656,in-call,17,31.4435486821,34.422937712
050-6206668,out-call,73,33.8810187258,35.5132937529
050-8861680,in-call,2127,33.8837002259,35.5050004248
