phone_number,call_type,call_duration,call_location_longitude,call_location_latitude
050-6043358,out-call,636,31.4324533415,34.3914176334
050-1671041,in-call,2434,31.4024070752,34.3619080519
050-7733522,in-call,463,31.4541380209,34.4034751527
050-1231725,out-call,2489,31.4359701877,34.4157292492
050-9677529,in-call,90,31.4550909269,34.4134330132
050-3997446,out-call,498,31.4469029213,34.4192860573
