phone_number,call_type,call_duration,call_location_longitude,call_location_latitude
050-2107623,in-call,3087,33.8832956169,35.5039224894
050-4117501,out-call,16,31.4591949313,34.4003052328
050-2789560,out-call,15,33.8819240233,35.514013605
050-8437455,out-call,34,31.3679134003,34.3121163671
050-6120095,out-call,2587,31.4346386229,34.4180715883
050-2516083,out-call,3013,33.8832255349,35.508331733
050-3562455,in-call,2837,31.4569110776,34.4271403561
050-3868736,in-call,113,31.4207841084,34.3745595743
050-6781510,out-call,2761,33.8818164582,35.5098156794
