phone_number,call_type,call_duration,call_location_longitude,call_location_latitude
050-3687176,in-call,98,31.4492809206,34.4369107381
050-4861527,out-call,112,31.4229429438,34.3788918501
050-6229571,in-call,48,31.4394444886,34.3925326706
050-8342190,out-call,1126,31.4010402187,34.3628816541
050-4291230,in-call,2976,31.4443224349,34.3985902618
050-4268497,out-call,541,31.3968166739,34.3452622092
050-8916129,in-call,19,31.4512733914,34.3995211563
