phone_number,call_type,call_duration,call_location_longitude,call_location_latitude
050-8047264,in-call,1417,31.4459072351,34.3840288579
050-3711027,in-call,3420,31.4652397632,34.4112087378
050-1613144,out-call,1539,31.4037247592,34.3747192423
050-4533597,out-call,69,31.4022044462,34.3592199222
050-1637191,out-call,2000,31.4065380319,34.3598982536
050-6215020,in-call,548,31.4725692375,34.416574588
050-9176611,out-call,894,31.4239623976,34.3816264753
