phone_number,call_type,call_duration,call_location_longitude,call_location_latitude
050-4568868,in-call,49,31.4087538227,34.3534771308
050-8327609,out-call,680,33.8847591235,35.5042940995
050-7685375,in-call,11,31.4364656331,34.3959948979
050-2203160,in-call,26,33.8838308739,35.5086172434
050-9039584,in-call,24,33.8810378111,35.5048515226
050-9804515,in-call,1007,33.8776357852,35.502298557
050-4425735,out-call,77,31.4325504618,34.3959104792
