phone_number,call_type,call_duration,call_location_longitude,call_location_latitude
050-6620720,out-call,112,31.4205108147,34.3884800686
050-8869231,out-call,88,31.4787468367,34.4333516493
050-2021512,in-call,66,31.4597984225,34.4200520668
050-8562008,in-call,93,31.4672162908,34.4512056934
050-4559677,in-call,80,31.4063699632,34.3602107949
