phone_number,call_type,call_duration,call_location_longitude,call_location_latitude
050-4555423,out-call,97,31.4557560176,34.4169584093
050-2834595,in-call,86,31.4776054452,34.4438121424
050-5397664,out-call,116,31.4216914516,34.3769059454
050-2221620,in-call,2892,31.4571451366,34.4219611852
050-7894226,out-call,43,31.3822151889,34.3467589721
050-6315782,in-call,46,31.4404865413,34.388905689
050-9330342,out-call,43,31.417098526,34.3699012744
