phone_number,call_type,call_duration,call_location_longitude,call_location_latitude
050-7954587,out-call,3299,31.4307931458,34.3925449471
050-9001543,out-call,3338,31.4763176269,34.4438095981
050-8515245,in-call,39,31.424042319,34.3853056905
050-4620569,in-call,2333,31.434086951,34.3875937215
050-6248366,in-call,2481,31.4237625044,34.3916041186
050-1168492,out-call,54,31.4241132174,34.3773041501
050-3914008,out-call,94,31.4399671218,34.389609329
050-9106612,out-call,975,31.3833713124,34.3442343804
