phone_number,call_type,call_duration,call_location_longitude,call_location_latitude
050-3152928,in-call,66,33.8804166048,35.5030180222
050-3780020,out-call,1625,31.4085622876,34.3652424794
050-3173167,in-call,2929,33.8775844391,35.5038519824
050-5308998,out-call,93,31.4451872998,34.397395527
050-2645694,in-call,2398,31.4608702331,34.4211472731
050-2881201,out-call,2631,31.4214744197,34.3846344858
050-7088520,in-call,13,31.420567745,34.3800650386
050-4286648,in-call,414,33.8813469172,35.5090120893
