phone_number,call_type,call_duration,call_location_longitude,call_location_latitude
050-8593891,out-call,3582,31.4588315242,34.3901154276
050-4365914,out-call,2880,31.434549591,34.3927839542
050-1617968,out-call,81,31.4349037498,34.3808247723
050-7953281,out-call,556,31.4420899624,34.4047742109
050-2699088,in-call,60,31.4345762816,34.3963010684
050-7413684,in-call,2812,31.4599426714,34.4315262082
