phone_number,call_type,call_duration,call_location_longitude,call_location_latitude
050-1781747,out-call,1056,31.4332458774,34.4146149663
050-6742460,out-call,50,31.3954797265,34.3459285237
050-5426590,in-call,1371,31.4348515436,34.4091695075
050-4183627,in-call,74,31.4134863825,34.3824285197
050-8336552,out-call,2819,31.464190881,34.4305371114
050-8950437,out-call,68,31.4546104904,34.4200117991
