phone_number,call_type,call_duration,call_location_longitude,call_location_latitude
050-2833146,out-call,2179,31.430584247,34.4031805783
050-6626036,in-call,58,31.4380798929,34.3866501638
050-2289048,out-call,31,31.4517873642,34.4209702852
050-3872806,in-call,46,31.429713335,34.4007997
050-7140934,out-call,3265,31.4349324129,34.4019483282
050-1678391,in-call,1766,31.444547963,34.40613642
050-4033956,out-call,66,31.4239623976,34.3816264753
