phone_number,call_type,call_duration,call_location_longitude,call_location_latitude
050-3721866,in-call,1693,31.4111403002,34.3660011899
050-1802654,out-call,28,31.4269630878,34.3947219133
050-9529027,in-call,85,31.431520393,34.3988787231
050-4614064,in-call,3122,31.4361538584,34.3846019151
050-9259864,in-call,479,31.4537884178,34.4237606551
050-7378183,in-call,407,31.4165139718,34.3759752928
050-9211225,out-call,2916,31.4961580069,34.4615880702
