phone_number,call_type,call_duration,call_location_longitude,call_location_latitude
050-5295461,in-call,1227,31.4110347867,34.3670389653
050-9055066,in-call,1480,31.4007659849,34.372811672
050-8912899,out-call,2297,31.4569693703,34.3888398192
050-6876953,out-call,45,31.433160218,34.3967084934
050-3055592,in-call,115,31.4251579949,34.3960220281
050-6919013,out-call,84,31.4542829388,34.4072616742
