phone_number,call_type,call_duration,call_location_longitude,call_location_latitude
050-9410099,in-call,1497,31.4542990104,34.4271012428
050-3695743,out-call,935,31.4269254381,34.3898320842
050-7204449,in-call,41,31.4257558252,34.3906862008
050-9183108,out-call,700,31.43541828,34.3965619541
050-8937366,in-call,3395,31.4600007229,34.4355511295
050-1159820,out-call,20,31.3980569679,34.3554871854
050-8116367,out-call,3404,31.501754775,34.4570106307
050-3219075,in-call,111,31.4411399562,34.403403277
050-1318537,out-call,3547,33.8795952589,35.5085762376
