phone_number,call_type,call_duration,call_location_longitude,call_location_latitude
050-4419486,in-call,95,31.4349980453,34.4016770019
050-1571647,in-call,38,31.4377851563,34.4010738371
050-5616415,in-call,62,31.4049410491,34.3665979068
050-5733132,out-call,37,31.4361538584,34.3846019151
050-4381056,in-call,1752,31.4474613376,34.4024677045
050-2574910,in-call,1368,31.4604398787,34.4127605553
050-6971909,out-call,53,31.4204770243,34.3941294341
050-5024939,out-call,2966,31.4234406613,34.3859288374
