phone_number,call_type,call_duration,call_location_longitude,call_location_latitude
050-2148490,out-call,19,31.4649982646,34.4191701431
050-1132266,in-call,85,31.4506333101,34.4284422151
050-4099678,out-call,17,31.4413614209,34.4013467809
050-6097896,out-call,3418,31.428520759,34.3613929239
050-2292264,out-call,60,31.3855674946,34.3348391931
