phone_number,call_type,call_duration,call_location_longitude,call_location_latitude
050-2473161,out-call,986,31.4443864194,34.4098546187
050-2009597,in-call,29,31.4698978523,34.444329407
050-2455686,out-call,120,31.4680145858,34.4199550569
050-1418834,in-call,31,31.4787852733,34.4389749907
050-7953849,out-call,2974,31.420193095,34.4042191506
