phone_number,call_type,call_duration,call_location_longitude,call_location_latitude
050-1220631,out-call,88,31.4603642865,34.4130814847
050-8805331,out-call,34,31.4171004491,34.3518941646
050-1491479,in-call,35,31.4464877841,34.4064580124
050-3527045,out-call,34,31.4337983902,34.4076154342
050-4456644,in-call,62,31.4617153965,34.4140168053
050-2071444,out-call,33,31.4794041231,34.4276426404
050-2439335,out-call,1822,31.4487832035,34.4014705358
050-4763016,in-call,1341,31.4497479831,34.402195955
