phone_number,call_type,call_duration,call_location_longitude,call_location_latitude
050-8337148,out-call,3133,31.4463900987,34.4051384235
050-7226258,out-call,94,31.4330205826,34.3879737927
050-2587795,out-call,1795,31.4496930896,34.4085988323
050-8099128,in-call,2611,31.4047547628,34.36531632
050-7809030,in-call,25,31.4520744818,34.4153267358
050-2757301,in-call,119,31.4444202209,34.3968488528
050-7023261,out-call,900,31.4274057779,34.3904680893
050-3200078,out-call,2532,33.8787975948,35.5109583677
