phone_number,call_type,call_duration,call_location_longitude,call_location_latitude
050-4007195,out-call,45,31.4685281254,34.4251609333
050-5021426,in-call,3340,31.4500384634,34.4256397451
050-4620855,out-call,12,31.4197838984,34.3678517858
050-1817304,in-call,120,31.4409479353,34.4015497582
050-9950323,out-call,2792,31.4200482123,34.3854076703
050-3190693,in-call,92,31.464190881,34.4305371114
050-1128876,in-call,67,31.4503353641,34.3948635344
050-3938460,out-call,357,31.4274899978,34.3967228799
