phone_number,call_type,call_duration,call_location_longitude,call_location_latitude
050-7692340,out-call,2674,31.3845800837,34.3531895256
050-4996370,in-call,2391,31.4440813955,34.4095535615
050-1186505,out-call,16,31.4371760593,34.3991365657
050-2880364,out-call,1820,31.4318582721,34.3910724225
050-3444318,in-call,115,31.4216712823,34.3778155829
050-3946568,in-call,1760,31.4509333965,34.4093591425
050-1545911,out-call,3533,31.4424586199,34.3980192595
050-4350258,in-call,47,31.4760769632,34.4338023359
