phone_number,call_type,call_duration,call_location_longitude,call_location_latitude
050-2258128,out-call,109,31.4375562636,34.3960192816
050-2309868,out-call,531,31.4349220453,34.3975516227
050-3599401,in-call,2023,31.4531180041,34.4095824841
050-4854931,in-call,91,31.4389148831,34.3994082262
050-9440398,out-call,1374,31.4634407655,34.4184415422
