phone_number,call_type,call_duration,call_location_longitude,call_location_latitude
050-5858913,out-call,35,31.4281082744,34.3885833567
050-7428570,out-call,3376,31.4352472213,34.4035706373
050-5539793,out-call,81,31.3980569679,34.3554871854
050-9515329,out-call,444,31.4410898412,34.399076537
050-4462656,in-call,2592,31.450197126,34.4158394022
050-2355958,in-call,1120,31.4524357373,34.4136920792
050-4773428,in-call,64,31.4432310257,34.4081795929
