phone_number,call_type,call_duration,call_location_longitude,call_location_latitude
050-8292965,out-call,1883,31.4244432877,34.3796428156
050-4488735,in-call,1522,31.4730811325,34.446281917
050-8364978,in-call,41,31.4458313133,34.4026415256
050-3270858,out-call,2744,31.4410220365,34.3940584996
050-4261924,in-call,3216,31.4853694999,34.4523310266
050-7669268,in-call,809,31.4420814224,34.4091293738
