phone_number,call_type,call_duration,call_location_longitude,call_location_latitude
050-3882701,out-call,2145,33.8832333031,35.5116196243
050-2523431,in-call,119,31.398973037,34.3603495875
050-5713430,in-call,733,31.4573446392,34.4169427365
050-3525340,out-call,77,31.4264948783,34.4042471736
050-9839893,out-call,46,31.4459878757,34.3867667963
050-6623697,out-call,3461,31.4673109078,34.4298926544
