phone_number,call_type,call_duration,call_location_longitude,call_location_latitude
050-4094342,in-call,898,31.4165199313,34.3930059728
050-1290334,in-call,95,33.8851291444,35.5142854902
050-7222470,in-call,120,31.4539869967,34.4140808909
050-3255477,out-call,32,31.4569349155,34.4224684245
050-2368133,in-call,34,33.8797215914,35.5115123768
