phone_number,call_type,call_duration,call_location_longitude,call_location_latitude
050-5064192,out-call,718,31.4881079534,34.4449373792
050-5262303,out-call,78,31.4449883696,34.3869883658
050-4474360,in-call,88,31.4064225682,34.3682291064
050-7126002,out-call,80,31.4660109683,34.4241014222
050-7678824,out-call,93,31.4213653255,34.4005841942
