phone_number,call_type,call_duration,call_location_longitude,call_location_latitude
050-6113581,out-call,96,31.4523642478,34.4142821842
050-9886459,out-call,96,31.4529561912,34.4254773333
050-1918686,in-call,63,31.389152653,34.3405247577
050-4403577,in-call,57,31.4528584879,34.4040753445
050-9208296,out-call,1871,31.4201198402,34.3693389358
050-5004009,out-call,2268,31.4443864194,34.4098546187
050-8721104,in-call,26,31.4384853877,34.398887506
050-9449186,out-call,3493,31.4779768163,34.4395831845
