phone_number,call_type,call_duration,call_location_longitude,call_location_latitude
050-7256184,out-call,92,33.8784708179,35.5072427575
050-2706053,out-call,114,31.4206767051,34.3735790874
050-9136539,out-call,2296,31.4621114828,34.4287810249
050-1226506,out-call,1713,31.4392111345,34.405490367
050-8564834,out-call,1114,33.8842162987,35.5093411675
050-3111879,out-call,109,33.8846180465,35.5086971696
