phone_number,call_type,call_duration,call_location_longitude,call_location_latitude
050-3056488,out-call,34,31.4492703639,34.3922897691
050-1808272,in-call,52,33.881739295,35.5042416037
050-5551027,out-call,35,31.4172092704,34.3864758667
050-2891790,out-call,26,31.4507110925,34.422359234
050-1246071,out-call,40,33.8786803052,35.5089023292
050-9643650,out-call,751,33.884250654,35.5022924804
050-7789958,out-call,43,33.8852965221,35.5120351471
050-5211786,out-call,1709,33.8808058317,35.5104436779
050-9223637,in-call,118,31.4383225844,34.4059974172
