phone_number,call_type,call_duration,call_location_longitude,call_location_latitude
050-7049370,out-call,93,31.4287230744,34.381949521
050-8833953,out-call,2654,31.4765661796,34.4352888629
050-2335230,in-call,3540,31.4234741045,34.38287912
050-3979924,out-call,72,31.4091694829,34.3705403791
050-4393825,in-call,486,31.4280235111,34.4008444866
050-7037045,out-call,117,31.3719067003,34.3199964092
050-5872779,out-call,106,31.465411301,34.4193833158
050-4340098,in-call,1571,31.4168412983,34.3852652527
050-7114082,in-call,864,31.4160841427,34.3794439578
