phone_number,call_type,call_duration,call_location_longitude,call_location_latitude
050-6304095,out-call,1229,31.3915712676,34.3497722976
050-4551663,out-call,98,31.4160267297,34.3498504778
050-7148900,in-call,60,31.3995366754,34.3584710426
050-2681339,in-call,74,31.4036812729,34.3512762132
050-2944875,out-call,2698,31.4341669301,34.3950731923
050-4500330,out-call,1565,31.4361215362,34.3953086223
