phone_number,call_type,call_duration,call_location_longitude,call_location_latitude
050-3218819,in-call,103,31.4270864699,34.3723188966
050-5747654,out-call,1751,31.4385560448,34.3883994159
050-5092619,in-call,1542,31.4234833246,34.3833216622
050-3016349,out-call,85,31.3939883561,34.3315123609
050-1645517,in-call,3439,31.4524357373,34.4136920792
