phone_number,call_type,call_duration,call_location_longitude,call_location_latitude
050-2543080,out-call,2175,31.4714048826,34.4395248991
050-2864804,out-call,59,31.4668434485,34.429151034
050-3596351,out-call,244,31.4843025032,34.4422257732
050-1069566,in-call,64,31.4451735228,34.4026857745
050-7474767,out-call,118,31.4078693312,34.3583341436
050-1146417,in-call,808,31.4200848985,34.3664120928
050-1548905,out-call,2303,31.4428811642,34.4068842994
050-6959944,in-call,49,31.4931039038,34.4531510378
