phone_number,call_type,call_duration,call_location_longitude,call_location_latitude
050-2307231,in-call,19,31.4561282003,34.4277807962
050-6093819,in-call,641,31.4458845053,34.4003370398
050-9819282,in-call,2197,31.3894362705,34.3530254854
050-8298903,in-call,223,31.4400699034,34.4030829952
050-3565199,in-call,112,31.4292604206,34.3922127032
