phone_number,call_type,call_duration,call_location_longitude,call_location_latitude
050-4867119,in-call,98,31.4417995022,34.3964449998
050-7474932,in-call,27,31.4145960689,34.3544597929
050-6141398,in-call,46,31.4322499974,34.4091301472
050-6988680,in-call,112,31.431746643,34.4051673246
050-1765186,in-call,1948,31.4456266799,34.4015084946
