phone_number,call_type,call_duration,call_location_longitude,call_location_latitude
050-2054859,in-call,888,31.4639193049,34.4194289884
050-6313374,in-call,74,31.4191394133,34.3670371001
050-6580082,out-call,1539,31.4517367112,34.4172787689
050-2750016,in-call,62,31.4004758081,34.3822465236
050-7582816,out-call,62,31.4202510032,34.3612600814
