phone_number,call_type,call_duration,call_location_longitude,call_location_latitude
050-9717654,in-call,161,31.4918669251,34.4590024086
050-3706698,out-call,75,33.8807766009,35.5107240291
050-4832963,in-call,52,31.4727819681,34.4231428794
050-8877478,in-call,3330,31.4695815259,34.4300730566
050-2103958,out-call,673,31.4527295077,34.420324714
050-9501647,in-call,1334,33.8827349932,35.5037815928
