phone_number,call_type,call_duration,call_location_longitude,call_location_latitude
050-1324975,out-call,13,31.4311996325,34.3790310205
050-8191909,out-call,99,31.4268916327,34.3839157918
050-7316304,in-call,2619,31.396939078,34.3643326625
050-9768405,in-call,33,31.4503235843,34.4030597796
050-9812994,in-call,1064,31.4289870437,34.4048417351
