phone_number,call_type,call_duration,call_location_longitude,call_location_latitude
050-8137867,in-call,83,31.4084787702,34.3609066047
050-2882147,out-call,475,31.4644729668,34.4292168669
050-6771201,in-call,65,31.4373442273,34.4039693008
050-1342467,in-call,51,31.4453458663,34.4072517863
050-2824205,in-call,38,31.4117199462,34.3843900652
050-5627985,out-call,51,31.4921147672,34.4672942456
