phone_number,call_type,call_duration,call_location_longitude,call_location_latitude
050-7966747,in-call,2725,31.4306141818,34.3860317588
050-4519650,out-call,2701,31.4253201147,34.3764497788
050-6826514,in-call,506,33.8839378711,35.5129084903
050-9867167,in-call,3138,31.4258925437,34.3826927653
050-6564636,in-call,1523,31.4082797905,34.3710520851
050-4552936,out-call,49,33.8891285909,35.5171799461
050-3626503,out-call,1025,33.882143288,35.5099745653
