phone_number,call_type,call_duration,call_location_longitude,call_location_latitude
050-1045270,in-call,393,31.4360962262,34.3929446919
050-3082318,out-call,1111,31.506006121,34.4664295556
050-9440001,out-call,24,31.4505873221,34.4213379766
050-3016404,out-call,44,31.4732706466,34.4350777428
050-3171295,in-call,1173,31.4299200993,34.3848037915
