phone_number,call_type,call_duration,call_location_longitude,call_location_latitude
050-3142990,in-call,27,31.5014413151,34.469846892
050-1716344,in-call,3164,31.4233980838,34.3818601745
050-3457782,in-call,1104,33.8851299925,35.5091312819
050-2973648,in-call,3256,31.394332658,34.3474592827
050-8931334,out-call,62,31.4337014243,34.405549942
050-9368388,out-call,73,31.4805823221,34.4351858162
050-3408348,out-call,2084,31.4380616301,34.3868382
050-3597584,out-call,101,31.4208802265,34.3784258877
