phone_number,call_type,call_duration,call_location_longitude,call_location_latitude
050-6282094,out-call,3366,31.420842176,34.3851833495
050-4597358,out-call,147,31.4190103561,34.3881545423
050-5917682,in-call,104,31.4392111345,34.405490367
050-1082370,in-call,39,31.4242810469,34.3911934028
050-9235071,in-call,2078,31.463450304,34.4220019416
050-7878614,in-call,47,31.4238349115,34.3708482529
