phone_number,call_type,call_duration,call_location_longitude,call_location_latitude
050-2156921,out-call,2410,31.444635983,34.4024560477
050-4373814,in-call,95,31.4368606847,34.3910137353
050-4332621,out-call,2216,31.3719067003,34.3199964092
050-7394117,out-call,111,31.4018197052,34.369622162
050-7784550,out-call,86,31.4548860366,34.4160087076
050-9746903,in-call,61,31.427757211,34.3642981606
