phone_number,call_type,call_duration,call_location_longitude,call_location_latitude
050-8463140,out-call,110,31.4103930323,34.3765044855
050-9438479,in-call,3579,31.4462128326,34.3987286557
050-8988334,in-call,3314,31.4579166078,34.4183559462
050-2198387,out-call,38,31.4123855949,34.3610706306
050-2940565,in-call,2006,31.4287230744,34.381949521
050-9310957,out-call,88,31.4624855014,34.4259991623
050-7874456,out-call,110,31.4506786556,34.4294281011
050-5695890,out-call,1346,31.4221339989,34.38768334
050-4950261,out-call,498,31.4648545367,34.4189745033
