phone_number,call_type,call_duration,call_location_longitude,call_location_latitude
050-7337094,in-call,1760,31.4272175778,34.3841123691
050-6269244,in-call,1253,31.4085622876,34.3652424794
050-9436262,in-call,3268,31.4595012228,34.4265271516
050-2815846,out-call,33,31.4664055643,34.428577225
050-1950572,out-call,69,31.4244997954,34.3739932644
050-3844132,out-call,91,31.3734204183,34.3336539471
050-7611080,in-call,52,31.4492730365,34.4110924417
050-6096462,in-call,1995,31.431693773,34.3919402194
