phone_number,call_type,call_duration,call_location_longitude,call_location_latitude
050-6017261,out-call,12,31.4653839211,34.4218746673
050-7048878,in-call,1399,31.4933946118,34.4375896653
050-6891790,out-call,21,31.4273609011,34.3890680467
050-7614307,out-call,108,31.4596941795,34.4267528937
050-8521114,in-call,2893,31.4373099903,34.3979815317
050-5408926,out-call,77,31.4879291516,34.4534660848
050-9821353,in-call,1092,31.4453658384,34.4047085703
050-7266816,out-call,1299,31.4167641369,34.3855017506
