phone_number,call_type,call_duration,call_location_longitude,call_location_latitude
050-2509504,out-call,108,31.4728527694,34.4111748379
050-1962262,out-call,138,31.461319768,34.4106628276
050-6044016,in-call,3364,31.4743680365,34.455152636
050-1070325,in-call,17,31.4399277887,34.4071960956
050-7816745,out-call,1381,31.447774815,34.3991459481
050-3946038,out-call,116,33.8857404635,35.5094296751
050-8140072,out-call,35,31.4153800318,34.3582279694
050-7889235,out-call,2594,33.8767316614,35.5121303682
