phone_number,call_type,call_duration,call_location_longitude,call_location_latitude
050-8321376,out-call,104,31.4696698823,34.4276734329
050-4351664,out-call,32,31.4415464582,34.38108648
050-7400140,in-call,65,31.4031420148,34.3644187385
050-3389110,in-call,65,31.4283669453,34.3716154446
050-9516387,in-call,1155,31.4156990221,34.3824939225
050-1434428,in-call,3112,31.4117263511,34.3588436597
050-1106477,out-call,24,31.4309420226,34.3933859415
050-5730543,out-call,73,31.4165387982,34.3641255894
