phone_number,call_type,call_duration,call_location_longitude,call_location_latitude
050-1126086,out-call,2206,31.4784777028,34.4497611017
050-2419037,in-call,59,31.4076330041,34.3749745293
050-4638648,out-call,475,31.4115981259,34.382431818
050-4190327,out-call,57,31.3787618354,34.3436189627
050-2051800,out-call,62,31.4368993147,34.4034224594
050-1395356,in-call,628,31.4403943735,34.4067084658
050-9235462,out-call,523,31.4453241518,34.422149816
050-7466510,in-call,66,31.396753375,34.3535677103
050-7636630,out-call,1293,31.4244270462,34.3824877011
