phone_number,call_type,call_duration,call_location_longitude,call_location_latitude
050-8950781,out-call,2048,31.4088643946,34.3554829065
050-2641109,in-call,63,31.4628207356,34.4269720878
050-9689200,in-call,81,31.468369841,34.4302471863
050-9162851,in-call,1296,33.8806854758,35.5128257331
050-5304123,out-call,2078,33.8788706352,35.508467559
050-6743730,out-call,1590,33.8853424009,35.5109733415
