phone_number,call_type,call_duration,call_location_longitude,call_location_latitude
050-6528036,out-call,29,31.4561414084,34.401483913
050-2915212,in-call,28,31.400932007,34.3662805027
050-9287660,in-call,267,31.4364965365,34.3881693719
050-3651891,out-call,2426,31.4420899624,34.4047742109
050-6156126,out-call,3382,31.4094261637,34.3673010042
050-3161984,in-call,3304,31.4506140329,34.3935032492
050-2603194,out-call,103,31.4466659796,34.401914972
050-6531300,in-call,106,31.4147812317,34.3687515747
