phone_number,call_type,call_duration,call_location_longitude,call_location_latitude
050-6486935,out-call,106,33.8859933223,35.5102690757
050-7983489,out-call,1754,33.8871244934,35.5096615328
050-6640333,in-call,1020,31.4446920903,34.3961108806
050-9127592,out-call,336,31.4305051429,34.3929254826
050-6388153,in-call,149,31.4055031208,34.3544080705
050-2932614,in-call,192,31.481023702,34.4423335155
050-4116692,in-call,2310,31.3809778763,34.3324251232
