phone_number,call_type,call_duration,call_location_longitude,call_location_latitude
050-2215722,out-call,3592,31.4633337652,34.4196005371
050-2009804,in-call,226,31.4121901591,34.3732011628
050-7034013,out-call,2657,31.4062280341,34.3638172687
050-5751034,in-call,494,31.4449528563,34.3963763699
050-9273169,out-call,110,31.4349821195,34.3782993293
050-6201201,out-call,1082,31.4362033242,34.415442703
050-4835471,in-call,40,31.4400699034,34.4030829952
