phone_number,call_type,call_duration,call_location_longitude,call_location_latitude
050-5607838,out-call,91,31.406590157,34.3701912441
050-6788297,out-call,63,31.4934304065,34.4623010377
050-5035584,out-call,1678,31.4314392841,34.4074470787
050-8848844,in-call,3230,31.438588962,34.3974657393
050-4326312,out-call,361,31.4581323473,34.4105199035
050-6933176,out-call,19,31.4451062612,34.4117725909
050-4433158,out-call,42,31.4675761979,34.4302212807
050-8781484,out-call,112,31.4846290349,34.4486685801
050-8775910,out-call,117,31.4254942901,34.3804772047
