phone_number,call_type,call_duration,call_location_longitude,call_location_latitude
050-7244256,in-call,71,33.8792276559,35.5066647896
050-1027544,in-call,3182,33.881754084,35.5109280132
050-7250229,out-call,2403,31.433339954,34.3985011119
050-3346212,in-call,52,33.8871998174,35.5072705921
050-3409198,in-call,3213,33.8851252521,35.5117776139
050-1581848,in-call,2534,33.8841565885,35.5131965587
050-7422208,in-call,76,33.884529866,35.5109380605
050-2980502,in-call,62,31.4390117151,34.4111762684
