phone_number,call_type,call_duration,call_location_longitude,call_location_latitude
050-2078639,in-call,76,31.4695815259,34.4300730566
050-9504862,in-call,27,33.8851030734,35.5143054873
050-5650958,out-call,3287,31.4015789944,34.3597658371
050-9069730,in-call,49,31.4516288487,34.4162642828
050-9265263,out-call,97,31.4247369986,34.382140533
050-7692191,in-call,1104,31.4432589432,34.3952534154
050-4871969,in-call,46,31.4311619944,34.4084261681
050-6582611,in-call,58,33.881739295,35.5042416037
050-6187979,in-call,3406,31.4280235111,34.4008444866
