phone_number,call_type,call_duration,call_location_longitude,call_location_latitude
050-7540665,in-call,101,31.38096338,34.3455363975
050-9956912,in-call,2032,31.4327467272,34.3998432803
050-3281995,in-call,49,31.4865678335,34.4394427575
050-6144422,in-call,2480,31.4504954452,34.405056858
050-3232596,in-call,2117,31.4319293525,34.3843816323
050-2516383,out-call,3448,31.4118579745,34.382453256
050-8019688,in-call,3223,31.469489342,34.4332580691
050-2790601,out-call,1384,31.4626853055,34.4256274185
050-2950449,in-call,100,31.4446135953,34.4162151095
