phone_number,call_type,call_duration,call_location_longitude,call_location_latitude
050-4539322,out-call,2236,31.4818520588,34.4518384243
050-9505567,out-call,29,31.4280765088,34.38800042
050-1344224,out-call,1001,31.4096743009,34.3907830894
050-6486729,out-call,115,31.4344353511,34.3898508474
050-2552057,out-call,109,31.4327841924,34.3993199178
050-2068418,in-call,106,31.4787145366,34.4454047944
050-4987234,in-call,1088,31.4358643701,34.3883517759
050-6950894,in-call,3476,31.4607857677,34.4112793607
