phone_number,call_type,call_duration,call_location_longitude,call_location_latitude
050-8207218,out-call,21,31.4175286109,34.3602597819
050-2524902,out-call,89,31.4229688686,34.3979150291
050-4853718,out-call,987,31.4203521444,34.3816543757
050-1174059,in-call,87,31.4375540723,34.3883087928
050-4461764,out-call,61,31.4660025703,34.4356755208
050-8635902,in-call,98,31.4492703639,34.3922897691
