phone_number,call_type,call_duration,call_location_longitude,call_location_latitude
050-3069172,in-call,78,31.4184770105,34.3789154553
050-5861430,in-call,62,31.4424768608,34.4032566546
050-3036324,out-call,41,33.8808846479,35.5016847664
050-4837852,out-call,17,31.43797326,34.3924055535
050-6389942,out-call,53,33.8841634198,35.5086327911
