phone_number,call_type,call_duration,call_location_longitude,call_location_latitude
050-6589358,out-call,1294,31.4495873933,34.4198673593
050-1623513,out-call,1837,31.4504057766,34.3954130559
050-9406549,in-call,24,31.463450304,34.4220019416
050-9504492,in-call,43,31.4233269908,34.3936244304
050-7433609,in-call,37,31.4146834418,34.3774668428
050-9314933,in-call,72,31.4534225995,34.4055387323
