phone_number,call_type,call_duration,call_location_longitude,call_location_latitude
050-7745171,in-call,551,31.4329891932,34.4007418208
050-6659550,out-call,62,31.4626591654,34.4251704859
050-2601711,out-call,34,31.397137192,34.3598096246
050-9067584,out-call,97,31.4534716676,34.4182839789
050-2773676,out-call,50,31.369906395,34.3354880117
050-9829943,out-call,1702,31.4532164372,34.4226133086
050-6821991,out-call,1994,31.4769690787,34.4149350588
050-5804036,out-call,106,31.4034458582,34.3726274846
