phone_number,call_type,call_duration,call_location_longitude,call_location_latitude
050-2387995,out-call,73,31.4217307159,34.3790771757
050-1927298,in-call,748,31.4340344894,34.4032950172
050-9197861,out-call,70,31.4174579008,34.3884501867
050-7725070,out-call,104,31.4276042876,34.3770869688
050-7976173,in-call,1754,31.3937981105,34.3525827776
050-3524130,in-call,2915,31.4584013833,34.4287198187
