phone_number,call_type,call_duration,call_location_longitude,call_location_latitude
050-7175710,in-call,116,31.4611770439,34.4278935604
050-3803488,out-call,63,31.4561684259,34.4257496773
050-5406122,in-call,491,31.4785768407,34.4343381975
050-1263676,in-call,2682,31.4188632628,34.3726949978
050-5589453,out-call,54,31.4580397291,34.4304864698
