phone_number,call_type,call_duration,call_location_longitude,call_location_latitude
050-7799692,out-call,2994,31.4376466573,34.4003028148
050-6345832,out-call,1409,31.443322174,34.3962604009
050-1777339,in-call,370,31.448619761,34.4002115002
050-1634141,out-call,767,31.4116938504,34.3713631824
050-8206439,out-call,2502,31.3968166739,34.3452622092
050-2833793,in-call,673,31.4066427554,34.3589583638
