phone_number,call_type,call_duration,call_location_longitude,call_location_latitude
050-3047644,out-call,193,31.4583716003,34.4085348484
050-7362269,in-call,65,31.4714048826,34.4395248991
050-2700000,in-call,2424,31.4254608507,34.3690448484
050-1764538,out-call,23,31.4504924263,34.3961546775
050-1937700,in-call,26,31.4354011777,34.3885099342
050-7035047,in-call,3103,31.4727088536,34.4292931866
050-3718376,in-call,1905,31.4228652281,34.3925902974
050-9776305,out-call,90,31.4287660172,34.4053381567
