phone_number,call_type,call_duration,call_location_longitude,call_location_latitude
050-9294052,out-call,249,31.4370159683,34.3886151314
050-9671386,in-call,58,31.4480935315,34.4102641334
050-7086940,out-call,102,31.4582967508,34.4356673288
050-8362768,out-call,95,31.5020581248,34.4738131202
050-3045795,in-call,71,31.4458604296,34.4052658995
