phone_number,call_type,call_duration,call_location_longitude,call_location_latitude
050-4449340,out-call,112,31.4083885756,34.3647098357
050-2010358,in-call,110,31.4363642316,34.3936684462
050-9096120,out-call,91,31.407860312,34.3712366872
050-8963846,out-call,2591,31.4293471228,34.3861266816
050-3180654,out-call,87,31.4597931603,34.4175114092
050-9921886,in-call,1234,31.4219687733,34.3631181371
050-9607081,in-call,111,31.4202835704,34.3806874718
