phone_number,call_type,call_duration,call_location_longitude,call_location_latitude
050-4046103,out-call,14,31.4558505675,34.4178950454
050-5211808,in-call,78,31.4692511355,34.4295207811
050-5266631,out-call,1601,31.432644861,34.3890596204
050-5126983,out-call,1955,31.4470112571,34.4156279335
050-3418986,in-call,1090,31.4347344354,34.3861882562
050-5510361,in-call,63,31.4168412983,34.3852652527
050-6899900,out-call,27,31.4098592796,34.3758426452
050-2395058,out-call,1015,31.5232161314,34.5104182839
