phone_number,call_type,call_duration,call_location_longitude,call_location_latitude
050-2284321,in-call,96,31.4503604631,34.4185079304
050-9169869,in-call,2460,31.4222854,34.3767535833
050-1881777,out-call,573,31.4355013547,34.4092187634
050-1293506,in-call,1212,31.4625219288,34.4247257351
050-9463773,in-call,1233,31.3948540873,34.3436004847
050-7375737,out-call,88,31.4307087686,34.3895655479
050-5157623,in-call,3212,31.4864831741,34.4462615937
