phone_number,call_type,call_duration,call_location_longitude,call_location_latitude
050-5674048,in-call,2533,31.4683069652,34.4302272187
050-9412929,in-call,10,31.4033349082,34.3606990443
050-1269452,out-call,3213,31.4505751522,34.4082170207
050-5885698,out-call,11,31.4446005648,34.3952883326
050-2760305,out-call,115,31.4362355749,34.3765950564
050-4433498,in-call,32,31.4054746487,34.3623875334
050-8936391,out-call,3068,31.4481357455,34.415678947
050-3673614,out-call,27,31.4693281311,34.4358866388
050-9893875,out-call,58,33.8808529375,35.5068620617
