phone_number,call_type,call_duration,call_location_longitude,call_location_latitude
050-5510367,in-call,109,31.4488972433,34.4035420685
050-4940686,out-call,1392,31.4666371622,34.4195804476
050-8293139,in-call,66,31.41898088,34.3629004328
050-1982272,in-call,2932,31.430653199,34.4095956262
050-7606611,in-call,3308,31.4350488153,34.4215208619
050-7417680,in-call,68,31.4134986431,34.3721989711
