phone_number,call_type,call_duration,call_location_longitude,call_location_latitude
050-3743086,out-call,529,31.4632560269,34.4213073842
050-7749966,out-call,181,31.4687145286,34.4462583043
050-6078110,out-call,64,33.8826594542,35.5030198315
050-4199305,in-call,103,31.4528136399,34.4250293219
050-2314007,out-call,945,33.8868483514,35.5126769116
050-4429394,out-call,81,31.4202085813,34.3778573356
050-3075388,in-call,65,33.8778819957,35.5093812057
