phone_number,call_type,call_duration,call_location_longitude,call_location_latitude
050-9471004,out-call,970,33.8798510506,35.5082033129
050-1502869,out-call,95,33.8831264936,35.5124908832
050-8108602,out-call,13,33.8882028693,35.5124790032
050-9980802,out-call,2085,33.8808950207,35.5056036214
050-3402205,in-call,2472,33.8880109746,35.5092417059
