phone_number,call_type,call_duration,call_location_longitude,call_location_latitude
050-5223327,in-call,25,31.4393482653,34.3992523073
050-4894551,in-call,2363,31.412774432,34.3689747035
050-7362233,in-call,112,31.421559711,34.3825951252
050-9198466,in-call,2600,31.4344179734,34.3863178849
050-6882758,out-call,1848,31.4425011444,34.3996902811
050-6005984,out-call,80,31.4341961499,34.420917133
050-6583940,in-call,1749,31.4522119589,34.4096529581
050-2692192,in-call,59,31.4074083252,34.3746589873
