phone_number,call_type,call_duration,call_location_longitude,call_location_latitude
050-3751674,out-call,1222,31.4385598181,34.3978099018
050-6090114,out-call,3417,31.4534740494,34.4187171902
050-6421552,out-call,109,31.4345762816,34.3963010684
050-1071393,in-call,2280,31.4206767051,34.3735790874
050-3058204,in-call,693,31.3988381799,34.3688358916
050-3051933,out-call,694,31.444534859,34.3938883237
050-5424717,out-call,113,31.4394398001,34.398429309
050-6598465,in-call,3450,31.4843025032,34.4422257732
