phone_number,call_type,call_duration,call_location_longitude,call_location_latitude
050-5196728,in-call,1939,31.4425379432,34.384647715
050-2806131,in-call,3229,31.4891527748,34.4501869125
050-4480079,out-call,47,31.43639984,34.389210044
050-1943932,in-call,47,31.3914994869,34.3503769838
050-6901821,out-call,3149,31.4730469992,34.4424930526
050-6188133,in-call,742,31.3980609357,34.3627903135
050-6779988,out-call,111,31.4042370588,34.3598981542
050-9220796,out-call,1427,31.4368520613,34.4098224191
050-1581257,in-call,284,31.4692186958,34.4180319993
