phone_number,call_type,call_duration,call_location_longitude,call_location_latitude
050-4824008,out-call,19,31.4185086833,34.3919406616
050-7732931,out-call,1221,31.441839075,34.3949833466
050-6903355,in-call,2234,31.4605675884,34.4285422749
050-2331500,in-call,1802,31.486836274,34.4407245598
050-9505647,out-call,118,31.4588911209,34.435335869
