phone_number,call_type,call_duration,call_location_longitude,call_location_latitude
050-3617907,in-call,24,31.4278163428,34.3914763954
050-2932242,out-call,50,31.4461072332,34.4052426691
050-4229834,in-call,111,31.4111403002,34.3660011899
050-6776842,out-call,90,31.401633228,34.3531323186
050-8611501,in-call,1920,31.4271091944,34.3810085846
050-6224059,in-call,2867,31.4075265611,34.364276595
050-3267014,out-call,44,31.4715957289,34.4308633175
050-8318801,out-call,269,31.4739579782,34.4151485611
050-5652120,out-call,96,31.4240451153,34.3757647011
