phone_number,call_type,call_duration,call_location_longitude,call_location_latitude
050-9822353,in-call,914,31.4574035829,34.421733807
050-3602861,out-call,1948,31.4877026908,34.438983348
050-5805803,in-call,3085,31.4650218128,34.4186350993
050-8335098,in-call,732,31.4564948236,34.412144439
050-4247071,out-call,3173,31.4538273235,34.4142499424
