phone_number,call_type,call_duration,call_location_longitude,call_location_latitude
050-3035756,in-call,113,31.4326368142,34.3749964408
050-7214577,in-call,99,31.4677280682,34.4431739525
050-9943202,in-call,52,31.4345780651,34.387787364
050-2068197,in-call,43,31.4730216379,34.4242009978
050-6232388,out-call,2677,31.4569254932,34.4384445645
