phone_number,call_type,call_duration,call_location_longitude,call_location_latitude
050-5507629,in-call,111,31.4715957289,34.4308633175
050-2957929,in-call,3200,31.4338988379,34.389212739
050-7596025,in-call,70,31.4027079772,34.3431844434
050-6691692,in-call,2501,31.4601166644,34.4039793756
050-3970509,in-call,3447,31.4377249688,34.39888128
050-1034124,in-call,2111,31.4865380704,34.4498554045
050-1156499,in-call,54,31.437834981,34.3823979353
050-8154345,in-call,1028,31.4622714312,34.4242099355
