phone_number,call_type,call_duration,call_location_longitude,call_location_latitude
050-6360670,in-call,2213,31.4413095941,34.3935109809
050-7654860,in-call,63,31.4337983902,34.4076154342
050-7819583,out-call,915,31.4656780333,34.4372299013
050-3778910,in-call,3215,31.4274134203,34.3958095211
050-7469111,out-call,92,31.4391718858,34.396361955
050-3973499,in-call,89,31.4348225395,34.3912979733
050-8968602,in-call,84,31.4280386202,34.3925854281
050-1152398,in-call,70,31.489271899,34.4249705866
