phone_number,call_type,call_duration,call_location_longitude,call_location_latitude
050-5157366,in-call,1051,31.4433977902,34.3961668095
050-2979362,in-call,95,31.4763139104,34.4367003559
050-9808870,out-call,799,31.490293555,34.4422394755
050-9797984,in-call,63,31.4690592875,34.418902805
050-7321147,out-call,2444,31.4430847427,34.3861731691
050-4638409,in-call,2225,31.4432433929,34.4112630802
050-2613920,out-call,62,31.4469102983,34.400210558
