phone_number,call_type,call_duration,call_location_longitude,call_location_latitude
050-9005447,in-call,28,31.4494986979,34.4184553542
050-3477554,out-call,1402,31.4428756941,34.4072419412
050-7191979,out-call,110,31.5013823605,34.4633660598
050-5518896,out-call,86,31.4118579745,34.382453256
050-8623474,out-call,3258,31.4420064849,34.3982386753
050-7261511,out-call,1673,31.4793319617,34.432783267
050-5242773,in-call,3135,31.4880455906,34.4636500049
