phone_number,call_type,call_duration,call_location_longitude,call_location_latitude
050-6948832,in-call,1565,31.4591234663,34.4235438075
050-5054723,in-call,69,31.4018197052,34.369622162
050-6968154,in-call,2713,31.4829692692,34.4535749426
050-6875232,out-call,2002,31.4310190723,34.4020048135
050-1718713,in-call,3524,31.4294581198,34.3882098916
