phone_number,call_type,call_duration,call_location_longitude,call_location_latitude
050-1770159,out-call,44,31.4452259529,34.3968574839
050-4879405,in-call,3396,31.4166420368,34.3803555316
050-4913388,out-call,24,31.4165387982,34.3641255894
050-4770026,in-call,478,31.4621831355,34.4151443528
050-1935861,in-call,54,31.501754775,34.4570106307
