phone_number,call_type,call_duration,call_location_longitude,call_location_latitude
050-5827303,out-call,2813,31.4741827553,34.4382542928
050-9004979,out-call,1696,31.4880455906,34.4636500049
050-3313097,in-call,3143,31.4276965225,34.3974466704
050-1419507,out-call,308,31.422179156,34.3711601057
050-6165597,in-call,1149,31.4475037011,34.3989745863
050-9916147,out-call,22,31.4709700338,34.4333073002
050-2921520,out-call,2382,31.4227258921,34.3789809229
050-5577060,in-call,24,31.4575223183,34.4176979887
050-5475327,in-call,16,31.4348198998,34.3873294385
