phone_number,call_type,call_duration,call_location_longitude,call_location_latitude
050-5356792,in-call,69,31.4937609638,34.4571883177
050-5731373,in-call,85,31.433592667,34.4020654377
050-6449923,out-call,3574,31.4831271322,34.4487132094
050-2382945,out-call,665,31.449401542,34.3954101277
050-1648103,out-call,2515,31.4238514094,34.3704657579
050-8727838,out-call,16,31.4652043768,34.4273605697
050-5022809,in-call,78,31.4529978349,34.4024433288
