phone_number,call_type,call_duration,call_location_longitude,call_location_latitude
050-4658382,in-call,98,31.4530002403,34.4085141197
050-3852949,in-call,79,31.4221339989,34.38768334
050-9752093,out-call,3547,31.4425011444,34.3996902811
050-9383870,in-call,1639,31.4290813305,34.3701725097
050-7291815,out-call,15,31.4191595326,34.3752097032
050-4565082,in-call,25,31.4057005581,34.3526371308
050-1209473,out-call,3077,31.4589230412,34.4211605399
050-8192877,out-call,1233,31.4439997379,34.4069594253
