phone_number,call_type,call_duration,call_location_longitude,call_location_latitude
050-9784006,out-call,94,31.4575946795,34.4175938684
050-5204327,out-call,590,31.4430295012,34.4045795349
050-6955471,out-call,2016,31.4607710933,34.4280523999
050-3462518,out-call,3550,31.4703811706,34.4313596668
050-6625555,out-call,2342,31.4229688686,34.3979150291
050-4545195,out-call,70,31.4124504441,34.3692363569
050-5991654,out-call,964,31.4229387972,34.3793091015
050-5966429,out-call,29,31.4264847952,34.3901493242
