phone_number,call_type,call_duration,call_location_longitude,call_location_latitude
050-8891781,in-call,2308,31.4120652544,34.3700441511
050-7662708,out-call,72,31.4543282508,34.4164702602
050-6178016,out-call,62,31.4578511881,34.4300713866
050-3090539,out-call,358,31.4269254381,34.3898320842
050-1970148,out-call,115,31.4561414084,34.401483913
050-9070859,out-call,95,31.4100264069,34.3866467906
050-7346307,out-call,2060,31.4432927543,34.4036266283
050-9817404,out-call,90,31.4298925497,34.3819015282
