phone_number,call_type,call_duration,call_location_longitude,call_location_latitude
050-6930059,in-call,31,31.4500565348,34.4094723571
050-6159265,out-call,103,31.469176327,34.4324691068
050-2429922,out-call,72,31.4213882338,34.3903787568
050-2932761,out-call,107,31.429049283,34.3985273999
050-4707031,out-call,2935,31.4461072332,34.4052426691
050-9569625,in-call,41,31.4470853796,34.4074344368
050-4795976,in-call,95,31.4349980453,34.4016770019
