phone_number,call_type,call_duration,call_location_longitude,call_location_latitude
050-4697379,out-call,55,31.4570881325,34.4190657374
050-3021531,in-call,2455,31.424778423,34.385490487
050-1170490,in-call,514,31.4223893699,34.3737600303
050-4131808,out-call,75,31.4502932705,34.4025938174
050-8411597,out-call,1621,31.4612369566,34.4423258615
050-7384095,out-call,88,31.417294214,34.3844827301
