phone_number,call_type,call_duration,call_location_longitude,call_location_latitude
050-8557593,in-call,2487,31.4665837897,34.4223411733
050-9037727,in-call,2474,31.4101628358,34.3593350555
050-1406253,in-call,136,31.4501644768,34.4136707229
050-6342551,in-call,16,31.4191805534,34.3634308214
050-1237440,in-call,2368,31.4642713346,34.4280154444
050-4555631,in-call,50,31.4430919949,34.3964477432
050-4949539,in-call,47,31.4402856527,34.3963072533
050-5314632,out-call,33,31.4469051285,34.4232042506
050-6407024,out-call,495,31.441752943,34.3994888299
