phone_number,call_type,call_duration,call_location_longitude,call_location_latitude
050-6228127,in-call,606,31.4244270462,34.3824877011
050-6039998,out-call,97,31.498998241,34.4752629092
050-6114897,out-call,1028,31.4222689433,34.3728997692
050-1260061,in-call,76,31.4496785566,34.4169999417
050-3746211,in-call,59,31.421559711,34.3825951252
050-3988839,out-call,102,31.4234832214,34.3915520392
050-1835372,out-call,37,31.4917994291,34.4581984762
050-2215775,out-call,54,31.4944949542,34.4542667219
