phone_number,call_type,call_duration,call_location_longitude,call_location_latitude
050-3442911,out-call,10,31.468026111,34.4218742427
050-3097466,out-call,3553,31.4076330041,34.3749745293
050-6214620,out-call,3017,31.4556526366,34.4163379412
050-7169969,in-call,46,31.4270801233,34.3978540524
050-7415087,out-call,1135,31.4579505956,34.4304662189
050-3499075,in-call,2937,31.4616573958,34.4304863281
050-7142849,out-call,111,31.4704986124,34.4147086393
050-9241741,in-call,1092,31.4402826695,34.4015146667
