phone_number,call_type,call_duration,call_location_longitude,call_location_latitude
050-2697750,out-call,3413,31.4115806585,34.3758783249
050-6519811,in-call,2536,31.422458934,34.395361744
050-9015612,in-call,95,31.467991269,34.4375993404
050-9949933,in-call,3300,31.4652424268,34.4155637419
050-9175449,out-call,72,31.447272786,34.4165060867
050-8148836,in-call,1030,31.4382634143,34.393430963
050-3339567,out-call,2105,31.4234741045,34.38287912
050-7674105,in-call,95,31.4205680065,34.3901059972
