phone_number,call_type,call_duration,call_location_longitude,call_location_latitude
050-5915829,out-call,3079,31.3989974531,34.3665492524
050-2291212,out-call,90,31.4288003178,34.3720300812
050-9199684,out-call,62,31.4380461396,34.4079864009
050-7033628,in-call,10,31.4880455906,34.4636500049
050-9592635,out-call,1329,31.4383225844,34.4059974172
050-1368935,out-call,1675,31.4303378786,34.4007763969
050-8130514,out-call,96,31.4455928326,34.4093419817
050-1788072,out-call,1550,31.4713199842,34.4389625382
