phone_number,call_type,call_duration,call_location_longitude,call_location_latitude
050-3135073,out-call,2182,31.4266634828,34.39300548
050-6544011,out-call,1248,31.4342266941,34.4174632639
050-8625901,in-call,40,31.3937981105,34.3525827776
050-4587005,in-call,71,31.4203521444,34.3816543757
050-9202287,out-call,71,31.4266926166,34.3636136365
050-9759001,out-call,470,31.5019933248,34.4722553469
050-1221213,in-call,834,31.4421645619,34.3993828675
050-9868281,out-call,2030,31.4383225844,34.4059974172
050-6179363,in-call,3102,31.4507445991,34.4073709826
