phone_number,call_type,call_duration,call_location_longitude,call_location_latitude
050-6150399,out-call,2513,31.4272074297,34.3717196806
050-1581766,in-call,67,31.4309582207,34.3913496522
050-5048469,in-call,83,31.4175080862,34.3918773172
050-2348551,out-call,1184,31.4554747047,34.4082239462
050-6243957,out-call,438,31.4359892397,34.4020387045
050-1500750,in-call,75,31.4828400049,34.4360757944
