phone_number,call_type,call_duration,call_location_longitude,call_location_latitude
050-1495430,out-call,1577,31.4658315692,34.4160699081
050-9728471,in-call,922,31.4107565143,34.37263791
050-4010830,out-call,2221,31.433898896,34.3829376575
050-2715192,out-call,3566,31.412774432,34.3689747035
050-5775884,out-call,33,31.4373128691,34.3902485868
050-4524922,out-call,2119,31.4321544616,34.3892648544
050-1975177,out-call,358,31.4637757457,34.4119958604
