phone_number,call_type,call_duration,call_location_longitude,call_location_latitude
050-4867812,out-call,2330,31.4424768608,34.4032566546
050-4572065,out-call,25,31.4459566948,34.3843332301
050-3963801,in-call,1386,31.3869529261,34.3232250182
050-3914577,in-call,2734,31.4360265018,34.4006090514
050-5483660,in-call,3345,31.4480471016,34.4190376029
