phone_number,call_type,call_duration,call_location_longitude,call_location_latitude
050-2908421,out-call,29,31.4503353641,34.3948635344
050-3147768,out-call,78,33.8798485223,35.5062943519
050-1008840,out-call,20,31.4267033507,34.3824760225
050-6179109,in-call,2009,33.8827813577,35.5030819456
050-9388953,in-call,107,31.4685281254,34.4251609333
050-6830030,out-call,1372,31.4115806585,34.3758783249
050-2525180,out-call,99,31.457679778,34.4280495637
050-9268342,in-call,35,31.432859593,34.3883905272
050-9857483,out-call,74,31.4690201513,34.4099908409
