phone_number,call_type,call_duration,call_location_longitude,call_location_latitude
050-6690622,out-call,479,31.4492221228,34.4006904516
050-6482361,in-call,90,31.4390148299,34.4192460472
050-6000542,out-call,2138,31.4375175469,34.3927711744
050-6430572,in-call,1956,31.4782554643,34.436745546
050-2157990,out-call,2497,31.4450774761,34.3982742159
050-4496638,in-call,445,31.4165064811,34.3654181114
050-3981886,out-call,1754,31.4698572138,34.4225874378
050-8022596,out-call,89,31.4053250461,34.3675129486
