phone_number,call_type,call_duration,call_location_longitude,call_location_latitude
050-5713216,out-call,70,31.4185960735,34.3860838621
050-8606090,out-call,33,31.3957457556,34.3687136805
050-5556362,in-call,2505,31.416865768,34.3609544677
050-9602554,in-call,62,31.4542364489,34.4139076258
050-3799759,in-call,87,31.4432589432,34.3952534154
050-5710275,out-call,84,31.3976984124,34.3516839757
050-5435229,out-call,36,31.4225969149,34.3871037616
050-6997832,in-call,3021,31.4455988455,34.4119655077
