phone_number,call_type,call_duration,call_location_longitude,call_location_latitude
050-2573688,in-call,2634,31.4839195479,34.4611814979
050-9616382,in-call,2692,31.4763069789,34.4105784987
050-2656936,out-call,2513,31.4273638955,34.3729213254
050-5068263,in-call,3572,31.4089365565,34.3638812504
050-9055415,in-call,29,31.4531056993,34.4106271633
