phone_number,call_type,call_duration,call_location_longitude,call_location_latitude
050-8672383,out-call,2828,31.4634371764,34.412077909
050-2163954,in-call,47,31.3679134003,34.3121163671
050-7541358,out-call,85,31.4291569326,34.3755641524
050-6926986,out-call,2177,31.402144382,34.3656648537
050-6247223,out-call,3467,31.4346225542,34.3868921293
