phone_number,call_type,call_duration,call_location_longitude,call_location_latitude
050-1354982,in-call,69,33.8896187069,35.5161120765
050-1844759,in-call,1778,31.4378376843,34.4016485375
050-7262771,in-call,2465,31.4495066045,34.4113967128
050-1950064,out-call,59,31.4301230933,34.3998239319
050-2707360,out-call,22,31.4575214657,34.4263101184
050-2344255,in-call,2314,31.4571448128,34.4257938677
050-7271037,in-call,469,31.4776467614,34.4305022558
050-8154964,in-call,806,31.4127234083,34.3527552069
050-8580052,out-call,1936,31.4494971996,34.3974673912
