phone_number,call_type,call_duration,call_location_longitude,call_location_latitude
050-5504866,out-call,37,31.4499214238,34.4099304286
050-3723212,in-call,3107,31.4587258516,34.4139411964
050-1203054,out-call,67,31.4550366113,34.416528892
050-8858452,in-call,3382,31.4921147672,34.4672942456
050-5507105,out-call,103,31.4499342545,34.419939756
050-1189983,out-call,39,31.4032206503,34.3693623305
050-4578685,out-call,111,31.4083594896,34.3702222622
050-1698537,out-call,49,31.436767422,34.401918099
