phone_number,call_type,call_duration,call_location_longitude,call_location_latitude
050-4935625,in-call,3020,31.4555765272,34.4253162294
050-8321354,out-call,1715,33.8766968069,35.5090369272
050-3845443,in-call,622,31.4384720538,34.3960451739
050-8640179,out-call,2972,31.4705243367,34.4328020012
050-7996842,in-call,36,31.4462299701,34.4124139576
050-8019539,in-call,3035,33.879851218,35.5109941678
050-3629890,out-call,1444,31.4293170494,34.4007217759
050-9487332,out-call,332,31.4347681536,34.4143665979
