phone_number,call_type,call_duration,call_location_longitude,call_location_latitude
050-1477144,in-call,382,31.4446650308,34.4084949531
050-1077497,out-call,53,31.4576989289,34.4174139182
050-7720052,in-call,2683,31.3793783858,34.3318439893
050-7353793,out-call,2988,31.4883806051,34.4350898938
050-7430511,in-call,18,31.4123761165,34.3808573066
050-7354115,out-call,573,31.4273946827,34.4057252289
