phone_number,call_type,call_duration,call_location_longitude,call_location_latitude
050-8235770,out-call,81,31.472390547,34.4188549133
050-8478965,in-call,3433,31.4088369461,34.3795502184
050-9165086,out-call,641,31.4041511381,34.3608325847
050-2348602,in-call,68,31.4352018185,34.3925646098
050-4263623,in-call,115,31.4468411826,34.3993942754
050-2102348,in-call,1217,31.475710454,34.4241449031
050-9590215,out-call,227,31.4917243496,34.4634960429
