phone_number,call_type,call_duration,call_location_longitude,call_location_latitude
050-6161653,in-call,23,33.883737815,35.5050932128
050-7491128,in-call,1496,31.4413754508,34.4112085382
050-1978283,out-call,50,33.88635682,35.5118428007
050-7113710,in-call,653,31.4885863562,34.4567116398
050-2684312,in-call,63,33.8875978751,35.5138736594
050-4367659,in-call,69,33.8747483555,35.504282173
050-8940750,in-call,2630,31.4486823332,34.4237657961
050-1250731,out-call,58,33.8846858391,35.5079006318
