phone_number,call_type,call_duration,call_location_longitude,call_location_latitude
050-2785624,in-call,53,31.4343615946,34.402910225
050-4731643,out-call,76,31.4053668161,34.3654539387
050-8561428,in-call,3257,31.426323491,34.3854322019
050-4537622,out-call,700,31.4377288279,34.3982697579
050-3888400,in-call,1134,31.402144382,34.3656648537
050-2564752,in-call,1675,31.4297435316,34.3921744674
050-1564105,out-call,78,31.4634828398,34.4118034467
