phone_number,call_type,call_duration,call_location_longitude,call_location_latitude
050-3785742,in-call,2736,31.4264439161,34.3769016784
050-6927952,in-call,424,31.4304544457,34.3995034219
050-5953433,in-call,1841,31.4886303022,34.4501922892
050-7242057,out-call,3080,31.4276130631,34.3961313985
050-3153585,out-call,214,31.4805823221,34.4351858162
