phone_number,call_type,call_duration,call_location_longitude,call_location_latitude
050-1954337,in-call,2306,31.4561857322,34.4165178031
050-5275764,in-call,61,31.4717161641,34.4212865208
050-8865469,out-call,64,31.4603315239,34.4197499986
050-4970390,in-call,50,31.4274280499,34.3885989587
050-4005346,out-call,18,31.4157384319,34.3773716866
050-6504552,out-call,80,31.4456094271,34.4032753243
050-2060051,out-call,2005,31.4739579782,34.4151485611
050-3520503,out-call,787,31.4241705006,34.385947926
