phone_number,call_type,call_duration,call_location_longitude,call_location_latitude
050-3309176,in-call,1625,31.4524855982,34.4088703745
050-3110734,out-call,26,31.4185385003,34.3684563488
050-5024727,out-call,93,31.4349700178,34.3970057098
050-7296775,out-call,12,31.4349209605,34.3878926043
050-8934401,in-call,17,31.4531770942,34.3962586249
050-8715004,in-call,2996,31.4944949542,34.4542667219
050-9101020,out-call,498,31.4467292189,34.4130210573
