phone_number,call_type,call_duration,call_location_longitude,call_location_latitude
050-2812272,out-call,2482,31.4311420064,34.3938412361
050-4262381,in-call,31,31.4446156739,34.4059584646
050-3945140,in-call,2444,31.4268099838,34.3805186172
050-1233116,in-call,1234,31.4535392686,34.4145502688
050-3077164,out-call,35,31.4060268278,34.3732085691
050-7071056,in-call,856,31.4416759498,34.4013924912
050-1163819,in-call,97,31.4129757898,34.3812392459
050-7797749,in-call,103,31.4107548124,34.3812245468
