phone_number,call_type,call_duration,call_location_longitude,call_location_latitude
050-6961577,out-call,71,31.4271230476,34.369059188
050-4879201,in-call,17,31.4673893791,34.4178742415
050-3421811,out-call,20,31.4427881333,34.407472405
050-3960588,in-call,84,31.4262114188,34.388041695
050-6400985,out-call,2685,31.4247128008,34.377930589
