phone_number,call_type,call_duration,call_location_longitude,call_location_latitude
050-8863795,out-call,120,31.3817440139,34.3393232243
050-4032683,out-call,3406,31.4636867333,34.4259659336
050-3012925,out-call,3594,31.4937609638,34.4571883177
050-5221633,in-call,81,31.4290217077,34.3888392633
050-9040326,out-call,1979,31.4227258921,34.3789809229
