phone_number,call_type,call_duration,call_location_longitude,call_location_latitude
050-9275550,out-call,38,31.4391564446,34.4071236214
050-9610869,out-call,76,31.4734522149,34.4317518266
050-1447379,out-call,911,31.4069858347,34.3668786234
050-6931992,in-call,1584,31.4446135953,34.4162151095
050-2643236,in-call,647,31.4597260663,34.4133087325
050-2102908,in-call,2365,31.406590157,34.3701912441
050-2466006,out-call,990,31.4559717137,34.4295491368
050-1603135,out-call,2666,31.4151247376,34.3800718205
