phone_number,call_type,call_duration,call_location_longitude,call_location_latitude
050-6576280,out-call,87,33.8864395278,35.5080752301
050-2038367,out-call,2296,31.4532066511,34.4088611428
050-9447077,in-call,68,31.426489999,34.3826885292
050-3498858,out-call,3597,31.4345780651,34.387787364
050-6824448,out-call,87,33.8809584747,35.5115716524
050-2679850,out-call,2249,33.8895010899,35.5152518896
050-3545782,in-call,2038,31.4458845053,34.4003370398
050-9211141,in-call,61,31.4111403002,34.3660011899
