phone_number,call_type,call_duration,call_location_longitude,call_location_latitude
050-2203603,in-call,379,33.8832825851,35.5090973979
050-8565386,in-call,847,33.8818689003,35.5071266391
050-9895215,in-call,25,31.459248973,34.4264116355
050-9273904,in-call,104,33.8816574315,35.5085916837
050-8645643,in-call,1176,31.4474921815,34.4010609186
050-7020110,in-call,62,33.8810721049,35.5109822516
050-9103634,out-call,117,31.4217452167,34.3781849916
050-1243255,in-call,859,31.4448666025,34.4012826162
050-4763798,in-call,35,33.8829668809,35.5061940778
