phone_number,call_type,call_duration,call_location_longitude,call_location_latitude
050-1964441,out-call,2268,31.4382207535,34.3983405737
050-3453640,out-call,2945,31.4156306886,34.3681529268
050-4791544,out-call,66,31.4306141818,34.3860317588
050-9833632,out-call,87,31.4331701141,34.3938061574
050-9594049,in-call,61,31.4298552759,34.3811663403
050-1261214,out-call,97,31.4193305406,34.3797228163
050-5278094,out-call,2610,31.4569254932,34.4384445645
050-7526547,out-call,2422,31.4440982525,34.4176053488
