phone_number,call_type,call_duration,call_location_longitude,call_location_latitude
050-3708572,out-call,94,31.5027148539,34.4735747827
050-5927961,out-call,1181,31.4500213072,34.4147251583
050-1195599,out-call,686,31.4601166644,34.4039793756
050-3769376,out-call,42,31.4386480059,34.3927151736
050-4390142,out-call,3054,31.443322174,34.3962604009
