phone_number,call_type,call_duration,call_location_longitude,call_location_latitude
050-7024302,in-call,3298,31.4464779537,34.406264539
050-1061536,in-call,3277,31.4730469992,34.4424930526
050-8051828,out-call,1544,31.432962405,34.3901371464
050-5026949,in-call,23,31.4569578229,34.4095055529
050-2282975,out-call,68,31.4244152854,34.3794381617
050-7922606,in-call,98,31.4475149552,34.4078233351
050-3328807,in-call,108,31.4022044462,34.3592199222
