phone_number,call_type,call_duration,call_location_longitude,call_location_latitude
050-3182601,in-call,3087,31.441370129,34.3781090394
050-1321217,out-call,54,31.4239268998,34.3774730973
050-8257611,out-call,743,31.4248731668,34.3692858109
050-8749313,out-call,1891,31.4135902091,34.3922565955
050-7130226,out-call,1026,31.4329729957,34.3909285597
