phone_number,call_type,call_duration,call_location_longitude,call_location_latitude
050-8511171,in-call,1244,31.3969160448,34.3492180104
050-3741793,out-call,2543,31.4518739633,34.4008736109
050-1926662,out-call,110,31.4448666025,34.4012826162
050-9906477,out-call,209,31.4642411585,34.4094684335
050-2887225,out-call,1481,31.4507309125,34.4094157267
050-9989794,out-call,97,31.4510318282,34.4066460528
