phone_number,call_type,call_duration,call_location_longitude,call_location_latitude
050-4610610,out-call,1855,31.4305368954,34.3958770437
050-1497187,in-call,606,31.4434595608,34.4121005049
050-6413315,in-call,1104,31.4025296943,34.3490780974
050-4882419,in-call,3306,31.3848019274,34.3394327114
050-3382734,out-call,344,31.4407382824,34.3956810659
050-4520097,out-call,46,31.457874155,34.4172925134
050-5300907,in-call,51,31.4704110694,34.4403954698
