phone_number,call_type,call_duration,call_location_longitude,call_location_latitude
050-4501101,out-call,25,33.884637886,35.511779023
050-7396134,out-call,52,31.4763801189,34.43758793
050-3665948,in-call,104,31.4508188875,34.4087834264
050-7353825,out-call,155,31.4644782941,34.4319742688
050-8721851,out-call,3239,33.8775609694,35.5116267563
050-2900822,out-call,41,33.8844830894,35.5093090578
050-2673652,in-call,90,31.4065795659,34.3602877311
