phone_number,call_type,call_duration,call_location_longitude,call_location_latitude
050-7610396,in-call,367,33.8848055614,35.5103833461
050-3215016,out-call,72,33.8833430253,35.507681145
050-8557823,in-call,2543,31.4184215468,34.3956839813
050-7230735,out-call,79,31.4070318497,34.3702843457
050-9448548,out-call,43,33.8857187536,35.5093703433
050-9488952,out-call,16,31.3821537049,34.3359351767
050-6017924,out-call,18,31.4403675252,34.4097184316
050-4757612,out-call,96,31.4005753749,34.371788803
