phone_number,call_type,call_duration,call_location_longitude,call_location_latitude
050-7500367,in-call,49,31.4017162287,34.3714707239
050-3446277,in-call,102,31.3976659409,34.3526161797
050-3050281,in-call,94,31.4288119072,34.3749641608
050-4529006,out-call,79,31.4420627172,34.3969508091
050-2261671,out-call,58,31.4365865351,34.4099618405
