phone_number,call_type,call_duration,call_location_longitude,call_location_latitude
050-7952332,in-call,1800,31.4337066543,34.3898289074
050-9084172,in-call,416,33.8797350066,35.5084704087
050-6853892,in-call,78,31.3972897581,34.3640439875
050-3606745,in-call,71,33.884785299,35.5077664515
050-6269731,out-call,35,33.878807887,35.5154465812
