phone_number,call_type,call_duration,call_location_longitude,call_location_latitude
050-3727136,in-call,2396,33.8835894461,35.5038231938
050-2718022,out-call,2459,31.466155096,34.4293083936
050-7397879,out-call,1977,33.8915436226,35.5143329747
050-8811285,in-call,78,31.4361738514,34.3789028316
050-5886967,in-call,71,33.883522964,35.5058633502
050-6850727,out-call,83,31.3719067003,34.3199964092
