phone_number,call_type,call_duration,call_location_longitude,call_location_latitude
050-7580953,in-call,48,31.437053419,34.3954152079
050-7805361,in-call,1042,31.4322638192,34.3650370804
050-1287458,out-call,101,31.3817440139,34.3393232243
050-9593470,in-call,843,31.4280123381,34.3766720398
050-6516514,in-call,11,31.4594783727,34.4168733462
050-6818294,in-call,2021,31.4280212109,34.3860874204
050-1211402,in-call,2835,31.4448666025,34.4012826162
050-2481334,out-call,578,31.4481458619,34.3976749247
