phone_number,call_type,call_duration,call_location_longitude,call_location_latitude
050-1441242,out-call,2705,31.4329908417,34.3924601084
050-1532934,out-call,15,31.4423080484,34.4112598411
050-7339292,in-call,51,31.4428240772,34.4018594596
050-1784507,in-call,83,31.4260014946,34.3862978196
050-3308668,out-call,3040,31.4345762816,34.3963010684
050-3549378,in-call,3295,31.4799683751,34.4231319971
050-8491636,out-call,2589,31.47851962,34.423131474
