phone_number,call_type,call_duration,call_location_longitude,call_location_latitude
050-2490396,in-call,28,31.4551675619,34.4052818754
050-8299035,in-call,102,31.475116015,34.4405104704
050-6067904,in-call,2433,31.4468026305,34.3926454043
050-6582535,in-call,2933,31.455700338,34.4213103779
050-4667975,in-call,26,31.4570520248,34.4179068818
050-5771180,out-call,1425,31.4440797924,34.4023023044
050-5070571,in-call,20,31.45815257,34.4105164654
