phone_number,call_type,call_duration,call_location_longitude,call_location_latitude
050-6456470,out-call,116,31.4569820014,34.4248372678
050-2595201,in-call,920,31.4248731668,34.3692858109
050-9014054,out-call,870,31.4325233207,34.3961572408
050-5407918,out-call,851,31.4507419592,34.3945441629
050-7678550,out-call,1156,31.424301297,34.3721965012
050-6492815,in-call,328,31.4496923222,34.4151606814
050-9804699,out-call,249,31.464939692,34.4105494744
050-4547834,in-call,119,31.4856394198,34.4461599097
050-8252024,out-call,2344,31.4498662071,34.4193467712
