phone_number,call_type,call_duration,call_location_longitude,call_location_latitude
050-6613339,in-call,3541,31.4822811026,34.4301194483
050-5699216,in-call,2645,31.423475336,34.3757324245
050-2892531,in-call,33,31.4146834418,34.3774668428
050-4751890,out-call,16,31.4454767953,34.4268658992
050-8668829,in-call,52,31.43639984,34.389210044
050-4666761,out-call,1888,31.407860312,34.3712366872
