phone_number,call_type,call_duration,call_location_longitude,call_location_latitude
050-1061048,in-call,3399,31.3983726998,34.3600905107
050-7376661,out-call,78,31.4309876208,34.3777002009
050-9130657,out-call,3593,31.434378346,34.3939934939
050-7435499,in-call,51,31.4637491779,34.4307620247
050-1754911,in-call,97,31.4108800883,34.3678538698
050-8562123,in-call,36,31.4256358053,34.3866312651
