phone_number,call_type,call_duration,call_location_longitude,call_location_latitude
050-1484494,in-call,12,31.3933720814,34.3520948464
050-5266038,in-call,1775,31.4064225682,34.3682291064
050-9282528,in-call,847,33.8753234277,35.5026273063
050-5738007,out-call,2782,31.4477883455,34.4040755107
050-9875460,in-call,43,31.4444202209,34.3968488528
050-9268947,out-call,21,33.8835924497,35.5106688136
