phone_number,call_type,call_duration,call_location_longitude,call_location_latitude
050-1473619,out-call,1212,31.4073729112,34.35095829
050-2953409,in-call,21,31.4222725011,34.3808361728
050-8979526,out-call,1270,31.4134863825,34.3824285197
050-9308474,in-call,1167,31.4344076518,34.3818965719
050-9922441,in-call,116,31.4317733344,34.3975879172
050-3024475,in-call,90,31.4600097767,34.4170796237
050-7901684,in-call,113,31.4123715974,34.3870598644
050-7197173,out-call,99,31.4344091923,34.3883600378
050-3509574,in-call,57,31.4134627239,34.3845024687
