phone_number,call_type,call_duration,call_location_longitude,call_location_latitude
050-8757458,out-call,1035,31.4051501609,34.3472301754
050-9927589,out-call,112,31.4572659431,34.4204099529
050-6301837,in-call,1796,31.4119827515,34.3703589101
050-8146873,out-call,730,31.4089623356,34.3568829285
050-3503382,in-call,17,31.4434149824,34.4045098875
050-5780619,out-call,40,31.3862400507,34.3472718665
050-8110404,out-call,77,31.4580250657,34.4227403689
050-9971307,out-call,3399,31.4270211801,34.3869089837
