phone_number,call_type,call_duration,call_location_longitude,call_location_latitude
050-7929784,in-call,2944,31.4489346212,34.4095629323
050-3149232,out-call,114,31.4882549056,34.4313966319
050-4760513,in-call,993,31.4254027799,34.391891895
050-6603781,in-call,798,31.4210718107,34.3784536723
050-7030388,in-call,2420,31.4524844561,34.4034887747
050-2840597,in-call,115,31.4147860099,34.3776687631
050-9553684,out-call,2064,31.461416456,34.4024405223
