phone_number,call_type,call_duration,call_location_longitude,call_location_latitude
050-9877353,in-call,113,31.4420739052,34.412791977
050-3951149,in-call,1489,31.4275421047,34.39063717
050-9193734,in-call,471,31.4158152931,34.3857664263
050-5965107,in-call,25,31.4847636637,34.4206123737
050-9654195,out-call,2959,31.4406681726,34.4025391617
