phone_number,call_type,call_duration,call_location_longitude,call_location_latitude
050-5610053,in-call,264,31.4495462159,34.4007862748
050-8279712,out-call,1860,31.4138112452,34.3886220316
050-1971991,in-call,515,31.4301230933,34.3998239319
050-6344942,in-call,976,31.506006121,34.4664295556
050-1454992,out-call,3116,31.4379389404,34.4008376262
050-3387784,out-call,529,31.4696516097,34.4423898698
050-9449010,in-call,3044,31.42267118,34.3898886142
050-1392287,out-call,289,31.3793074887,34.3571295214
050-3346087,out-call,2835,31.4864831741,34.4462615937
