phone_number,call_type,call_duration,call_location_longitude,call_location_latitude
050-7534470,out-call,152,31.4254812388,34.38171897
050-1033807,in-call,56,31.4552914732,34.4361376431
050-8016093,out-call,112,31.4004758081,34.3822465236
050-7020046,out-call,135,31.4727088536,34.4292931866
050-6526219,out-call,102,31.4558338928,34.4303555988
050-1192176,out-call,49,31.3953101605,34.3500296905
