phone_number,call_type,call_duration,call_location_longitude,call_location_latitude
050-6658898,in-call,59,31.411524243,34.3748181617
050-1728352,out-call,1361,31.4329222956,34.3870922262
050-5043489,out-call,1435,31.4823515577,34.431094492
050-9579495,in-call,19,31.4354418156,34.3954987633
050-3846596,in-call,883,31.4312842086,34.3869463981
050-3265924,out-call,117,31.4205370734,34.3856800739
