phone_number,call_type,call_duration,call_location_longitude,call_location_latitude
050-1559198,out-call,1850,31.4299200993,34.3848037915
050-8857023,out-call,77,31.4499597698,34.4106897341
050-9927515,in-call,53,31.4559018365,34.4260621416
050-7235034,out-call,3016,31.4695150327,34.4148981933
050-7386581,in-call,10,31.405839494,34.3480547799
050-1012724,out-call,64,31.4504994776,34.408630561
050-9098204,in-call,67,31.4382207535,34.3983405737
050-7134809,in-call,59,31.4260014946,34.3862978196
