phone_number,call_type,call_duration,call_location_longitude,call_location_latitude
050-4734408,out-call,101,31.3733834106,34.3300081376
050-9046467,out-call,761,31.4165848642,34.3845922912
050-4770704,out-call,41,31.4668736367,34.4228134515
050-5523642,out-call,3458,31.4579524768,34.4235011022
050-4829520,in-call,3190,33.8789134897,35.5076238663
