phone_number,call_type,call_duration,call_location_longitude,call_location_latitude
050-2160136,out-call,57,31.4288119072,34.3749641608
050-4712510,in-call,87,31.4232698948,34.4015416209
050-4335079,out-call,1755,31.4156306886,34.3681529268
050-6362431,in-call,25,31.4200547933,34.3827982319
050-9079794,out-call,36,31.435005736,34.3916927791
