phone_number,call_type,call_duration,call_location_longitude,call_location_latitude
050-6611252,out-call,2023,31.4049770054,34.3859264195
050-6953786,in-call,99,31.4102655203,34.3635951741
050-5740425,out-call,95,31.4241132174,34.3773041501
050-3104410,out-call,3430,31.4641538911,34.4402310764
050-3935330,in-call,82,31.4045619834,34.3615432777
050-4046152,out-call,1286,31.4187313052,34.3737432079
050-5326158,in-call,97,31.4518739633,34.4008736109
050-7530215,in-call,1168,31.4338932216,34.4066446103
