phone_number,call_type,call_duration,call_location_longitude,call_location_latitude
050-2421087,in-call,81,31.420842176,34.3851833495
050-1944244,in-call,963,33.8815456363,35.5086869889
050-4745245,out-call,533,31.4564223381,34.4131506594
050-6351266,in-call,20,31.4590067164,34.4234475033
050-3105767,out-call,2219,33.8847577293,35.5107551318
050-5434219,out-call,119,31.4597931603,34.4175114092
050-9957577,out-call,99,31.4394444886,34.3925326706
050-7270989,out-call,3202,33.8836198497,35.5125971317
050-1889326,in-call,3554,31.4708337206,34.4475910324
