phone_number,call_type,call_duration,call_location_longitude,call_location_latitude
050-5503280,in-call,2001,31.4509402353,34.4100245754
050-5703097,in-call,64,31.4535079327,34.4146466823
050-5897375,in-call,1484,31.4484036358,34.4109037772
050-2041119,out-call,3208,31.4262422846,34.3964395204
050-1907728,out-call,1962,31.4625763205,34.4366776199
050-4819575,out-call,31,31.449652677,34.4075245459
050-8161890,out-call,2023,31.4394624423,34.3927477887
050-6139450,in-call,16,31.4389148831,34.3994082262
