phone_number,call_type,call_duration,call_location_longitude,call_location_latitude
050-2997627,out-call,2380,31.4370578735,34.401063856
050-9108153,out-call,55,31.3911069212,34.3581262507
050-7890759,in-call,50,31.4901932287,34.4461256051
050-8454873,in-call,114,31.4512804496,34.3899253604
050-2568532,in-call,10,31.4469051285,34.4232042506
050-8267035,in-call,105,31.4541759213,34.4175421123
050-6492506,in-call,15,31.4596445815,34.4169946144
050-5711680,in-call,98,31.4328246831,34.4008880581
050-1105652,in-call,110,31.4224138864,34.3896079843
