phone_number,call_type,call_duration,call_location_longitude,call_location_latitude
050-4764448,in-call,3184,31.4101628358,34.3593350555
050-1177023,out-call,119,33.8896244035,35.5107891521
050-9198518,out-call,98,33.8770487152,35.504218969
050-1590162,in-call,1324,33.8890556422,35.5132684827
050-1415699,out-call,3167,31.4547938182,34.4186229337
050-2734178,in-call,2611,31.416865768,34.3609544677
