phone_number,call_type,call_duration,call_location_longitude,call_location_latitude
050-8496628,in-call,103,31.402295751,34.3562658025
050-4190478,out-call,410,31.4157384319,34.3773716866
050-7336829,in-call,43,31.4305742951,34.3986507592
050-7454349,in-call,1471,31.3728020044,34.3506215956
050-9314028,in-call,10,31.4434483388,34.4051095074
050-3232912,out-call,3349,31.3915603839,34.3284492597
