phone_number,call_type,call_duration,call_location_longitude,call_location_latitude
050-4852556,in-call,105,31.489451099,34.4673313313
050-8978274,in-call,79,31.4481774747,34.4055675281
050-6255309,out-call,3285,31.4528877287,34.4023366275
050-5496729,out-call,1005,31.449940797,34.428372364
050-5266074,in-call,3027,31.4055152642,34.3486532159
050-5710500,out-call,48,31.4629674797,34.4147024394
