phone_number,call_type,call_duration,call_location_longitude,call_location_latitude
050-3123932,in-call,105,31.439114515,34.4053991647
050-5383770,out-call,1983,31.4151317132,34.3768330959
050-4424495,out-call,66,31.4825724011,34.4458998026
050-2846961,out-call,15,31.4528667481,34.403808201
050-3723618,out-call,68,31.4594954621,34.4318962311
050-4593970,in-call,100,31.4025544515,34.3440715427
050-8260232,out-call,2888,31.4278005627,34.3788221509
050-6136280,out-call,2201,31.4537838122,34.4102903705
050-2995390,out-call,34,31.4630001696,34.4225278206
