phone_number,call_type,call_duration,call_location_longitude,call_location_latitude
050-2502019,in-call,3238,31.4438027925,34.4100448225
050-3543841,out-call,69,31.4786997441,34.4495681171
050-8378968,in-call,2516,31.4492472178,34.4020085619
050-7002957,out-call,17,31.4529561912,34.4254773333
050-3365128,out-call,112,31.4186676411,34.3810708747
050-5369894,in-call,1154,31.4332349768,34.3826490783
050-7591119,in-call,84,31.4234406613,34.3859288374
050-6223776,in-call,838,31.4045110475,34.3636170172
