phone_number,call_type,call_duration,call_location_longitude,call_location_latitude
050-4336994,out-call,74,31.4399671218,34.389609329
050-9864290,out-call,56,31.486495388,34.440799534
050-9076026,in-call,115,33.8793720096,35.5095845568
050-8813713,out-call,2138,33.8830518666,35.5116820524
050-5921288,out-call,109,31.4362015852,34.3931246422
050-8450954,out-call,1529,31.4535800419,34.4239049616
050-6851393,in-call,49,31.4404494268,34.4058254319
