phone_number,call_type,call_duration,call_location_longitude,call_location_latitude
050-6112635,out-call,22,31.434318918,34.3958649543
050-9815786,in-call,73,31.4469051285,34.4232042506
050-4072119,in-call,120,31.3663792616,34.3205151077
050-6635804,out-call,115,31.4137925244,34.3621945835
050-5629695,in-call,129,31.4805324117,34.4517854143
