phone_number,call_type,call_duration,call_location_longitude,call_location_latitude
050-7215472,out-call,3497,31.3894362705,34.3530254854
050-7833181,out-call,57,31.4127207726,34.3769965571
050-3885135,out-call,296,31.4343403049,34.3970889603
050-2636606,out-call,58,31.4408964835,34.4063633476
050-5283612,in-call,23,31.3906506448,34.3459344356
050-5007565,out-call,27,31.4063158634,34.3678689201
050-1156928,in-call,1380,31.4487512905,34.3971884701
050-6868223,in-call,908,31.4401967172,34.3897803214
050-2548216,in-call,2582,31.4379683582,34.3983283798
