phone_number,call_type,call_duration,call_location_longitude,call_location_latitude
050-4280139,out-call,1027,31.4674461087,34.4243418579
050-5626127,out-call,94,31.4391718858,34.396361955
050-4746847,in-call,45,31.4468500065,34.4033766702
050-4392163,in-call,2306,31.4494250752,34.4214000183
050-6359086,in-call,76,31.4461840787,34.4050874095
050-8230831,in-call,71,31.4065795659,34.3602877311
