phone_number,call_type,call_duration,call_location_longitude,call_location_latitude
050-4629627,out-call,86,31.4088202641,34.3652831964
050-2052971,in-call,3162,31.4507110925,34.422359234
050-3662311,out-call,83,31.4463569128,34.4190157858
050-4495368,out-call,2748,31.459096615,34.4299512455
050-1202450,in-call,14,31.4362783975,34.3926603934
050-8251206,out-call,2541,31.4254002226,34.3753751934
050-9516541,out-call,1401,31.4362355749,34.3765950564
050-6708138,out-call,2617,31.4329673357,34.3973143387
