phone_number,call_type,call_duration,call_location_longitude,call_location_latitude
050-5180689,out-call,3525,33.8887166411,35.5143145123
050-8726112,out-call,41,31.4265925621,34.3973757765
050-9927559,in-call,23,33.8816440768,35.5140462714
050-6168313,out-call,3175,31.4152624575,34.3627934352
050-6772483,out-call,13,31.4432385791,34.3799117204
050-9945166,out-call,2488,31.4330062212,34.3853960628
050-2207801,in-call,2418,31.4241705006,34.385947926
050-5001617,out-call,258,31.438892543,34.4072775724
