phone_number,call_type,call_duration,call_location_longitude,call_location_latitude
050-5618598,in-call,1869,31.4838921166,34.4343699775
050-3266032,out-call,3116,31.4329729957,34.3909285597
050-5884084,out-call,111,31.4497396771,34.3996556924
050-1469160,in-call,15,31.4512733914,34.3995211563
050-4164035,in-call,102,31.4426570279,34.4031104791
