phone_number,call_type,call_duration,call_location_longitude,call_location_latitude
050-9590551,out-call,14,31.447844989,34.4027976613
050-1914029,out-call,3500,31.4417995022,34.3964449998
050-2392415,out-call,1932,31.4487992918,34.4019854851
050-4951065,in-call,2565,31.4933155332,34.4651070372
050-4874210,in-call,3195,31.4752337355,34.4343214859
050-8618382,in-call,91,31.4533288281,34.4021033191
050-1628060,out-call,102,31.4190352973,34.3807271745
050-2598140,out-call,91,31.4613899154,34.4103323844
