phone_number,call_type,call_duration,call_location_longitude,call_location_latitude
050-3657886,out-call,90,31.4406681726,34.4025391617
050-4935469,in-call,48,31.4206986855,34.3912090459
050-3547141,out-call,1936,31.4412303098,34.4056607492
050-4720791,in-call,15,31.4652397632,34.4112087378
050-4804475,out-call,41,31.4602554856,34.4100134948
050-6021965,out-call,60,31.4323819725,34.4114557803
