phone_number,call_type,call_duration,call_location_longitude,call_location_latitude
050-3444235,out-call,2874,31.4512261077,34.4201345385
050-8982526,out-call,27,31.4171471417,34.3827513499
050-1160992,in-call,408,31.4552705269,34.4258622912
050-5392331,in-call,3338,31.4289955278,34.3841971953
050-3552418,in-call,1251,31.4015824918,34.3619235403
050-9147953,out-call,93,31.4055455481,34.3847658011
