phone_number,call_type,call_duration,call_location_longitude,call_location_latitude
050-4129725,in-call,32,31.4298925497,34.3819015282
050-1076130,in-call,21,31.4435397643,34.4056608118
050-9906283,out-call,1497,31.4288035357,34.4169810356
050-3320236,in-call,999,31.437152659,34.4000976284
050-2979958,out-call,62,31.4201494313,34.3828913497
050-4920804,in-call,46,31.4561282003,34.4277807962
050-6581310,in-call,1743,31.4305368954,34.3958770437
050-2762826,in-call,53,31.4546720166,34.4181926696
