phone_number,call_type,call_duration,call_location_longitude,call_location_latitude
050-1172473,out-call,1708,31.3829205169,34.344903651
050-5709346,out-call,3091,31.4705845474,34.4376644988
050-8267476,out-call,394,31.4599203724,34.4105771563
050-5923166,in-call,1652,31.4438127421,34.3906113469
050-8171781,out-call,17,31.4410633522,34.414430088
050-6371537,in-call,55,31.4015824918,34.3619235403
