phone_number,call_type,call_duration,call_location_longitude,call_location_latitude
050-2218622,in-call,45,31.4486211199,34.4065354643
050-3401322,out-call,102,31.461421243,34.4235986485
050-5994127,in-call,96,31.4685932249,34.4217962618
050-1391183,in-call,241,31.4235892144,34.3853808999
050-6728440,out-call,82,31.4580250657,34.4227403689
050-2177479,in-call,104,31.4788911561,34.4346049436
