phone_number,call_type,call_duration,call_location_longitude,call_location_latitude
050-3671154,out-call,3194,31.4681045991,34.4235507672
050-2897868,out-call,49,31.4145960689,34.3544597929
050-4723428,out-call,18,31.4570648379,34.400809263
050-1463937,out-call,286,31.4576110251,34.4127964264
050-7448083,in-call,13,31.4451347563,34.4081678073
050-8667603,in-call,118,31.4347681536,34.4143665979
