phone_number,call_type,call_duration,call_location_longitude,call_location_latitude
050-5628528,out-call,1086,31.4664055643,34.428577225
050-6891252,in-call,554,31.4412344687,34.3934290611
050-2474041,out-call,3373,31.4358317954,34.4061803904
050-5914347,in-call,76,31.4088148333,34.3613396016
050-8793006,in-call,2068,31.3979031367,34.3496881277
050-1611090,out-call,385,31.4193458453,34.3788731366
050-2373776,out-call,2195,31.416865768,34.3609544677
