phone_number,call_type,call_duration,call_location_longitude,call_location_latitude
050-7762764,in-call,3270,33.8799564236,35.5072024343
050-9794493,in-call,27,31.4421219798,34.4029850072
050-2226007,out-call,354,31.4334845589,34.4021247816
050-4137811,in-call,104,33.8804078229,35.5136301527
050-1411759,in-call,2699,33.8877371528,35.5092624345
050-4926941,out-call,22,31.48055356,34.4357670512
050-4771291,out-call,671,31.4450015693,34.3898419531
050-8482385,out-call,114,31.4486211199,34.4065354643
050-7949156,out-call,100,33.8890725993,35.5126545727
