phone_number,call_type,call_duration,call_location_longitude,call_location_latitude
050-6103161,in-call,193,31.4440484577,34.4114749198
050-5907911,out-call,43,31.4660260956,34.4050381404
050-2674772,out-call,3208,31.4302968706,34.3804615993
050-9897210,out-call,1323,31.4057944881,34.3781723724
050-8280970,in-call,3392,31.4617153965,34.4140168053
050-9555107,in-call,281,31.4616861046,34.4212227964
050-2777159,out-call,97,31.4073649786,34.3625659688
