phone_number,call_type,call_duration,call_location_longitude,call_location_latitude
050-2382496,in-call,494,31.4127520665,34.3731639662
050-8378565,out-call,3084,31.4931039038,34.4531510378
050-8923156,in-call,809,31.4359165336,34.3957817546
050-7922166,out-call,2387,31.4431761397,34.4023250523
050-4586251,out-call,35,31.4630848975,34.442072938
050-9709346,out-call,53,31.43137293,34.4020186651
050-1808296,out-call,100,31.424778423,34.385490487
