phone_number,call_type,call_duration,call_location_longitude,call_location_latitude
050-3109132,out-call,34,31.4718959239,34.4384191488
050-4069199,in-call,55,31.4420739052,34.412791977
050-3386766,in-call,713,31.4357072349,34.3955016558
050-7217637,out-call,3587,31.4405823158,34.402062576
050-1094582,out-call,2532,31.4469586191,34.392576195
050-8115978,out-call,39,31.3786456769,34.3431572955
