phone_number,call_type,call_duration,call_location_longitude,call_location_latitude
050-3002169,in-call,647,31.4120652544,34.3700441511
050-6374828,out-call,106,31.4780089889,34.4498887137
050-4019117,in-call,1808,31.4795464285,34.4569788473
050-2077339,in-call,47,31.4639193049,34.4194289884
050-3695447,in-call,35,31.4164750441,34.3744297666
