phone_number,call_type,call_duration,call_location_longitude,call_location_latitude
050-9432051,out-call,72,31.4822811026,34.4301194483
050-1529806,in-call,26,31.4405691619,34.3908509911
050-9290877,in-call,1377,31.4150233064,34.381223462
050-5175643,out-call,29,31.4422117853,34.4067070536
050-6021715,in-call,10,31.4696189214,34.4487832854
050-3823209,in-call,31,31.4277542991,34.3854821196
050-4372574,in-call,118,31.3941850271,34.336496819
050-8985891,in-call,1576,31.4126338505,34.3701740465
