phone_number,call_type,call_duration,call_location_longitude,call_location_latitude
050-2672334,out-call,93,31.4207787378,34.3836278893
050-7612981,out-call,2833,31.4166995893,34.3768653803
050-1428061,out-call,16,31.4265623168,34.389057671
050-2742513,out-call,31,31.4244270462,34.3824877011
050-7322882,in-call,933,31.4501962046,34.4045258082
