phone_number,call_type,call_duration,call_location_longitude,call_location_latitude
050-1965142,out-call,52,31.439522431,34.3957356996
050-1878779,in-call,86,31.4511508007,34.3893135948
050-7963571,in-call,3280,31.4500644352,34.41578003
050-7089555,in-call,96,31.4352942772,34.4163351333
050-3287814,out-call,2829,31.4480477941,34.3990316947
