phone_number,call_type,call_duration,call_location_longitude,call_location_latitude
050-4904089,in-call,101,31.3866615257,34.3464264794
050-2065559,in-call,3263,31.4183955193,34.3612944024
050-9406698,in-call,650,31.4444202209,34.3968488528
050-6382264,in-call,18,31.46743341,34.4341765242
050-9670588,in-call,154,31.4489406736,34.4086771491
