phone_number,call_type,call_duration,call_location_longitude,call_location_latitude
050-4722755,out-call,103,33.8893822588,35.5100832053
050-6518357,in-call,83,31.407215045,34.3522860762
050-6584757,out-call,1124,31.4140536764,34.3756313459
050-7648581,in-call,3057,31.4236462266,34.3869917981
050-7807122,in-call,2976,31.453630424,34.4146475583
050-8505003,out-call,84,31.4598661551,34.4175942606
050-9503673,in-call,1641,31.4689412772,34.4176621017
050-7253310,in-call,63,31.4648493367,34.4200023183
050-7523464,in-call,61,31.479505737,34.4478537868
