phone_number,call_type,call_duration,call_location_longitude,call_location_latitude
050-6898095,out-call,2968,31.4342656582,34.3997461436
050-4835803,out-call,1111,31.4517172752,34.4118437378
050-6307153,in-call,60,31.4330598226,34.3809198003
050-7487863,in-call,14,31.4538554605,34.4244136516
050-1237794,in-call,3325,31.4550531651,34.4129305979
