phone_number,call_type,call_duration,call_location_longitude,call_location_latitude
050-5043418,in-call,855,31.4225445372,34.3715397123
050-9870564,out-call,88,31.4788911561,34.4346049436
050-7231118,out-call,70,31.4299282388,34.3756737664
050-5020017,out-call,71,31.424778423,34.385490487
050-7771567,out-call,2227,31.4862121831,34.4580163715
050-7740319,in-call,42,31.4509274099,34.4141278225
050-3964378,out-call,26,33.8852300593,35.5120165997
