phone_number,call_type,call_duration,call_location_longitude,call_location_latitude
050-6999065,out-call,856,31.4692971966,34.4259296211
050-6342820,out-call,754,31.4444442839,34.3978159139
050-7057533,in-call,309,31.4296559387,34.3699364154
050-7157630,out-call,349,31.4016393282,34.3703126066
050-7805001,in-call,566,31.426565578,34.3823247089
050-5789813,out-call,307,31.4227250948,34.383972409
