phone_number,call_type,call_duration,call_location_longitude,call_location_latitude
050-4932773,out-call,951,31.4301998054,34.3898005265
050-1138932,out-call,52,31.4341669301,34.3950731923
050-1619217,out-call,1936,31.4337494101,34.3939106171
050-6605998,out-call,1703,31.4665837897,34.4223411733
050-4034314,in-call,52,31.4596035253,34.4140167824
050-5025774,in-call,397,31.4290813305,34.3701725097
050-7890822,out-call,56,31.4065639298,34.3592830412
050-3852002,in-call,99,31.5010114339,34.4589090456
