phone_number,call_type,call_duration,call_location_longitude,call_location_latitude
050-1685077,in-call,579,31.4298925497,34.3819015282
050-2934533,in-call,3372,33.8858952323,35.5118478428
050-4182879,out-call,57,33.8777515155,35.5058695909
050-6732499,out-call,2455,31.4218809923,34.394556378
050-9229486,in-call,2416,33.8839378711,35.5129084903
050-3151387,in-call,2239,33.8870989869,35.5121190403
