phone_number,call_type,call_duration,call_location_longitude,call_location_latitude
050-2851224,out-call,45,33.8748556952,35.5020088372
050-6920118,in-call,99,31.4468365346,34.3958466831
050-5999550,in-call,18,33.8793499502,35.5055642481
050-3905563,out-call,38,33.883752211,35.5048680541
050-9341534,in-call,2502,31.4253199382,34.3925221701
