phone_number,call_type,call_duration,call_location_longitude,call_location_latitude
050-8342875,out-call,3540,31.4452320147,34.4050468912
050-7329105,out-call,109,31.4531180041,34.4095824841
050-4964493,in-call,2626,31.4103298109,34.3721085773
050-9382819,in-call,100,31.4218809923,34.394556378
050-5285403,out-call,84,31.411385049,34.3792768725
