phone_number,call_type,call_duration,call_location_longitude,call_location_latitude
050-1568113,in-call,87,31.4358287094,34.3942074335
050-7708551,out-call,83,31.4296057051,34.381293922
050-1576138,in-call,3002,31.4506111437,34.4215857878
050-3319009,out-call,23,31.4228710406,34.3734722263
050-7929266,out-call,54,31.4512988195,34.3832181186
050-4056989,out-call,49,31.4596384891,34.4316162723
050-9115300,in-call,2692,31.4424307804,34.3976561012
