phone_number,call_type,call_duration,call_location_longitude,call_location_latitude
050-2521376,out-call,471,31.4693051971,34.4102722292
050-4245925,in-call,37,31.486728292,34.4513258725
050-6523367,out-call,63,31.4293740918,34.3931275409
050-3177944,out-call,1928,31.4399243405,34.4227345945
050-8714134,in-call,3560,31.4808939097,34.4286731299
050-2020456,out-call,1871,31.4489632234,34.4122190455
