phone_number,call_type,call_duration,call_location_longitude,call_location_latitude
050-3969009,out-call,2305,31.4581219874,34.423602761
050-7148162,in-call,3230,31.4547191626,34.4199066315
050-7859898,in-call,114,31.4167125431,34.3631940616
050-9049596,out-call,863,31.4708618725,34.431135406
050-4555125,in-call,56,31.4123576546,34.3778972241
050-8245965,out-call,2027,31.4522324593,34.423157943
