phone_number,call_type,call_duration,call_location_longitude,call_location_latitude
050-9715509,in-call,2993,31.4766291441,34.4376520946
050-7828368,in-call,43,31.3869009069,34.3495605609
050-8322116,in-call,968,31.4499502077,34.403955262
050-5570529,in-call,1233,31.4419082783,34.3947669665
050-6265026,out-call,118,31.4713032004,34.4358568509
050-2260758,in-call,1391,31.4730469992,34.4424930526
050-1687033,in-call,1130,31.4355013547,34.4092187634
050-5642601,in-call,1968,31.4847636637,34.4206123737
050-7852165,in-call,77,31.4552484051,34.4160891189
