phone_number,call_type,call_duration,call_location_longitude,call_location_latitude
050-3986890,out-call,524,31.443263349,34.4067259259
050-4728099,out-call,2773,31.4860272187,34.4439782407
050-3371610,in-call,106,31.4773794484,34.436687025
050-5037686,in-call,2435,31.3932552248,34.3622355082
050-2904270,in-call,107,31.4581323473,34.4105199035
