phone_number,call_type,call_duration,call_location_longitude,call_location_latitude
050-6576776,out-call,76,31.4690592875,34.418902805
050-5840673,in-call,180,31.4337255918,34.3943466495
050-4157312,out-call,193,31.4081832377,34.3697202769
050-7710698,out-call,274,31.4453477231,34.4071149769
050-9744691,in-call,13,31.4397681563,34.387081298
050-7744096,in-call,29,31.4451872998,34.397395527
050-6940515,in-call,90,31.4381677819,34.3860607147
050-1744065,out-call,188,31.4898705851,34.4766417859
