phone_number,call_type,call_duration,call_location_longitude,call_location_latitude
050-4805399,out-call,2971,31.4598031883,34.4178227379
050-8985789,out-call,3129,31.4472786845,34.4088626428
050-7408866,in-call,2605,31.4188645777,34.3826795169
050-1294776,out-call,83,31.4998393831,34.4718632111
050-8139964,in-call,1317,31.4147980631,34.3800927639
050-5195341,in-call,3094,31.4318659085,34.3950438901
