phone_number,call_type,call_duration,call_location_longitude,call_location_latitude
050-8626602,in-call,1586,31.4785377915,34.435438639
050-8385853,in-call,62,31.4691730429,34.4302045875
050-3802827,out-call,87,31.4392844348,34.3957299683
050-8041011,out-call,50,31.4482749377,34.4331005734
050-7547866,in-call,1779,31.4606940254,34.4263436968
050-1259528,out-call,2481,31.4424096773,34.3858143924
050-2003113,out-call,44,31.3999609956,34.3477052588
050-3809746,in-call,47,31.4523328268,34.3953586231
050-8578327,in-call,57,31.474989004,34.4166237429
