phone_number,call_type,call_duration,call_location_longitude,call_location_latitude
050-9226427,in-call,445,31.4711673852,34.4284976482
050-7435256,out-call,36,31.4365865351,34.4099618405
050-2920940,out-call,3521,31.4081603858,34.3902124059
050-6460743,in-call,3524,31.4406843476,34.4018222288
050-6722811,out-call,18,31.4210725404,34.3968842542
050-9954558,out-call,2982,31.4339423723,34.3839456855
