phone_number,call_type,call_duration,call_location_longitude,call_location_latitude
050-4556835,out-call,3242,31.4453203551,34.4162896368
050-3121983,out-call,102,31.4564626733,34.4183462711
050-6502878,out-call,2900,31.4192100878,34.3628853127
050-6674095,in-call,1256,31.4807403777,34.4388196722
050-3340530,out-call,2877,31.3803635313,34.3259423839
050-2182767,in-call,1442,31.4375535653,34.3912321055
050-8291055,out-call,1229,31.4269579806,34.3849506691
