phone_number,call_type,call_duration,call_location_longitude,call_location_latitude
050-8692755,in-call,2524,31.4831271322,34.4487132094
050-6143308,in-call,2047,31.4403166956,34.3811340004
050-4451271,in-call,65,31.4348366688,34.3941669491
050-2737460,in-call,109,31.4765661796,34.4352888629
050-2231605,out-call,37,31.4147246211,34.375611432
