phone_number,call_type,call_duration,call_location_longitude,call_location_latitude
050-4007671,out-call,29,31.4660025703,34.4356755208
050-9603350,in-call,60,31.4435069693,34.401966985
050-4142434,in-call,1566,31.4317413197,34.3814692483
050-1680887,out-call,61,31.4968843987,34.4560394149
050-9760024,out-call,108,31.4188562952,34.3795541271
