phone_number,call_type,call_duration,call_location_longitude,call_location_latitude
050-8186575,out-call,3228,31.4332323776,34.4025633965
050-3199346,out-call,79,31.4223869972,34.377381098
050-5158397,in-call,2646,31.4246848769,34.3795008481
050-9619514,out-call,2516,31.4862247203,34.440399499
050-3649853,out-call,1032,31.431693773,34.3919402194
050-3734226,out-call,31,31.4324533415,34.3914176334
050-2099714,in-call,22,31.4456703535,34.4342304819
050-3736405,out-call,61,31.4608702331,34.4211472731
050-2211968,out-call,727,31.4459743697,34.4081677221
