phone_number,call_type,call_duration,call_location_longitude,call_location_latitude
050-5642846,in-call,65,31.4137030116,34.3721257425
050-4675135,in-call,59,31.4226433817,34.3763485918
050-8158332,in-call,88,31.411385049,34.3792768725
050-6004113,out-call,94,31.4769690787,34.4149350588
050-8120939,out-call,96,31.4234432227,34.3913384151
050-6825290,out-call,584,31.4121901591,34.3732011628
050-2251765,in-call,100,31.4400561152,34.3947063133
050-3681300,in-call,103,31.431961465,34.3907191248
