phone_number,call_type,call_duration,call_location_longitude,call_location_latitude
050-3632954,out-call,3056,31.4086131964,34.3802507149
050-2629413,out-call,116,31.4447657183,34.4051175933
050-2739306,in-call,1830,31.4337014243,34.405549942
050-7484922,in-call,1474,31.4411317502,34.3983054212
050-6974341,out-call,2967,31.4443642487,34.3893557162
050-6044725,out-call,327,31.4102655203,34.3635951741
050-3013060,out-call,378,31.4510300689,34.415903491
