phone_number,call_type,call_duration,call_location_longitude,call_location_latitude
050-6429275,out-call,3399,31.4068859347,34.3546013637
050-3187154,in-call,63,31.4544909943,34.4108351831
050-2995931,out-call,2550,31.4811783755,34.417782494
050-2473791,in-call,115,31.438588962,34.3974657393
050-2139729,in-call,83,31.3930191426,34.3398067695
050-7251002,in-call,3423,31.4482694164,34.4084728797
050-5180088,out-call,83,31.4779491698,34.4303813793
050-2078333,in-call,48,31.4575223183,34.4176979887
050-9596324,in-call,3332,31.4516116737,34.4055049709
