phone_number,call_type,call_duration,call_location_longitude,call_location_latitude
050-6609959,out-call,70,31.4611978126,34.4316549868
050-1433579,out-call,918,31.4653352471,34.42531607
050-9362852,out-call,2773,31.4033158456,34.3664947833
050-6825765,out-call,52,31.466926238,34.4479777743
050-6128604,in-call,64,31.4240123228,34.3865486198
050-3587275,in-call,41,31.4818440659,34.4618351495
