phone_number,call_type,call_duration,call_location_longitude,call_location_latitude
050-9216513,in-call,79,31.4430953108,34.4121820294
050-7896734,out-call,36,31.4228470747,34.3798278544
050-2376232,out-call,100,31.4383633928,34.3990112197
050-2476865,out-call,3157,31.4652424268,34.4155637419
050-1187356,out-call,2782,31.4014558335,34.3781695351
