phone_number,call_type,call_duration,call_location_longitude,call_location_latitude
050-2931400,in-call,219,31.4221004275,34.3634617632
050-4339679,in-call,47,31.4083822926,34.3693030959
050-5193481,out-call,2020,31.4739354543,34.4146427486
050-2804433,in-call,1801,31.4522380764,34.4255976161
050-8354492,in-call,10,31.4391564446,34.4071236214
050-1883328,out-call,721,31.4165064811,34.3654181114
050-6544199,out-call,2043,31.4389830527,34.3999908514
050-3843636,out-call,118,31.409860336,34.3722100893
