phone_number,call_type,call_duration,call_location_longitude,call_location_latitude
050-4740115,out-call,67,31.4307961864,34.389919407
050-5319599,out-call,49,31.4431100627,34.4046658562
050-9103886,in-call,1101,31.4486211199,34.4065354643
050-1082945,out-call,83,31.4620967375,34.4125583728
050-7197896,in-call,3082,31.4281082744,34.3885833567
050-5552054,out-call,1239,31.4461072332,34.4052426691
050-7756809,in-call,1702,31.449048094,34.409090035
050-1281266,in-call,1218,31.4349503724,34.412841453
050-4185856,in-call,1706,31.4688425456,34.4468152469
