phone_number,call_type,call_duration,call_location_longitude,call_location_latitude
050-4678508,out-call,34,31.4539869863,34.4319376699
050-1909458,in-call,91,31.453684849,34.410753544
050-1357454,in-call,116,31.4518221049,34.4170844096
050-4502923,out-call,3491,31.4154146465,34.3774340572
050-1453292,in-call,1723,31.4223743137,34.3759608843
050-3250652,out-call,49,31.4366372236,34.3931231723
050-7639412,out-call,333,31.4811783755,34.417782494
050-8216096,out-call,33,31.4352133489,34.4186304511
050-8136637,out-call,477,31.4774753511,34.4387051976
