phone_number,call_type,call_duration,call_location_longitude,call_location_latitude
050-2198881,in-call,51,31.4250411813,34.3917662393
050-1508042,in-call,2001,31.4629914369,34.4130846116
050-7411366,in-call,2709,31.4550909269,34.4134330132
050-3292469,out-call,1015,33.878004464,35.5108602171
050-9666451,out-call,1644,33.8799678098,35.5099711973
050-7351418,in-call,44,31.4419863974,34.4203396461
050-4660175,in-call,2861,31.437053419,34.3954152079
050-1543438,in-call,81,31.4516116737,34.4055049709
