phone_number,call_type,call_duration,call_location_longitude,call_location_latitude
050-6309211,in-call,928,31.4116978825,34.3711844633
050-4533611,in-call,2056,33.8776650215,35.5028920363
050-4459099,in-call,14,33.8806034221,35.5041173366
050-2270752,in-call,1440,31.4632078222,34.4246070322
050-7913646,out-call,80,31.4699001427,34.421450965
050-5669093,out-call,1737,33.88295236,35.5081360669
050-5537119,out-call,82,31.4607329976,34.4105181259
