phone_number,call_type,call_duration,call_location_longitude,call_location_latitude
050-5585064,out-call,755,31.4164788057,34.3848190979
050-8164510,in-call,3559,31.479102697,34.4356229667
050-6478503,out-call,63,31.4094635531,34.3620952235
050-6888253,out-call,2001,31.4419373271,34.396126202
050-9357369,in-call,1516,31.4641538911,34.4402310764
050-3344694,in-call,603,31.4178057889,34.3729936712
050-8737813,in-call,108,31.3928732277,34.3629274633
050-5620876,in-call,3267,31.44885542,34.4260849999
