phone_number,call_type,call_duration,call_location_longitude,call_location_latitude
050-5699629,out-call,2399,31.4357184461,34.3848791099
050-8728514,in-call,25,31.4626853055,34.4256274185
050-3489151,in-call,2349,31.40510086,34.3697008376
050-8362160,out-call,63,31.4611770439,34.4278935604
050-3514049,in-call,42,31.3886989851,34.3368069326
050-2785037,out-call,2827,31.3984942745,34.3481857933
050-8057295,in-call,3287,31.485925173,34.4477753212
050-1475894,out-call,815,31.4274134203,34.3958095211
050-7025880,in-call,19,31.4175286109,34.3602597819
