phone_number,call_type,call_duration,call_location_longitude,call_location_latitude
050-7131065,in-call,3297,31.4731440499,34.436221149
050-7342474,in-call,2008,31.4669170826,34.4075971412
050-2890121,in-call,1726,31.4196123158,34.3952096837
050-6187316,out-call,112,31.4310190723,34.4020048135
050-9819618,out-call,41,31.4253199382,34.3925221701
050-6611669,out-call,70,31.4431883429,34.4038395622
