phone_number,call_type,call_duration,call_location_longitude,call_location_latitude
050-8303883,out-call,28,31.4862121831,34.4580163715
050-2992088,in-call,20,31.4545189121,34.4226077236
050-8763252,out-call,72,31.4626223,34.4379235045
050-1430321,out-call,431,31.4341729108,34.3782289014
050-2248882,in-call,22,31.4469871941,34.3915038797
050-6617273,in-call,38,31.4227239903,34.3906166779
050-1824114,in-call,1771,31.4907060418,34.4401302017
050-7047291,out-call,2451,31.4053579402,34.3417652246
050-6264272,out-call,2525,31.4704953059,34.4152742893
