phone_number,call_type,call_duration,call_location_longitude,call_location_latitude
050-8851414,in-call,1980,31.4091694829,34.3705403791
050-9228854,out-call,1962,31.4426168089,34.4123930648
050-8953874,in-call,31,31.4885863562,34.4567116398
050-2991125,out-call,85,31.4528058505,34.4185901556
050-6485219,out-call,2353,31.4251646771,34.3842037924
050-8028695,in-call,17,31.4649018837,34.4198138714
050-8859970,out-call,2190,31.4152639358,34.3835245735
