phone_number,call_type,call_duration,call_location_longitude,call_location_latitude
050-4813047,in-call,2344,31.503887236,34.4741916728
050-5242200,out-call,14,31.445346077,34.4130260701
050-1857983,out-call,1789,31.4914340383,34.4503994562
050-6455011,in-call,45,31.4643493936,34.4146820115
050-5617821,out-call,18,31.4079925904,34.38098215
050-3605041,in-call,31,31.4011814279,34.3503207349
