phone_number,call_type,call_duration,call_location_longitude,call_location_latitude
050-6007692,out-call,523,31.4166225605,34.3564468251
050-2121043,in-call,3514,31.4223893699,34.3737600303
050-7220820,in-call,35,31.4243096688,34.3863475885
050-3475496,in-call,72,31.4233171343,34.3748826761
050-1805988,out-call,109,31.4406646765,34.3892264144
050-7307102,out-call,104,31.431881173,34.425172537
050-5286507,out-call,3092,31.4717384193,34.4160766806
050-7924860,out-call,265,31.4487904826,34.4097707052
050-1975838,out-call,41,31.4052650414,34.3646716833
