phone_number,call_type,call_duration,call_location_longitude,call_location_latitude
050-9572506,out-call,71,31.4555213039,34.4215968784
050-2134974,out-call,30,31.4763069789,34.4105784987
050-5234368,in-call,1521,31.3926238031,34.3366872326
050-7700460,out-call,2629,31.4681826019,34.4401773732
050-8822314,out-call,648,31.42710571,34.3975112263
050-7162557,out-call,89,31.4325905772,34.3923486412
050-8089608,out-call,2083,31.4383633928,34.3990112197
050-5204078,in-call,671,31.3855480032,34.3498910919
