phone_number,call_type,call_duration,call_location_longitude,call_location_latitude
050-6079636,in-call,2167,31.3938646409,34.3429594059
050-9287189,in-call,43,31.4273638955,34.3729213254
050-2915080,in-call,53,31.4429672643,34.3973837221
050-3436514,out-call,2372,31.4676995738,34.4345650876
050-6180214,in-call,1471,31.4561786836,34.4237337849
050-2396671,out-call,3051,31.4601063932,34.4314709509
