phone_number,call_type,call_duration,call_location_longitude,call_location_latitude
050-3728933,out-call,27,31.4558505675,34.4178950454
050-2964312,out-call,58,31.4598720915,34.4232644461
050-2029285,out-call,1684,31.5123705225,34.4796787819
050-9321307,in-call,96,31.4169484035,34.3822955276
050-1131442,out-call,95,31.4598030623,34.4137958724
050-5613677,in-call,73,31.4303967775,34.4092681058
050-6136828,out-call,915,31.4432589432,34.3952534154
050-7718400,out-call,84,31.4798897176,34.4464253934
050-7196310,out-call,1160,31.4409047843,34.4114607801
