phone_number,call_type,call_duration,call_location_longitude,call_location_latitude
050-7685345,out-call,78,31.4572542665,34.4309735695
050-4775002,out-call,2733,31.4339423723,34.3839456855
050-5170880,out-call,117,31.4430138858,34.3867907031
050-4448687,in-call,46,31.4198045009,34.3876020341
050-2540304,in-call,650,31.4880534086,34.4420103735
