phone_number,call_type,call_duration,call_location_longitude,call_location_latitude
050-6449358,out-call,2232,31.4503604631,34.4185079304
050-7765252,out-call,45,33.8888314447,35.5119764573
050-7951395,in-call,1227,31.4397545239,34.4129681032
050-5545710,in-call,2308,33.8808584753,35.5092978512
050-5396905,out-call,1626,33.8765539817,35.5075577111
050-6187190,in-call,36,33.8781740735,35.5160515384
050-1040456,in-call,17,33.8810435535,35.5096074643
