phone_number,call_type,call_duration,call_location_longitude,call_location_latitude
050-3911698,out-call,1384,31.4597931603,34.4175114092
050-6052009,out-call,2075,31.463957255,34.4342555599
050-2250338,out-call,2664,31.4551669659,34.4105403528
050-3371417,out-call,17,31.444547963,34.40613642
050-3129522,in-call,876,31.4392452597,34.399214613
050-9879579,in-call,139,31.4146870362,34.3630119765
050-7531702,out-call,70,31.48055356,34.4357670512
050-8323763,out-call,84,31.4398171801,34.3769713825
050-1224906,in-call,13,31.4299714099,34.3982232842
