phone_number,call_type,call_duration,call_location_longitude,call_location_latitude
050-7928137,in-call,1524,31.4467470508,34.4071193888
050-1025146,in-call,57,31.4224631339,34.3814850765
050-6874078,out-call,552,31.4745644899,34.4294098845
050-5461281,in-call,1304,31.4914095788,34.4614841454
050-3999332,in-call,603,31.4299744478,34.3886801368
