phone_number,call_type,call_duration,call_location_longitude,call_location_latitude
050-8385703,in-call,114,31.4827020764,34.4558619242
050-5715851,out-call,3189,31.4466956595,34.4019784909
050-3446077,out-call,107,31.469099949,34.4303250946
050-7279253,out-call,17,31.4488178198,34.4056162054
050-6239220,out-call,3083,31.4620702612,34.4078180243
050-5148856,out-call,1046,31.4224649721,34.3859290958
050-7034195,out-call,65,31.4033727763,34.3606861736
050-6680726,out-call,14,31.4260032607,34.3933379074
