phone_number,call_type,call_duration,call_location_longitude,call_location_latitude
050-1407918,in-call,826,31.4252065672,34.3761308079
050-1250509,out-call,1528,31.4496816865,34.4227417607
050-5972005,out-call,34,31.4166420368,34.3803555316
050-8000233,out-call,105,31.4094261637,34.3673010042
050-2114696,out-call,1663,31.4740001914,34.4285799646
050-8431467,out-call,41,31.4246829329,34.3787997151
050-6932008,in-call,64,31.4127234083,34.3527552069
050-3676069,in-call,100,31.4021419684,34.3447664598
