phone_number,call_type,call_duration,call_location_longitude,call_location_latitude
050-4755387,in-call,71,31.4345780651,34.387787364
050-9527011,out-call,115,31.4138112452,34.3886220316
050-1572222,in-call,85,31.4826788848,34.4293787558
050-5474273,out-call,50,31.4708206837,34.4096857845
050-3597426,out-call,88,31.4079925904,34.38098215
050-1766300,out-call,39,31.4157171896,34.3726143794
050-3693849,out-call,65,31.4495106004,34.3993066028
050-2926792,out-call,110,31.4488917919,34.414070864
