phone_number,call_type,call_duration,call_location_longitude,call_location_latitude
050-2406202,out-call,1749,31.4546104904,34.4200117991
050-8264103,out-call,119,31.4734339188,34.4239427679
050-1464696,in-call,2257,31.4358972803,34.3977099806
050-5562257,out-call,40,31.4433977902,34.3961668095
050-1363442,out-call,30,31.4472786845,34.4088626428
050-7836459,out-call,108,31.4472539385,34.407300472
