phone_number,call_type,call_duration,call_location_longitude,call_location_latitude
050-6767659,out-call,35,31.4681045991,34.4235507672
050-3242177,out-call,3484,31.4372432636,34.4013624151
050-3551147,in-call,91,31.4148158691,34.3644635179
050-8814986,out-call,1633,31.4380028213,34.3900587707
050-7991936,out-call,881,31.4610296963,34.4421964116
050-8559212,out-call,259,31.4379996634,34.3818238948
050-4061681,in-call,40,31.4111046054,34.367566153
050-5808751,in-call,110,31.4224908258,34.3994321634
