phone_number,call_type,call_duration,call_location_longitude,call_location_latitude
050-2808885,in-call,3239,33.885537901,35.5103633268
050-1839155,out-call,72,33.8894780049,35.5186742023
050-9749019,out-call,1148,33.8847475777,35.5072944614
050-6143685,in-call,90,31.4271091944,34.3810085846
050-3157240,out-call,915,33.8797578048,35.5138397514
050-7399298,in-call,1342,33.8881133372,35.5083270784
050-7560742,out-call,74,33.8867936075,35.5144014202
050-3544372,out-call,41,33.8886357534,35.5094706684
050-1657785,out-call,12,31.4234122993,34.3641210567
