phone_number,call_type,call_duration,call_location_longitude,call_location_latitude
050-9415819,in-call,3049,31.4557546232,34.4063787054
050-1734484,in-call,2189,31.4671592166,34.4290862762
050-8541253,out-call,51,31.4238947935,34.3746891962
050-5132318,in-call,115,31.4157384319,34.3773716866
050-5145600,in-call,90,31.3786456769,34.3431572955
050-1303210,out-call,49,31.4419078292,34.3841206175
050-7418083,in-call,25,31.4520151181,34.4175814976
050-5836860,in-call,95,31.4699736123,34.4270176569
