phone_number,call_type,call_duration,call_location_longitude,call_location_latitude
050-6053237,out-call,1744,31.4703037382,34.4300041484
050-8603406,out-call,2770,31.4018245404,34.3546237004
050-9901817,out-call,323,31.4425379432,34.384647715
050-9077972,out-call,236,31.4453203551,34.4162896368
050-3132983,in-call,93,31.4286625298,34.3774556784
050-8348890,in-call,905,31.4495066045,34.4113967128
050-5103947,out-call,2474,31.4635027203,34.4307743153
050-7709547,out-call,53,31.437852869,34.3828812789
