phone_number,call_type,call_duration,call_location_longitude,call_location_latitude
050-6770785,out-call,83,31.4083594896,34.3702222622
050-4787417,in-call,3332,31.4455562802,34.40218766
050-4922834,out-call,2223,31.4351041614,34.3960527749
050-2293188,out-call,231,31.398973037,34.3603495875
050-8570684,out-call,19,31.4237220224,34.3955177994
050-1830136,out-call,19,31.42580942,34.3783083986
050-3098595,in-call,3541,31.4264948783,34.4042471736
050-8227317,in-call,68,31.4848330057,34.432157713
050-6729307,in-call,42,31.4356792545,34.3932894233
