phone_number,call_type,call_duration,call_location_longitude,call_location_latitude
050-4007544,out-call,2109,31.4059658113,34.3625800294
050-7942060,out-call,76,31.4796247681,34.4342490607
050-9678822,out-call,1309,31.4219244063,34.3947244098
050-4724516,in-call,104,31.4342648549,34.4027848233
050-8267259,out-call,1297,31.4273052776,34.3702719661
050-2771995,out-call,2407,31.4377815732,34.4224731653
050-3205087,in-call,2455,31.4615935025,34.4235889753
050-5022638,out-call,473,31.4228710406,34.3734722263
050-1181032,out-call,95,31.4332458774,34.4146149663
