phone_number,call_type,call_duration,call_location_longitude,call_location_latitude
050-3805087,in-call,83,31.4345780651,34.387787364
050-7196278,in-call,2210,31.4644729668,34.4292168669
050-9933793,in-call,15,31.4060268278,34.3732085691
050-5203799,in-call,2627,31.4319399819,34.3886937352
050-7884001,in-call,14,31.4725692375,34.416574588
050-2577014,out-call,77,31.4492694443,34.4034381694
050-3655369,out-call,1154,31.4332349768,34.3826490783
050-4649175,in-call,30,31.4689412772,34.4176621017
050-2135151,in-call,1808,31.4422117853,34.4067070536
