phone_number,call_type,call_duration,call_location_longitude,call_location_latitude
050-5667728,in-call,2112,31.4510573801,34.4182858524
050-3859770,out-call,130,31.4406843476,34.4018222288
050-1230297,out-call,902,31.4062414786,34.3489579333
050-1088675,out-call,81,31.4550676566,34.4142224442
050-4487138,out-call,1278,31.4306741164,34.398207355
050-5217100,in-call,2221,31.4553204412,34.4124369534
050-1287668,out-call,89,31.4467206366,34.4088648625
