phone_number,call_type,call_duration,call_location_longitude,call_location_latitude
050-8773397,in-call,1402,31.4188632628,34.3726949978
050-9870526,in-call,1240,31.3996764286,34.369160068
050-9438791,out-call,704,31.4648545367,34.4189745033
050-8840064,in-call,82,31.4278064534,34.3756995618
050-9804198,in-call,68,33.8825772253,35.5101159959
050-9342182,in-call,13,31.4585401141,34.416253873
050-4173452,out-call,51,33.8828568695,35.5063556486
