phone_number,call_type,call_duration,call_location_longitude,call_location_latitude
050-1650093,in-call,46,31.4161455355,34.3885562855
050-9928779,in-call,65,31.4337983902,34.4076154342
050-1782562,in-call,20,31.4501644768,34.4136707229
050-6059709,in-call,71,31.4617153965,34.4140168053
050-6137560,in-call,2703,31.3887041433,34.3654097318
050-4888876,out-call,3219,31.489271899,34.4249705866
050-5471419,in-call,1653,31.4304544457,34.3995034219
