phone_number,call_type,call_duration,call_location_longitude,call_location_latitude
050-7663401,out-call,1292,31.4207989652,34.3848506985
050-9045567,out-call,1572,33.8878394506,35.5102490221
050-8374838,in-call,36,33.8886357534,35.5094706684
050-8421844,out-call,1109,31.3971076322,34.3453284886
050-7929546,in-call,1952,31.4161858626,34.3619880122
050-1656924,in-call,85,31.40945046,34.3760102314
050-4797983,in-call,1108,31.4007659849,34.372811672
050-2291832,in-call,2250,33.8892570892,35.5175881124
