phone_number,call_type,call_duration,call_location_longitude,call_location_latitude
050-6860619,out-call,75,31.48055356,34.4357670512
050-9034297,in-call,401,31.4570400396,34.4059553934
050-1242907,in-call,827,31.4131673226,34.3934673532
050-7894580,out-call,365,31.4596570123,34.4122338328
050-2134971,in-call,2284,31.4404027632,34.394848637
050-8667749,out-call,46,31.3814318088,34.3383235788
050-8678768,out-call,1882,31.4312448546,34.3975637303
