phone_number,call_type,call_duration,call_location_longitude,call_location_latitude
050-2869783,out-call,2690,31.4822811026,34.4301194483
050-9462637,out-call,339,33.8863657093,35.5078184681
050-8638264,in-call,744,31.4633337652,34.4196005371
050-2313397,in-call,971,31.4198045009,34.3876020341
050-7195015,in-call,2857,31.4682977975,34.4163206228
050-7570822,out-call,116,33.8827295013,35.5125913751
050-1615967,out-call,104,31.4779768163,34.4395831845
050-5196703,out-call,865,31.4841853349,34.4521264613
