phone_number,call_type,call_duration,call_location_longitude,call_location_latitude
050-1451185,out-call,94,31.4146884585,34.400540357
050-9099712,in-call,16,31.4417995022,34.3964449998
050-8251415,in-call,66,31.4397810987,34.4022680146
050-3322267,in-call,45,31.4319328275,34.3882454271
050-1158111,out-call,128,31.4156336029,34.3823877206
050-9005265,out-call,64,31.3976598006,34.3720045771
