phone_number,call_type,call_duration,call_location_longitude,call_location_latitude
050-8937916,out-call,2776,31.4582637637,34.4232343534
050-3608271,in-call,108,31.4225243383,34.3864986256
050-4736998,in-call,105,31.417766573,34.3554452898
050-3748203,in-call,1216,33.8859176967,35.5087581387
050-4156026,in-call,3538,33.8922062351,35.5132673279
050-8829851,out-call,1523,33.8819681064,35.5058785846
050-7879785,out-call,2359,31.4703811706,34.4313596668
