phone_number,call_type,call_duration,call_location_longitude,call_location_latitude
050-3116715,in-call,92,31.438554349,34.3983816598
050-5075084,in-call,50,31.460567566,34.4107541242
050-7076648,in-call,53,31.4495106004,34.3993066028
050-9127343,out-call,54,31.4225299537,34.3755480066
050-4627448,out-call,3340,31.4389261551,34.4143852623
