phone_number,call_type,call_duration,call_location_longitude,call_location_latitude
050-5772296,in-call,2517,31.433569461,34.3789524583
050-6584990,in-call,2799,31.436392582,34.3833878316
050-1014410,in-call,101,31.4024624349,34.367672935
050-2495257,out-call,98,31.4348515436,34.4091695075
050-3182923,out-call,29,31.4934304065,34.4623010377
050-6416804,out-call,29,31.4652043768,34.4273605697
050-6126044,in-call,88,31.4241132174,34.3773041501
050-1302296,in-call,952,31.4344078419,34.3889015074
050-4018248,in-call,26,31.4589230412,34.4211605399
