phone_number,call_type,call_duration,call_location_longitude,call_location_latitude
050-1985097,out-call,62,31.4608083511,34.4286741852
050-1065564,out-call,20,31.4546720166,34.4181926696
050-2246509,out-call,17,31.4402543439,34.3934299047
050-9332755,out-call,1519,31.405588311,34.3548130307
050-1582878,out-call,76,31.4582247316,34.4115003953
050-8773579,in-call,209,31.4241451322,34.383208019
