phone_number,call_type,call_duration,call_location_longitude,call_location_latitude
050-5891467,in-call,1383,31.4498662071,34.4193467712
050-6945321,out-call,3493,31.4428811642,34.4068842994
050-9473715,out-call,981,31.4667927536,34.4232351637
050-8177854,out-call,2825,31.4027079772,34.3431844434
050-1157467,in-call,2375,31.4542829388,34.4072616742
050-4844395,in-call,48,31.4576954998,34.4299993101
