phone_number,call_type,call_duration,call_location_longitude,call_location_latitude
050-3627433,in-call,925,31.4397489042,34.4048421597
050-3929773,out-call,26,31.4118965071,34.3687407544
050-4160757,out-call,340,31.4776467614,34.4305022558
050-2696350,in-call,42,31.4180447552,34.378139336
050-9838742,out-call,2163,31.5169325413,34.481556834
050-2671999,out-call,3312,31.4341108177,34.3946943063
