phone_number,call_type,call_duration,call_location_longitude,call_location_latitude
050-2561340,in-call,1627,31.4634828398,34.4118034467
050-8511310,out-call,17,33.8814045974,35.5044307521
050-4320171,in-call,432,31.4307393168,34.3809558062
050-4427820,out-call,106,31.4516116737,34.4055049709
050-7898326,in-call,30,33.8922110715,35.5125988419
050-8181137,out-call,22,31.4082853512,34.3749460102
050-9982478,out-call,456,31.4445290405,34.3846788104
