phone_number,call_type,call_duration,call_location_longitude,call_location_latitude
050-4366507,in-call,100,31.4465983138,34.4123408168
050-5985673,in-call,652,31.4681009779,34.4534471687
050-1025206,in-call,327,33.880277644,35.514929443
050-3352715,out-call,3160,31.388858176,34.3478570535
050-1108893,in-call,79,31.420567745,34.3800650386
050-1062998,in-call,364,31.4369151165,34.3995107745
