phone_number,call_type,call_duration,call_location_longitude,call_location_latitude
050-6203058,out-call,98,31.4576110251,34.4127964264
050-4039382,in-call,15,31.434858809,34.3793176307
050-8683582,out-call,137,31.4424160515,34.4171299153
050-3255403,out-call,62,31.4242130714,34.4045389439
050-6116686,out-call,84,31.4649018837,34.4198138714
050-1976413,in-call,87,31.4634251655,34.4125154898
050-3741178,in-call,594,31.4147246211,34.375611432
