phone_number,call_type,call_duration,call_location_longitude,call_location_latitude
050-7499690,out-call,1682,31.3923250456,34.364080403
050-8345261,out-call,105,31.4403943735,34.4067084658
050-6571048,in-call,454,31.4831271322,34.4487132094
050-7789472,in-call,22,31.4340570747,34.390161321
050-6810318,in-call,1829,31.4665837897,34.4223411733
050-4706871,in-call,112,31.4969543175,34.4634871125
