phone_number,call_type,call_duration,call_location_longitude,call_location_latitude
050-1398744,out-call,119,31.4454278988,34.4010348905
050-2177937,out-call,1364,31.444828917,34.4060834797
050-7589168,out-call,110,31.4195784517,34.3756169696
050-7512707,in-call,855,31.4045306122,34.3521696249
050-9218414,in-call,61,31.472390547,34.4188549133
