phone_number,call_type,call_duration,call_location_longitude,call_location_latitude
050-1302628,in-call,1312,31.4270556932,34.3890987736
050-9118050,in-call,2808,31.4640593376,34.4221472444
050-6095405,out-call,1233,31.4393925157,34.4152209455
050-1787222,out-call,118,31.4117199462,34.3843900652
050-4415546,in-call,20,31.4606186305,34.4173369459
050-2035527,out-call,113,31.4816989114,34.4525522771
050-3221530,in-call,3118,31.4613897973,34.4112839788
050-7974996,in-call,96,31.4717161641,34.4212865208
050-6795074,in-call,109,31.4303669301,34.375454166
