phone_number,call_type,call_duration,call_location_longitude,call_location_latitude
050-9300032,out-call,176,31.4103157265,34.3617762838
050-7993311,in-call,1791,31.4320583146,34.4157286153
050-7978474,in-call,49,31.4820350482,34.4469639742
050-3796228,out-call,31,31.4107369289,34.3684967328
050-4423663,in-call,91,31.4361251665,34.3903548016
