phone_number,call_type,call_duration,call_location_longitude,call_location_latitude
050-2904811,in-call,33,33.8775996001,35.5103201945
050-9491762,out-call,109,31.4380153274,34.4063089068
050-4164038,in-call,15,31.4133826355,34.3705785773
050-7751932,in-call,2096,31.4429379443,34.4204475153
050-4300916,out-call,83,31.4257257171,34.3880273677
050-6700994,in-call,809,31.4427841641,34.3877481199
050-1536548,in-call,1044,31.4642656127,34.4264023167
050-3618870,in-call,3200,31.4387552578,34.3911887821
050-9924332,in-call,85,31.4346340935,34.3922150047
