phone_number,call_type,call_duration,call_location_longitude,call_location_latitude
050-5184536,out-call,96,31.4678549562,34.434978312
050-8070457,out-call,375,31.454616976,34.4082477437
050-5719086,in-call,36,31.4065795659,34.3602877311
050-1199284,in-call,30,31.4465612936,34.4065540489
050-3088887,out-call,3435,31.4256358053,34.3866312651
050-2331205,in-call,972,31.4211827897,34.3804751279
050-8526003,in-call,60,31.4107565143,34.37263791
050-2111481,out-call,2569,31.419997047,34.3967189579
