phone_number,call_type,call_duration,call_location_longitude,call_location_latitude
050-2590521,out-call,1308,31.4226433817,34.3763485918
050-8659941,out-call,232,31.4630848975,34.442072938
050-4029489,in-call,111,31.4493404792,34.4179032906
050-5493251,in-call,58,31.458072365,34.4195976785
050-6088866,out-call,14,31.4544788482,34.4050579782
050-7500666,out-call,48,31.4569820014,34.4248372678
050-9942094,out-call,119,31.3971076322,34.3453284886
050-8529494,in-call,3245,31.4046765907,34.3735994441
