phone_number,call_type,call_duration,call_location_longitude,call_location_latitude
050-4465838,out-call,57,31.4469890015,34.3967868418
050-1373702,in-call,1432,31.3962218525,34.3460277078
050-7565840,out-call,1933,31.4526651014,34.4115290258
050-8023400,out-call,1669,31.4458845053,34.4003370398
050-5533889,in-call,453,31.4328302736,34.4026253243
050-2406221,out-call,3264,31.45231902,34.4225338314
050-7041554,out-call,23,31.4385598181,34.3978099018
050-5865337,out-call,103,31.4358643701,34.3883517759
050-4815968,in-call,105,31.4709407713,34.4184451058
