phone_number,call_type,call_duration,call_location_longitude,call_location_latitude
050-3778998,in-call,1287,31.4356007059,34.400585973
050-4492430,in-call,32,31.4570881325,34.4190657374
050-3359647,out-call,47,31.4107294567,34.3650044039
050-8416995,in-call,71,31.4680145858,34.4199550569
050-4039536,in-call,40,31.4120652544,34.3700441511
050-5684381,out-call,3464,31.4329729957,34.3909285597
050-4095028,in-call,729,31.42580942,34.3783083986
050-1033986,in-call,2771,31.4843025032,34.4422257732
