phone_number,call_type,call_duration,call_location_longitude,call_location_latitude
050-2722078,in-call,66,31.4320505646,34.3744274455
050-5779097,out-call,110,31.4293471228,34.3861266816
050-8749615,out-call,58,31.4454774368,34.3963293829
050-7603186,in-call,117,31.5207731159,34.4656749461
050-5171528,out-call,68,31.4355013547,34.4092187634
