phone_number,call_type,call_duration,call_location_longitude,call_location_latitude
050-8717258,out-call,68,31.4146884585,34.400540357
050-1626714,in-call,32,31.4876367912,34.459956988
050-9798278,in-call,3416,31.4072889467,34.3693531003
050-3214879,in-call,88,33.8873194346,35.5110325688
050-3624275,in-call,725,31.4131780742,34.3812560706
050-5860553,in-call,44,33.8846985813,35.5115758949
050-4640144,in-call,1886,33.8917745092,35.5141785348
050-3687811,in-call,65,33.8826659775,35.5063109081
050-7179084,in-call,1716,31.4271065865,34.4067327114
