phone_number,call_type,call_duration,call_location_longitude,call_location_latitude
050-3779478,in-call,1789,31.4276879147,34.3769546967
050-3656326,in-call,20,31.4548784673,34.4135117247
050-9971339,in-call,2460,31.4594987028,34.4281381644
050-2712661,out-call,66,31.4578668775,34.4337855837
050-2682824,out-call,2461,31.4349112685,34.4022907402
050-7454962,in-call,20,31.48543808,34.4446918798
050-4292542,in-call,2217,31.435391099,34.3905875914
050-8844860,in-call,119,31.4083594896,34.3702222622
