phone_number,call_type,call_duration,call_location_longitude,call_location_latitude
050-2090859,in-call,2564,31.4563982924,34.4281602247
050-3835997,out-call,103,31.4507417574,34.4131776733
050-4813494,out-call,1300,31.4683303868,34.4361816173
050-4792649,out-call,42,31.4583786685,34.4087969471
050-7738571,in-call,41,31.3977731824,34.3417597618
050-1014902,out-call,105,31.4307961864,34.389919407
050-1343677,out-call,115,31.4391994806,34.393194761
050-6257173,out-call,1071,31.4585978791,34.424705774
050-5313426,in-call,109,31.4398171801,34.3769713825
