phone_number,call_type,call_duration,call_location_longitude,call_location_latitude
050-2409982,out-call,1377,31.4268671773,34.401513062
050-8172005,out-call,180,31.4123947546,34.3791204322
050-2663713,in-call,2928,31.4455113899,34.3906564864
050-3143095,in-call,15,31.456111777,34.4207581345
050-1380706,in-call,1376,31.4134152812,34.3776805344
