phone_number,call_type,call_duration,call_location_longitude,call_location_latitude
050-7161937,out-call,94,31.4199638152,34.3901138762
050-6980341,in-call,107,31.420748935,34.3925735795
050-3611773,in-call,46,31.4501063439,34.4286162994
050-5747102,in-call,84,31.4428981119,34.3967772937
050-6980576,in-call,2712,31.465411301,34.4193833158
