phone_number,call_type,call_duration,call_location_longitude,call_location_latitude
050-1272198,in-call,3171,31.4373714532,34.4056235641
050-6583503,out-call,3226,31.4534975074,34.417402387
050-9193466,out-call,3534,31.4629425803,34.4335085324
050-7943934,in-call,53,31.4638147395,34.4278742217
050-5259772,in-call,64,31.4257799722,34.3896835373
050-3612448,out-call,14,31.4799803596,34.4387355865
