phone_number,call_type,call_duration,call_location_longitude,call_location_latitude
050-9902342,in-call,2948,31.4325630702,34.4064467349
050-8742266,in-call,1806,31.4617159203,34.4122230912
050-5683303,in-call,166,31.4728091232,34.439368231
050-7510357,in-call,715,31.4094635531,34.3620952235
050-2035630,out-call,111,31.4061574691,34.3675806149
