phone_number,call_type,call_duration,call_location_longitude,call_location_latitude
050-9184038,out-call,2404,31.4904674821,34.4475207877
050-1625193,in-call,89,31.4597024873,34.4075606204
050-8396379,in-call,3151,31.433160218,34.3967084934
050-2506457,in-call,99,31.4395275403,34.4051635377
050-4392442,in-call,3594,31.479405251,34.4402939458
