phone_number,call_type,call_duration,call_location_longitude,call_location_latitude
050-4831532,in-call,52,31.4086131964,34.3802507149
050-6603841,out-call,63,31.4765661796,34.4352888629
050-2752629,in-call,1764,31.4516480846,34.419265983
050-3254358,in-call,54,31.4519710572,34.4096584943
050-6433266,in-call,2964,31.4430847427,34.3861731691
050-5278283,out-call,70,31.4829692692,34.4535749426
