phone_number,call_type,call_duration,call_location_longitude,call_location_latitude
050-1627579,in-call,3153,33.878251924,35.511632356
050-4082426,out-call,810,31.4455461791,34.4092888682
050-3122265,out-call,833,33.8859176967,35.5087581387
050-2038792,out-call,72,31.4057944881,34.3781723724
050-9595019,in-call,1985,31.3995366754,34.3584710426
050-9818904,out-call,21,31.4156076683,34.3722906523
050-4893951,out-call,322,31.4192632082,34.3931828396
050-6419567,out-call,3090,33.8849487821,35.510070394
