phone_number,call_type,call_duration,call_location_longitude,call_location_latitude
050-7027734,out-call,3547,31.4205623273,34.3887775519
050-9909633,out-call,2394,31.4561282003,34.4277807962
050-3689020,out-call,437,31.4400699034,34.4030829952
050-7062104,out-call,199,31.4490009412,34.4063384453
050-6186010,in-call,120,31.4234122993,34.3641210567
050-1421720,in-call,393,31.4340533235,34.3828447083
050-6712361,out-call,3088,31.4597984225,34.4200520668
