phone_number,call_type,call_duration,call_location_longitude,call_location_latitude
050-6209959,in-call,1454,31.4508077812,34.4085697056
050-5523529,in-call,2174,31.4504658167,34.3900164687
050-9412352,in-call,40,31.4549676901,34.4184944244
050-4716161,out-call,48,31.4268671773,34.401513062
050-2154296,in-call,40,31.4469871941,34.3915038797
050-2538569,out-call,1292,31.4443524371,34.407806028
050-8050699,out-call,1926,31.3968175095,34.3559313316
