phone_number,call_type,call_duration,call_location_longitude,call_location_latitude
050-1623603,out-call,114,31.4992857007,34.4602892955
050-2144332,out-call,1228,31.4188158145,34.3818561422
050-6072558,in-call,1769,31.4573530984,34.4040735141
050-5508275,in-call,27,31.4883080722,34.4410352273
050-9888004,in-call,1865,31.4218998516,34.3636069279
050-2255744,in-call,3045,31.4046765907,34.3735994441
050-8181273,out-call,1517,31.4723118303,34.4348970092
050-1718468,in-call,2197,31.4618380211,34.4213760841
