phone_number,call_type,call_duration,call_location_longitude,call_location_latitude
050-9946599,out-call,69,31.4377213336,34.391219961
050-3408429,in-call,10,31.4444784777,34.3861281479
050-4008548,in-call,3173,31.445209395,34.4148172953
050-6453819,in-call,21,31.4750874606,34.4231634843
050-3580249,out-call,2803,31.3938646409,34.3429594059
050-7702392,in-call,2389,31.4874919804,34.45586573
