phone_number,call_type,call_duration,call_location_longitude,call_location_latitude
050-4263350,out-call,980,31.4347858836,34.3949088453
050-9312279,in-call,916,31.4394248672,34.3975646461
050-3591753,in-call,403,31.4035875439,34.382009473
050-8760488,in-call,111,31.4167115497,34.3878946572
050-5751353,in-call,1159,31.4357181298,34.3918931667
