phone_number,call_type,call_duration,call_location_longitude,call_location_latitude
050-2028036,out-call,19,33.8879367052,35.5130970833
050-8487892,out-call,613,33.8840139822,35.5109693858
050-5505076,in-call,84,31.441406394,34.4004102811
050-3577037,in-call,45,31.4369448861,34.4008968316
050-4890592,out-call,44,33.8868427785,35.5105974805
050-8675729,in-call,104,33.8780813698,35.5124007206
