phone_number,call_type,call_duration,call_location_longitude,call_location_latitude
050-2381596,out-call,23,31.4665837897,34.4223411733
050-9863358,in-call,1056,31.4576961136,34.4055743779
050-3958347,in-call,3034,31.4214744197,34.3846344858
050-5307730,out-call,1677,31.4264108609,34.3865691351
050-9785659,out-call,62,31.4435301442,34.4139841399
050-9485184,out-call,3227,31.4515188748,34.4172899025
050-9869506,out-call,80,31.4787533525,34.4431180219
050-3731196,in-call,77,31.4800624802,34.432538073
