phone_number,call_type,call_duration,call_location_longitude,call_location_latitude
050-2241713,in-call,90,31.4161386784,34.3802873936
050-5929043,out-call,997,31.3992130441,34.373195413
050-9586691,in-call,1786,31.4192655114,34.3728503307
050-6746280,out-call,107,31.4298145777,34.3920061192
050-8166840,in-call,111,31.4246829329,34.3787997151
