phone_number,call_type,call_duration,call_location_longitude,call_location_latitude
050-9777772,out-call,52,33.8843030018,35.5093000504
050-3677274,out-call,3466,31.4881680027,34.4570091853
050-3708884,in-call,69,33.887005987,35.5131746116
050-8214912,in-call,241,31.4600402568,34.4256226769
050-4663372,in-call,25,33.8878343187,35.5184673358
050-6866469,in-call,1581,31.4482301694,34.4056172966
050-3765919,in-call,118,33.8838571176,35.5091781054
050-4340517,in-call,2072,31.4383844718,34.4000458208
