phone_number,call_type,call_duration,call_location_longitude,call_location_latitude
050-8580687,in-call,24,31.4402981817,34.4036533164
050-6490863,out-call,148,31.4205680065,34.3901059972
050-8663758,out-call,39,31.4338932216,34.4066446103
050-4522389,out-call,26,31.4508188875,34.4087834264
050-3876382,in-call,23,31.4626222548,34.4219746273
