phone_number,call_type,call_duration,call_location_longitude,call_location_latitude
050-9255451,in-call,940,31.3741943565,34.3294168628
050-1868146,in-call,62,31.3922118931,34.3504322057
050-2801177,out-call,782,31.4338601973,34.3805799963
050-3996501,in-call,92,31.4347596431,34.4051790675
050-3867737,out-call,21,31.4351014827,34.4011903619
050-5127618,out-call,26,31.4463861172,34.3875355235
050-2988954,out-call,3025,31.4691738124,34.4428312438
050-9338383,in-call,2218,31.4510523067,34.4152880596
