phone_number,call_type,call_duration,call_location_longitude,call_location_latitude
050-2163710,out-call,2100,31.3763107014,34.3150616052
050-1681443,in-call,106,31.4301502401,34.3879753883
050-5423919,in-call,41,31.4375312313,34.4049457072
050-8147089,in-call,108,31.4073649786,34.3625659688
050-8258868,in-call,20,31.4223743137,34.3759608843
050-2638876,in-call,89,31.4398950493,34.4052144998
050-6505529,in-call,107,31.4467470508,34.4071193888
