phone_number,call_type,call_duration,call_location_longitude,call_location_latitude
050-8749313,in-call,762,33.8840758524,35.5114848394
050-1793347,out-call,2702,31.4481735106,34.41838981
050-1555390,in-call,808,33.8881912716,35.5113649943
050-9206401,in-call,56,33.885905071,35.5158806094
050-2418340,in-call,2178,31.4614600741,34.4269987407
050-3197170,out-call,1741,31.4591742952,34.4122816514
050-1872875,in-call,2290,31.4271187658,34.3775344298
050-9805164,in-call,23,31.4491539181,34.4152158722
050-5556527,in-call,65,31.4401748166,34.4021760021
