phone_number,call_type,call_duration,call_location_longitude,call_location_latitude
050-7013316,out-call,74,31.4575946795,34.4175938684
050-1459099,in-call,99,31.4329222956,34.3870922262
050-4691845,in-call,82,33.8774076835,35.5102597313
050-1834238,out-call,107,33.8775301521,35.509756261
050-1216852,out-call,45,31.4166201109,34.3664903907
