phone_number,call_type,call_duration,call_location_longitude,call_location_latitude
050-2086480,out-call,71,31.4234832214,34.3915520392
050-4045289,out-call,67,33.8841524622,35.5012683029
050-4608704,in-call,149,31.4227258921,34.3789809229
050-1545193,out-call,2523,31.4061002442,34.3792825441
050-1392712,in-call,1286,33.8756655192,35.5047510469
050-8188148,in-call,64,31.4206104931,34.396968106
050-5565395,in-call,1227,33.8811169817,35.5093403293
