phone_number,call_type,call_duration,call_location_longitude,call_location_latitude
050-7961500,out-call,563,31.4614600741,34.4269987407
050-1320347,out-call,2684,31.4459599758,34.4029753603
050-7576913,out-call,66,31.4639287546,34.4120922926
050-3223882,in-call,1000,31.4674870264,34.4334534042
050-4342005,out-call,33,31.4257799722,34.3896835373
050-3136421,in-call,119,31.4491986116,34.4184698753
050-8375078,in-call,80,31.3818173602,34.3348358889
050-9185768,out-call,15,31.415128337,34.3798499977
050-4779239,out-call,17,31.4462557567,34.3885137175
