phone_number,call_type,call_duration,call_location_longitude,call_location_latitude
050-2478627,out-call,102,31.3750697665,34.3355867738
050-3471265,out-call,12,31.4368306791,34.3953396487
050-5690306,out-call,954,31.4471495784,34.4033290503
050-4272501,in-call,1994,31.4538519883,34.415734372
050-4902424,in-call,109,31.4266926166,34.3636136365
050-2257965,in-call,40,31.4352709132,34.3956327585
050-7716851,out-call,557,31.4881079534,34.4449373792
050-1824233,in-call,933,31.4763801189,34.43758793
