phone_number,call_type,call_duration,call_location_longitude,call_location_latitude
050-6666489,out-call,3069,31.4558011353,34.4132008204
050-4857655,out-call,40,31.4361115911,34.3937298311
050-3762509,in-call,3458,31.4411680987,34.4065637747
050-8049197,out-call,2497,31.4222738399,34.376383858
050-2281152,in-call,42,31.4359598391,34.3916162177
050-2307402,out-call,116,31.4062414786,34.3489579333
050-3905519,out-call,90,31.4127520665,34.3731639662
050-4075552,in-call,3006,31.4361346216,34.3839157077
