phone_number,call_type,call_duration,call_location_longitude,call_location_latitude
050-1748333,in-call,84,31.4437116891,34.3947639206
050-4658382,in-call,107,31.384256725,34.3463837889
050-9188606,in-call,112,31.3817440139,34.3393232243
050-1781034,out-call,2763,31.4484432463,34.4219428786
050-2353567,out-call,43,31.4314392841,34.4074470787
050-2984184,in-call,3002,31.4620605493,34.4267879675
050-2225639,in-call,2160,31.4183955193,34.3612944024
050-5224794,out-call,3031,31.4726835145,34.4208879314
050-1053316,in-call,2527,31.4284910165,34.3861927999
