phone_number,call_type,call_duration,call_location_longitude,call_location_latitude
050-6547928,out-call,2665,31.4587471367,34.4201127711
050-6392318,out-call,779,31.4515716827,34.4119626902
050-7295536,in-call,104,31.459612986,34.4281188883
050-7341993,out-call,182,31.4325905772,34.3923486412
050-6850900,out-call,69,31.4843975827,34.4381730175
050-5452356,out-call,55,31.469489342,34.4332580691
050-3023309,in-call,1855,31.3801771132,34.3377823237
