phone_number,call_type,call_duration,call_location_longitude,call_location_latitude
050-7375959,in-call,2881,31.4598321972,34.419062316
050-8507407,out-call,78,31.4213919504,34.3724990581
050-7185546,out-call,2385,31.4483222962,34.4066616991
050-7393349,out-call,81,31.4055189361,34.3599319749
050-4500569,in-call,915,31.4371010519,34.4053865203
050-1424662,in-call,2534,31.4487512905,34.3971884701
