phone_number,call_type,call_duration,call_location_longitude,call_location_latitude
050-6648284,out-call,1618,31.4435301442,34.4139841399
050-3972043,in-call,1802,31.4340570747,34.390161321
050-2959598,in-call,82,31.4391718858,34.396361955
050-2701640,out-call,69,31.3981659158,34.354760361
050-9131381,out-call,1025,31.4520600693,34.4354311896
050-9997981,in-call,359,31.4107565143,34.37263791
050-7223961,in-call,40,31.446489954,34.4025213472
050-7276740,in-call,3119,31.472739051,34.4414832966
