phone_number,call_type,call_duration,call_location_longitude,call_location_latitude
050-3090417,in-call,54,31.4440484577,34.4114749198
050-5833647,out-call,109,31.4590456815,34.4093410523
050-8937363,out-call,113,31.4597260663,34.4133087325
050-3354799,out-call,1209,31.4002660988,34.3450338753
050-8308146,in-call,76,31.433590117,34.4005403224
050-3011387,in-call,2725,31.3855480032,34.3498910919
