phone_number,call_type,call_duration,call_location_longitude,call_location_latitude
050-4544370,out-call,16,31.4214744197,34.3846344858
050-2122104,in-call,69,31.4065795659,34.3602877311
050-4639086,in-call,1708,31.4101426172,34.3669617537
050-3810892,in-call,102,31.4475207638,34.4141442884
050-8536678,out-call,99,31.4527295077,34.420324714
050-9266919,out-call,2306,31.4283399758,34.376646984
050-1276830,out-call,15,31.4666371622,34.4195804476
