phone_number,call_type,call_duration,call_location_longitude,call_location_latitude
050-3398881,in-call,878,31.4613842121,34.4318016833
050-2515951,out-call,103,33.8781290653,35.5113502999
050-9218732,in-call,338,31.4385034977,34.4088708815
050-2665187,in-call,117,31.4734339188,34.4239427679
050-8071002,in-call,84,31.4540690213,34.4314131271
050-4069236,in-call,3517,31.4635455143,34.4183347617
050-8294768,in-call,1016,31.3983726998,34.3600905107
