phone_number,call_type,call_duration,call_location_longitude,call_location_latitude
050-4307454,out-call,998,31.4564911515,34.408219338
050-7805752,out-call,80,31.4355169879,34.3999592844
050-8586852,in-call,23,31.4478511506,34.3988545252
050-2127403,out-call,12,31.4304665816,34.3958933732
050-2179911,in-call,44,31.4397489042,34.4048421597
050-2757407,in-call,2932,31.4561857322,34.4165178031
050-3430148,out-call,115,31.4665697473,34.4383830502
