phone_number,call_type,call_duration,call_location_longitude,call_location_latitude
050-5650164,in-call,1398,31.4709700338,34.4333073002
050-6439419,out-call,2605,31.4271065865,34.4067327114
050-2300529,out-call,776,31.4487733417,34.408550924
050-4001063,in-call,3510,31.4412220246,34.4043262067
050-6520230,in-call,1266,31.4234741045,34.38287912
050-5887624,out-call,17,31.441752943,34.3994888299
050-6169190,in-call,28,31.4233476987,34.3656999959
050-3108314,out-call,119,31.4167757043,34.3714565281
