phone_number,call_type,call_duration,call_location_longitude,call_location_latitude
050-7094009,out-call,82,31.4433731478,34.3977825474
050-7169155,in-call,1560,31.4394248672,34.3975646461
050-4110957,out-call,15,33.8833720066,35.51017176
050-1391575,in-call,97,33.883059199,35.5015900207
050-3082695,in-call,1377,31.433539301,34.3999134128
050-8479041,in-call,3350,33.8793066037,35.5031348932
050-2555786,in-call,64,33.8911360928,35.5134292441
050-4389269,out-call,105,31.4397810987,34.4022680146
050-6816223,in-call,37,31.4134863825,34.3824285197
