phone_number,call_type,call_duration,call_location_longitude,call_location_latitude
050-2219631,out-call,2398,31.4499817867,34.3992943621
050-8515712,out-call,101,31.4229072051,34.3989254206
050-2471299,out-call,107,31.4493019075,34.4232654589
050-4176385,in-call,51,31.4375818072,34.390792444
050-8780965,out-call,362,31.4254027799,34.391891895
