phone_number,call_type,call_duration,call_location_longitude,call_location_latitude
050-1943139,out-call,34,31.4296825357,34.4035480802
050-6328689,in-call,2446,31.4147860099,34.3776687631
050-7284628,out-call,946,31.434086951,34.3875937215
050-2434417,in-call,2630,31.464877993,34.4355904686
050-5991017,out-call,3206,31.4763062311,34.457041694
050-2412247,in-call,75,31.3984942745,34.3481857933
050-3262813,out-call,3429,31.3869208185,34.343268995
050-3388692,in-call,87,31.4471796577,34.4048857387
