phone_number,call_type,call_duration,call_location_longitude,call_location_latitude
050-1036339,in-call,1799,31.4530212742,34.3944240932
050-7055189,in-call,41,33.8853449257,35.509337043
050-5796268,in-call,115,33.8853674422,35.5047276435
050-5636987,in-call,620,31.4107369289,34.3684967328
050-3070272,out-call,2017,33.8805808198,35.5130927576
050-4241252,out-call,2931,31.423382242,34.3825254337
050-9206198,out-call,1278,31.4339326018,34.3991431604
050-3454344,out-call,84,31.3983726998,34.3600905107
