phone_number,call_type,call_duration,call_location_longitude,call_location_latitude
050-3234548,in-call,50,31.4110144533,34.363575483
050-4462269,out-call,2037,31.4826418734,34.4316061946
050-5567075,out-call,20,31.4430310154,34.4009785391
050-8343166,in-call,79,31.4107341049,34.3818626208
050-8803439,in-call,35,31.4664386889,34.426266333
