phone_number,call_type,call_duration,call_location_longitude,call_location_latitude
050-5066409,out-call,2595,31.434858809,34.3793176307
050-8399230,in-call,45,31.4240325584,34.3748942881
050-5395788,out-call,155,31.3955182412,34.3628378227
050-2512119,in-call,108,31.3976208555,34.3428977704
050-3090494,in-call,69,31.432067673,34.3960113932
050-9142263,out-call,2127,31.4322638192,34.3650370804
050-2007056,out-call,110,31.422627132,34.3976764984
050-7805422,out-call,89,31.4308113353,34.404091695
050-1386616,out-call,2980,31.4549946717,34.4364782316
