phone_number,call_type,call_duration,call_location_longitude,call_location_latitude
050-2123239,in-call,100,31.4111773863,34.3785072063
050-5117945,in-call,2441,31.4776378234,34.4497773403
050-7242768,out-call,1468,31.4650437329,34.4324394564
050-8950632,in-call,11,31.4601842787,34.4167464215
050-7786776,out-call,2810,31.4380902789,34.403899542
050-6848673,out-call,3171,31.4534859275,34.4111251049
050-8238706,out-call,1955,31.4651268979,34.42279121
050-4809699,in-call,2468,31.464190881,34.4305371114
050-4638468,out-call,3146,31.3879016915,34.357218539
