phone_number,call_type,call_duration,call_location_longitude,call_location_latitude
050-5324078,in-call,2171,31.426732206,34.3816989132
050-3583680,out-call,61,31.4234833246,34.3833216622
050-2827915,out-call,2480,31.4213919504,34.3724990581
050-5355107,in-call,55,31.4191394133,34.3670371001
050-6621327,in-call,50,31.4570520248,34.4179068818
050-2356659,in-call,29,31.4349037498,34.3808247723
050-4227112,in-call,1299,31.3984829968,34.3631999491
050-4885876,in-call,3467,31.4537884178,34.4237606551
050-4939043,out-call,28,31.4545189121,34.4226077236
