phone_number,call_type,call_duration,call_location_longitude,call_location_latitude
050-3030055,in-call,2242,31.4549915598,34.4017832407
050-5251078,out-call,3564,33.8861498491,35.5061067163
050-2941215,out-call,54,31.3926238031,34.3366872326
050-6580233,in-call,20,31.4402034757,34.4000795179
050-3574680,in-call,2972,31.4814916179,34.4468008913
050-8705904,out-call,29,31.4344076518,34.3818965719
