phone_number,call_type,call_duration,call_location_longitude,call_location_latitude
050-1196103,out-call,3190,31.4648057224,34.4409318958
050-1135207,in-call,35,31.4671097181,34.443486182
050-7269504,in-call,3309,31.4573446392,34.4169427365
050-2028043,out-call,41,31.4136245639,34.3737140905
050-2927892,in-call,14,31.4564911515,34.408219338
050-4408792,in-call,25,31.4950571975,34.4611438753
050-7058259,out-call,57,31.437219304,34.4006202796
