phone_number,call_type,call_duration,call_location_longitude,call_location_latitude
050-7380656,in-call,53,31.4280212109,34.3860874204
050-4518657,in-call,105,31.4539040944,34.4236680702
050-6301354,in-call,318,31.4309876208,34.3777002009
050-6909154,in-call,77,31.4302805071,34.3937452922
050-3459760,in-call,80,33.8801585607,35.5082272349
050-1302046,in-call,2494,31.4488972433,34.4035420685
050-2956353,in-call,2045,31.4486067519,34.406492464
050-2899864,in-call,2551,33.8831620424,35.5127847063
