phone_number,call_type,call_duration,call_location_longitude,call_location_latitude
050-9082022,in-call,3052,31.4512261077,34.4201345385
050-4351030,in-call,362,31.3992291241,34.3617840151
050-6557287,out-call,2473,33.8777082544,35.5086654827
050-7540072,in-call,58,31.4429157911,34.4279567128
050-2323616,out-call,1680,33.8853060648,35.5132082438
050-3107696,out-call,721,31.4037918019,34.3548360242
