phone_number,call_type,call_duration,call_location_longitude,call_location_latitude
050-5813615,in-call,67,31.4039615928,34.3686993975
050-6586231,in-call,38,31.4701802616,34.4249618188
050-3951514,in-call,22,31.3948540873,34.3436004847
050-5291593,out-call,16,31.4157619886,34.373483424
050-5484221,in-call,53,31.423388215,34.3987370306
