phone_number,call_type,call_duration,call_location_longitude,call_location_latitude
050-4485988,out-call,60,31.4324881574,34.3735311756
050-1960960,out-call,82,31.4328816512,34.3935522433
050-4913598,in-call,1889,31.4348225395,34.3912979733
050-8097082,out-call,75,31.4300835339,34.3869604454
050-2033984,out-call,3495,31.5231795436,34.4691820413
050-1904277,in-call,1602,31.4386962461,34.383038054
050-9096392,out-call,459,31.492461029,34.4476386687
050-4366231,out-call,33,31.4484671103,34.4174517309
