phone_number,call_type,call_duration,call_location_longitude,call_location_latitude
050-4677001,in-call,17,31.4402883695,34.4083039501
050-7671602,in-call,2134,31.4436730282,34.4061231517
050-3746942,in-call,1125,31.4491177112,34.4042548965
050-5489773,out-call,1913,31.4341022076,34.3853808365
050-2445961,out-call,83,31.4567550084,34.4113527531
050-1375727,in-call,111,31.4179292406,34.3697281435
050-3112044,out-call,1944,31.4328816512,34.3935522433
050-8199404,in-call,70,31.4707796348,34.4304369768
