phone_number,call_type,call_duration,call_location_longitude,call_location_latitude
050-3736688,in-call,60,31.4362700161,34.3901563359
050-6349691,out-call,1310,31.4613227026,34.4239473424
050-7205500,out-call,44,31.3907895102,34.3409757077
050-7528690,out-call,1826,31.420895655,34.3817049454
050-2679160,in-call,96,31.3664608366,34.3142130868
050-7296517,out-call,34,31.4645257306,34.4294261894
050-1938703,in-call,41,31.3905597472,34.3394133332
