phone_number,call_type,call_duration,call_location_longitude,call_location_latitude
050-1630370,out-call,389,31.422626779,34.382629728
050-6829032,out-call,1894,31.457874155,34.4172925134
050-3693177,in-call,86,31.417098526,34.3699012744
050-3746041,in-call,102,31.41660096,34.3974749608
050-8316139,out-call,62,31.4603315239,34.4197499986
050-7334591,out-call,62,31.4377851563,34.4010738371
