phone_number,call_type,call_duration,call_location_longitude,call_location_latitude
050-7128528,out-call,3014,31.4498451678,34.4088947525
050-7944008,in-call,34,31.4501962046,34.4045258082
050-1988253,in-call,647,31.4166659995,34.4000245204
050-6874199,in-call,85,31.3922165248,34.361999902
050-2754765,in-call,2354,31.4175080862,34.3918773172
050-1742057,in-call,95,31.4451841398,34.405524549
050-2115549,out-call,2193,31.4146884585,34.400540357
050-6882428,in-call,1111,31.447741603,34.4168192813
