phone_number,call_type,call_duration,call_location_longitude,call_location_latitude
050-2514492,in-call,1076,31.4335765475,34.40084551
050-4263203,out-call,1403,31.4358287094,34.3942074335
050-1046682,in-call,79,31.4656830231,34.4344777049
050-1345488,out-call,315,31.4266926166,34.3636136365
050-7217230,in-call,2732,31.4382984187,34.4097025219
050-3748203,in-call,2136,31.3996563803,34.3625797892
050-1830708,out-call,1381,31.4465612936,34.4065540489
