phone_number,call_type,call_duration,call_location_longitude,call_location_latitude
050-6303207,in-call,31,31.4612369566,34.4423258615
050-6823650,out-call,405,31.4265925621,34.3973757765
050-5263295,out-call,2693,31.4786997441,34.4495681171
050-2897964,out-call,86,31.4541563371,34.4245423846
050-5854663,out-call,552,31.4392421433,34.3978114205
050-1719145,out-call,15,31.4248731668,34.3692858109
050-8435940,out-call,1597,31.4373823804,34.4076994965
050-1605431,out-call,104,31.4743398189,34.437521823
050-4666810,out-call,20,31.4316469796,34.3932380601
