phone_number,call_type,call_duration,call_location_longitude,call_location_latitude
050-9109082,in-call,14,31.4392636179,34.3971065751
050-7264201,in-call,1892,31.4636413858,34.4176480231
050-2233130,out-call,1126,31.4438127421,34.3906113469
050-7102449,out-call,52,31.479488369,34.4432182323
050-6546640,out-call,1302,31.397646862,34.3527929563
