phone_number,call_type,call_duration,call_location_longitude,call_location_latitude
050-2439526,out-call,73,31.4156721541,34.3759124
050-5646063,in-call,2465,31.4505162129,34.4125069019
050-9539022,out-call,13,33.8859370947,35.5105961149
050-3014688,in-call,20,31.41660096,34.3974749608
050-7775579,out-call,569,31.4122511945,34.3842100259
