phone_number,call_type,call_duration,call_location_longitude,call_location_latitude
050-3631005,in-call,3083,31.4606273991,34.4373600947
050-7662834,in-call,1540,31.4184214507,34.3659399462
050-7556015,in-call,45,31.479920936,34.4341123417
050-7169256,out-call,2423,31.3948335698,34.3523900006
050-9192567,in-call,785,31.4469690409,34.4133765123
050-3775666,out-call,2633,31.4484286261,34.4066835761
050-7510846,in-call,923,31.4161308552,34.3904621686
050-7064092,out-call,1545,31.4606333504,34.4251761573
050-9107016,out-call,74,31.4472237658,34.4063698514
