phone_number,call_type,call_duration,call_location_longitude,call_location_latitude
050-4628191,in-call,83,31.4595953748,34.4264903938
050-8663553,out-call,2137,31.4617378775,34.4272408958
050-7530817,out-call,3226,31.4473711283,34.4077755636
050-5261381,out-call,80,31.4822409709,34.4346540903
050-5402474,in-call,40,33.8840998667,35.5110656693
050-1641074,out-call,85,33.8875074376,35.5103805917
050-8971134,in-call,309,31.4622917426,34.4089989634
050-5835028,out-call,1779,31.4333784235,34.4050302574
