phone_number,call_type,call_duration,call_location_longitude,call_location_latitude
050-4246151,in-call,95,33.8861125361,35.5114707555
050-1717121,in-call,76,31.4342109539,34.3853974566
050-4039263,out-call,895,31.4607770423,34.4167913353
050-7326405,in-call,31,31.4469871941,34.3915038797
050-6864862,in-call,3305,31.4505162129,34.4125069019
