phone_number,call_type,call_duration,call_location_longitude,call_location_latitude
050-7418680,out-call,110,31.4332323776,34.4025633965
050-3924230,out-call,3484,31.4227250948,34.383972409
050-9389080,in-call,2045,31.4193458453,34.3788731366
050-3726584,out-call,82,31.4297342343,34.3778438109
050-8710322,in-call,74,31.4401613993,34.3983706576
050-1748489,out-call,72,31.4660948015,34.4255305734
050-3141061,in-call,1569,31.450127927,34.414626471
050-7165247,in-call,1804,31.4683172255,34.429174725
050-6168767,out-call,2474,31.4329498684,34.3940112687
