phone_number,call_type,call_duration,call_location_longitude,call_location_latitude
050-4212990,out-call,1795,31.4276965225,34.3974466704
050-1071097,in-call,1304,31.4232930912,34.3865325425
050-4090740,in-call,19,31.3954136697,34.3661910919
050-4903505,in-call,97,33.8877859351,35.512154658
050-1296576,out-call,364,31.458987837,34.4166239642
050-9076728,out-call,3236,31.4499574632,34.4207265525
050-5000533,in-call,68,33.8751322974,35.5008665229
050-3303723,in-call,403,31.4493971745,34.3940353357
