phone_number,call_type,call_duration,call_location_longitude,call_location_latitude
050-4895122,in-call,831,31.4327777584,34.3899650845
050-1586745,in-call,3256,31.4392636179,34.3971065751
050-9303188,out-call,3400,31.4205108147,34.3884800686
050-7823770,in-call,63,31.4218998516,34.3636069279
050-7486096,in-call,40,31.426732206,34.3816989132
050-3690035,in-call,2185,31.4312354255,34.3916876857
