phone_number,call_type,call_duration,call_location_longitude,call_location_latitude
050-4989551,out-call,2507,31.453359911,34.4155935722
050-9505429,out-call,2942,31.4335425496,34.3671940561
050-7572827,out-call,830,31.421031744,34.3829389539
050-6634514,out-call,2887,31.463741044,34.4307371025
050-3075794,out-call,55,31.4347858836,34.3949088453
050-6034564,out-call,723,31.4301998054,34.3898005265
