phone_number,call_type,call_duration,call_location_longitude,call_location_latitude
050-2793793,out-call,2591,31.4386588765,34.3857056722
050-3729752,in-call,59,31.4469690409,34.4133765123
050-3318964,in-call,933,31.4440797924,34.4023023044
050-2195321,out-call,42,31.4254812388,34.38171897
050-5972752,in-call,3581,31.4603315239,34.4197499986
050-1675406,out-call,1599,31.4292314679,34.3849998248
050-4614865,in-call,3268,31.4378439023,34.3954245867
050-2196379,out-call,22,31.4130549674,34.367587658
