phone_number,call_type,call_duration,call_location_longitude,call_location_latitude
050-2462972,out-call,2349,31.4622309379,34.4201371268
050-9814662,in-call,2288,31.4839195479,34.4611814979
050-9193902,in-call,38,31.4479340432,34.4238110326
050-5652272,out-call,105,31.4279918838,34.3804011579
050-4034473,in-call,82,31.4510318282,34.4066460528
050-5946721,in-call,1338,31.4582967508,34.4356673288
050-8478621,in-call,1971,31.4669170826,34.4075971412
050-2187923,out-call,57,31.4566949022,34.3963072311
