phone_number,call_type,call_duration,call_location_longitude,call_location_latitude
050-6701930,out-call,117,31.4371010519,34.4053865203
050-2330508,in-call,2560,31.4458313133,34.4026415256
050-1877151,out-call,53,31.3959921222,34.3562968248
050-9706657,out-call,1815,31.4546720166,34.4181926696
050-2702340,out-call,101,31.4474447045,34.39935477
