phone_number,call_type,call_duration,call_location_longitude,call_location_latitude
050-7754080,out-call,76,33.8905931562,35.5124146713
050-9209055,in-call,652,33.8801823324,35.5068645928
050-1633855,in-call,95,33.8832965012,35.5034130958
050-3180745,out-call,603,33.8807861098,35.5034127049
050-4383333,out-call,97,31.446489954,34.4025213472
