phone_number,call_type,call_duration,call_location_longitude,call_location_latitude
050-6283700,out-call,69,31.4388904212,34.3882229737
050-8872640,out-call,46,31.4055189361,34.3599319749
050-5458249,out-call,2261,31.4364713226,34.4090834577
050-7545947,out-call,104,31.431862044,34.3935332368
050-2618451,in-call,12,31.4408964835,34.4063633476
050-8125214,in-call,1822,31.4447222282,34.3805871291
050-4078478,out-call,109,31.4171831349,34.3735128828
