phone_number,call_type,call_duration,call_location_longitude,call_location_latitude
050-9357544,in-call,175,31.4363685452,34.3997203816
050-4757372,in-call,58,31.4514138933,34.4037773879
050-6757682,in-call,74,31.4359698417,34.4183204836
050-4918540,in-call,37,31.415128337,34.3798499977
050-4111657,in-call,1372,31.4392421433,34.3978114205
050-8915876,in-call,81,31.4506333101,34.4284422151
050-9525183,in-call,125,31.4433586148,34.3749792831
050-3633564,in-call,287,31.4500213072,34.4147251583
050-6516223,in-call,53,31.464471867,34.4102152822
