phone_number,call_type,call_duration,call_location_longitude,call_location_latitude
050-5155943,out-call,1495,31.5200527084,34.4875792066
050-1720645,out-call,106,31.44885542,34.4260849999
050-9609207,in-call,120,31.4220329165,34.3910102394
050-7609873,in-call,104,31.4277806628,34.4041664557
050-3544403,out-call,98,31.4409047843,34.4114607801
