phone_number,call_type,call_duration,call_location_longitude,call_location_latitude
050-5212365,out-call,24,31.4335848102,34.3920427672
050-4244786,in-call,1533,31.3786456769,34.3431572955
050-9162563,out-call,74,31.4205611551,34.3740377079
050-8201632,in-call,1167,31.4435397643,34.4056608118
050-2636880,in-call,28,31.4708784341,34.4213646607
