phone_number,call_type,call_duration,call_location_longitude,call_location_latitude
050-6389114,in-call,88,31.4208030351,34.37708527
050-4207870,out-call,49,31.420985781,34.4019634078
050-1359137,out-call,28,31.4414550555,34.3868893909
050-3611078,in-call,172,31.4263188129,34.3709380909
050-8527357,in-call,1031,31.4403411798,34.3873686804
050-1936500,in-call,2300,31.4412289138,34.3857057441
050-1093276,out-call,1392,31.4288455139,34.386210793
050-9899409,out-call,1711,31.4185385003,34.3684563488
050-4773672,out-call,39,31.4346225542,34.3868921293
