phone_number,call_type,call_duration,call_location_longitude,call_location_latitude
050-2588481,in-call,101,31.4463116306,34.4048355144
050-4738494,in-call,44,31.4533572143,34.4141071463
050-1666684,in-call,77,31.4250460553,34.3761883398
050-4531440,in-call,1502,31.4290275054,34.3870973473
050-9216976,in-call,1364,31.4307822984,34.388406534
