phone_number,call_type,call_duration,call_location_longitude,call_location_latitude
050-5965284,in-call,94,31.4267865261,34.3626850737
050-1853588,in-call,108,31.4239277797,34.3892733179
050-3756996,out-call,120,31.4739354543,34.4146427486
050-3938670,out-call,1894,31.4299245294,34.390902278
050-5447034,in-call,1255,31.4276037023,34.3827436367
050-6210006,out-call,599,31.4701319476,34.4350260572
