phone_number,call_type,call_duration,call_location_longitude,call_location_latitude
050-5055770,in-call,3530,31.4555318427,34.4326164316
050-2760476,in-call,30,31.4505911996,34.4108773229
050-6976599,in-call,11,31.4202991863,34.3862286287
050-6767128,out-call,32,31.3972881836,34.3555708655
050-5817093,out-call,2984,31.4042989721,34.358215981
050-1492882,in-call,15,31.4148158691,34.3644635179
050-1396740,in-call,1147,31.4408346005,34.4187529921
050-1167581,in-call,936,31.4632295485,34.4380686657
050-9850276,in-call,2343,31.4270801233,34.3978540524
