phone_number,call_type,call_duration,call_location_longitude,call_location_latitude
050-1315863,in-call,3191,31.4538273235,34.4142499424
050-1401061,out-call,59,31.4598235601,34.4170968866
050-7873467,in-call,37,31.4374180647,34.4043006932
050-4411368,out-call,3548,31.4025296943,34.3490780974
050-6478896,in-call,1543,31.3983234014,34.3549914639
050-7674569,out-call,639,31.4564626733,34.4183462711
050-5816253,out-call,1130,31.4219029117,34.3796884555
