phone_number,call_type,call_duration,call_location_longitude,call_location_latitude
050-3246592,in-call,2178,31.4309876208,34.3777002009
050-8949539,out-call,89,31.4072889467,34.3693531003
050-8324815,out-call,246,31.4852476739,34.4319475085
050-1841666,out-call,3068,31.4794619047,34.4440290525
050-1644852,in-call,31,31.4231892652,34.3751788312
050-6849751,out-call,2194,31.4255569968,34.3954853945
050-8487534,in-call,47,31.4424160515,34.4171299153
