phone_number,call_type,call_duration,call_location_longitude,call_location_latitude
050-5827658,in-call,114,31.4477883455,34.4040755107
050-6764604,out-call,2916,31.4467239765,34.4255634768
050-9687684,in-call,44,31.4280123381,34.3766720398
050-6532094,in-call,94,31.461446875,34.4147349971
050-3060854,in-call,2392,31.474989004,34.4166237429
050-8958663,in-call,59,31.4578360604,34.4263534354
