phone_number,call_type,call_duration,call_location_longitude,call_location_latitude
050-5513786,in-call,1538,31.4567550084,34.4113527531
050-5574124,in-call,20,31.4278064534,34.3756995618
050-7410906,in-call,28,31.4335765475,34.40084551
050-3088058,in-call,3167,31.4329151105,34.392096917
050-7997433,out-call,2865,31.4576110251,34.4127964264
050-1264493,out-call,119,31.4403520264,34.4120382186
050-3610629,in-call,1747,33.8768281244,35.5095229921
050-1839517,in-call,11,31.4080980419,34.3723404158
