phone_number,call_type,call_duration,call_location_longitude,call_location_latitude
050-2979379,in-call,2538,31.4167266137,34.3672093993
050-9373333,in-call,466,31.5020581248,34.4738131202
050-6950443,in-call,114,31.4499574632,34.4207265525
050-2604242,out-call,164,31.4471477295,34.3997115627
050-9036407,out-call,86,31.4385655369,34.3816588691
050-7889743,out-call,3171,31.4809453481,34.4273450544
050-5969800,in-call,78,31.4566949022,34.3963072311
