phone_number,call_type,call_duration,call_location_longitude,call_location_latitude
050-1002724,in-call,1552,31.4401613993,34.3983706576
050-1390212,out-call,2199,31.490293555,34.4422394755
050-6773329,out-call,15,31.4386962461,34.383038054
050-8847687,in-call,47,31.4277973357,34.3866738597
050-6382467,out-call,3449,31.4110144533,34.363575483
050-5375892,out-call,820,31.4703811706,34.4313596668
050-1481398,out-call,86,31.394332658,34.3474592827
050-4779500,out-call,66,31.4356716877,34.3945859225
