phone_number,call_type,call_duration,call_location_longitude,call_location_latitude
050-4159273,out-call,949,31.4373989599,34.3890011431
050-3079618,out-call,96,31.4506333101,34.4284422151
050-4341833,out-call,594,31.4482301694,34.4056172966
050-8368581,in-call,543,31.4535392686,34.4145502688
050-2555166,out-call,10,33.8781162095,35.5063942501
050-2243457,in-call,33,31.4643755722,34.4328712483
050-2300159,out-call,3473,33.8838678949,35.5139639804
050-4977387,in-call,103,33.8905403604,35.5183286811
