phone_number,call_type,call_duration,call_location_longitude,call_location_latitude
050-7205657,in-call,525,31.4199638152,34.3901138762
050-3854748,in-call,13,31.4111773863,34.3785072063
050-4257191,out-call,2722,31.4628455458,34.4420286977
050-1762827,out-call,618,31.4744175498,34.4213872641
050-3125172,out-call,1297,31.4428981119,34.3967772937
