phone_number,call_type,call_duration,call_location_longitude,call_location_latitude
050-8808036,out-call,51,31.4504994776,34.408630561
050-5859411,out-call,85,31.4588315242,34.3901154276
050-6147885,in-call,3093,31.4268366527,34.3559452575
050-7152835,out-call,3051,31.4677364828,34.4155207511
050-5369388,in-call,33,31.4552484051,34.4160891189
050-8557746,in-call,1949,31.4804146987,34.4407195268
050-2323340,out-call,25,31.4253668554,34.3757582032
