phone_number,call_type,call_duration,call_location_longitude,call_location_latitude
050-1242845,out-call,113,31.4124361372,34.377309614
050-6248498,in-call,432,31.457874155,34.4172925134
050-6588478,out-call,101,31.4590389997,34.4178971145
050-3000564,out-call,118,31.4376151146,34.416530807
050-3400872,in-call,2146,31.4337265167,34.4025983231
