phone_number,call_type,call_duration,call_location_longitude,call_location_latitude
050-4264469,out-call,73,31.421559711,34.3825951252
050-9684809,in-call,81,31.4555765272,34.4253162294
050-5972096,in-call,89,31.4691730429,34.4302045875
050-1210373,out-call,185,31.4643355688,34.4221819163
050-5911080,in-call,2163,31.4169781499,34.3718972884
