phone_number,call_type,call_duration,call_location_longitude,call_location_latitude
050-1460580,out-call,2751,31.3866615257,34.3464264794
050-8908594,out-call,1688,31.4064225682,34.3682291064
050-2913210,in-call,1236,31.4645458988,34.4211948481
050-4126417,in-call,115,31.4187879938,34.3743405784
050-8603600,in-call,1759,31.4720918157,34.4320823747
050-5965860,out-call,128,31.4428490866,34.4182334342
050-3114893,out-call,2065,31.4228710406,34.3734722263
050-9705538,in-call,1501,31.4226538892,34.3772777702
050-9356087,in-call,2076,31.41450417,34.3776852411
