phone_number,call_type,call_duration,call_location_longitude,call_location_latitude
050-9163788,out-call,705,33.8776650215,35.5028920363
050-2807446,in-call,1253,31.3782219337,34.3240801861
050-8799873,in-call,41,33.8874312393,35.511271317
050-5930479,in-call,851,33.8806020616,35.504965141
050-6061510,out-call,110,31.4348198998,34.3873294385
050-9873211,out-call,47,31.4375818072,34.390792444
050-2915800,in-call,25,31.420567745,34.3800650386
050-8211683,in-call,1172,31.4227947028,34.3896396659
050-9375633,out-call,13,31.4589230412,34.4211605399
