phone_number,call_type,call_duration,call_location_longitude,call_location_latitude
050-9099068,in-call,103,31.4348225395,34.3912979733
050-6820989,in-call,46,31.3871095434,34.3440159965
050-8020043,out-call,120,31.4309876208,34.3777002009
050-2557305,out-call,68,31.4363386342,34.4119892528
050-4790389,out-call,135,31.4368606847,34.3910137353
050-2028809,out-call,2322,31.4041711152,34.3628993624
050-9500134,in-call,946,31.4322432058,34.3974143278
050-7483219,in-call,2667,31.4290217077,34.3888392633
