phone_number,call_type,call_duration,call_location_longitude,call_location_latitude
050-4416375,out-call,3226,31.4456013877,34.3980513988
050-6143334,in-call,55,31.4429672643,34.3973837221
050-6988060,out-call,1714,31.4451841398,34.405524549
050-8594502,out-call,98,31.4018197052,34.369622162
050-6863605,out-call,3436,31.4862247203,34.440399499
050-2530794,out-call,631,31.4279350235,34.3958794586
050-2180509,out-call,40,31.4557105318,34.3987488722
050-7512903,in-call,63,31.4423616318,34.4057730052
050-9049010,in-call,12,31.4171048502,34.3707667277
