phone_number,call_type,call_duration,call_location_longitude,call_location_latitude
050-5963665,out-call,65,31.465611863,34.4081786098
050-6381679,in-call,3108,31.4711475992,34.4343656841
050-6938967,out-call,313,31.4281887986,34.3806911592
050-8171753,in-call,3311,31.4954257259,34.4792335929
050-5063600,in-call,3395,31.4347344354,34.3861882562
050-9363504,in-call,40,31.4614561335,34.4170365197
050-4565395,out-call,1710,31.453458478,34.4134012347
