phone_number,call_type,call_duration,call_location_longitude,call_location_latitude
050-1178823,in-call,34,31.4558011353,34.4132008204
050-3940744,in-call,180,31.4362033242,34.415442703
050-6082835,in-call,1212,31.3972897581,34.3640439875
050-3394152,in-call,12,31.4292314679,34.3849998248
050-6984960,in-call,1489,31.4327841924,34.3993199178
050-3251592,in-call,73,31.4501180561,34.4301069926
050-9452750,out-call,3432,31.4483805788,34.4062933096
050-1227831,in-call,60,31.4299200993,34.3848037915
