phone_number,call_type,call_duration,call_location_longitude,call_location_latitude
050-8690895,out-call,703,33.8773550954,35.5054173803
050-4209152,in-call,48,31.4477572077,34.40286643
050-8092771,out-call,91,31.4825725399,34.4446745261
050-8387080,in-call,85,31.4626214502,34.4150819469
050-6501282,out-call,85,31.4466906245,34.3970798342
050-4066568,out-call,36,31.4676086182,34.4196276617
050-3780855,in-call,112,31.4280521962,34.3936965787
