phone_number,call_type,call_duration,call_location_longitude,call_location_latitude
050-5736602,in-call,85,31.4550531651,34.4129305979
050-9520366,out-call,72,31.479505737,34.4478537868
050-4781606,out-call,22,31.4453203551,34.4162896368
050-9567463,out-call,1110,31.473757428,34.4397482808
050-4265588,out-call,30,31.4165136192,34.3900295715
050-9424300,out-call,398,31.4260915299,34.380429018
