phone_number,call_type,call_duration,call_location_longitude,call_location_latitude
050-6644568,in-call,2049,31.4375562636,34.3960192816
050-9946688,out-call,40,31.4659407276,34.4236115137
050-3147123,out-call,38,31.4368422912,34.4040134653
050-4431873,out-call,1590,31.4382090134,34.3989156963
050-7333111,in-call,1247,31.4343366261,34.3863326665
050-9889497,out-call,1971,31.4502932705,34.4025938174
050-6958322,in-call,813,31.4701015212,34.4355632252
