phone_number,call_type,call_duration,call_location_longitude,call_location_latitude
050-9297716,in-call,45,31.4690592875,34.418902805
050-3209305,in-call,2041,31.4539285385,34.3901144104
050-5865433,out-call,801,31.445882734,34.3877079222
050-7413569,out-call,2469,31.4340570747,34.390161321
050-9559321,out-call,76,31.4829692692,34.4535749426
050-4699862,out-call,2389,31.4074166701,34.3700188082
