phone_number,call_type,call_duration,call_location_longitude,call_location_latitude
050-8974868,out-call,56,31.4360120553,34.3974734394
050-4180211,in-call,74,31.4131307114,34.3674482983
050-4631465,out-call,113,31.4535392686,34.4145502688
050-6387312,out-call,3429,31.4124660151,34.3679622944
050-2710431,in-call,54,31.4494971996,34.3974673912
050-8250996,in-call,30,31.4448379635,34.4040020601
050-6436343,out-call,96,31.3829205169,34.344903651
