phone_number,call_type,call_duration,call_location_longitude,call_location_latitude
050-1242913,out-call,100,31.4122148798,34.3712563911
050-8636756,in-call,1945,31.4738274201,34.4407574875
050-9448917,out-call,111,31.4671721633,34.4396101403
050-2237451,out-call,34,31.447275934,34.4067400739
050-5913830,in-call,63,31.4428652575,34.4240179266
050-2260558,in-call,29,31.5075203858,34.4935399128
050-9320930,out-call,1756,31.4548154966,34.4252026805
