phone_number,call_type,call_duration,call_location_longitude,call_location_latitude
050-3292416,out-call,2037,31.4358972803,34.3977099806
050-9469484,in-call,89,31.4607505384,34.433893326
050-9198520,in-call,47,31.4444838547,34.4078571904
050-7291981,out-call,3563,31.416865768,34.3609544677
050-4299090,out-call,2159,31.425520001,34.3881316451
050-9498139,out-call,1720,31.4121169286,34.3768210292
