phone_number,call_type,call_duration,call_location_longitude,call_location_latitude
050-3350532,in-call,77,33.8861125361,35.5114707555
050-1782473,in-call,3237,31.3825966801,34.340837749
050-5273519,out-call,32,31.4402617149,34.4034748045
050-9856334,out-call,69,31.420193095,34.4042191506
050-4164963,out-call,2830,33.8819426561,35.5081850549
050-4224078,in-call,79,33.8871512417,35.5106644062
050-5186088,in-call,3583,31.4711673852,34.4284976482
050-7088735,in-call,83,33.8884222826,35.5155194942
050-6608753,out-call,3405,31.4293841232,34.384652441
