phone_number,call_type,call_duration,call_location_longitude,call_location_latitude
050-8781524,out-call,291,31.4308724599,34.3672467676
050-3791516,in-call,2540,31.4247631545,34.3900512747
050-7816739,out-call,44,31.4024549575,34.3607271402
050-2430913,in-call,2447,31.4518697095,34.4034037771
050-3164464,in-call,2936,31.4725692375,34.416574588
