phone_number,call_type,call_duration,call_location_longitude,call_location_latitude
050-7356341,out-call,115,31.4387099498,34.4094916959
050-7083777,in-call,2499,31.4554060432,34.418696869
050-8078416,out-call,1315,31.3763107014,34.3150616052
050-6411971,out-call,3055,31.396939078,34.3643326625
050-6619549,out-call,3204,31.4215735703,34.374472022
050-5140885,out-call,3100,31.4274899978,34.3967228799
