phone_number,call_type,call_duration,call_location_longitude,call_location_latitude
050-1939592,out-call,104,31.4499597698,34.4106897341
050-4733169,in-call,2266,31.4154556727,34.3826037474
050-5723763,out-call,2141,31.4641006579,34.413552679
050-7671494,out-call,61,31.4776467614,34.4305022558
050-5092852,in-call,103,31.4328293632,34.397457158
050-7915278,in-call,114,31.4288494302,34.3854986946
