phone_number,call_type,call_duration,call_location_longitude,call_location_latitude
050-6114769,in-call,280,31.4467874945,34.4144613413
050-1152050,in-call,23,31.4206413537,34.3691238633
050-7617942,in-call,2604,31.431478284,34.384127383
050-8478594,out-call,2710,31.4436899332,34.401347152
050-8667506,in-call,3319,31.4273286407,34.3718845669
050-5191357,in-call,1845,31.4285227625,34.4054934544
050-6882075,out-call,744,31.4765661796,34.4352888629
050-4443180,in-call,115,31.5013823605,34.4633660598
