phone_number,call_type,call_duration,call_location_longitude,call_location_latitude
050-5414700,out-call,17,31.4534859275,34.4111251049
050-9379142,in-call,108,33.8834295474,35.5051032103
050-9632952,out-call,2336,31.4395427885,34.3873832144
050-6248352,out-call,2718,33.8787329903,35.5093125254
050-7161958,in-call,3283,31.4383411454,34.3929219765
050-7477817,in-call,69,31.4420064849,34.3982386753
050-6727211,in-call,81,31.4183288469,34.3883047325
050-2892635,out-call,3104,31.4169781499,34.3718972884
