phone_number,call_type,call_duration,call_location_longitude,call_location_latitude
050-6443497,out-call,68,31.4173570476,34.3711450406
050-7934532,in-call,93,31.4743398189,34.437521823
050-1114210,out-call,96,31.4410985043,34.4099212754
050-2869373,in-call,2365,31.403594584,34.3444797795
050-9143844,out-call,20,31.41660096,34.3974749608
050-7954047,in-call,81,31.4536394951,34.4098504665
050-6402993,in-call,97,31.4042370588,34.3598981542
