phone_number,call_type,call_duration,call_location_longitude,call_location_latitude
050-7510041,out-call,1783,31.4598031883,34.4178227379
050-3896049,in-call,80,31.4481458619,34.3976749247
050-9471743,in-call,2309,31.4237401795,34.3903471742
050-9229529,in-call,10,31.4199638152,34.3901138762
050-6911110,out-call,61,31.4554060432,34.418696869
050-7074084,in-call,15,31.4002660988,34.3450338753
050-7849583,in-call,160,31.439331723,34.39881703
050-4726457,out-call,751,31.4468885197,34.4187876104
