phone_number,call_type,call_duration,call_location_longitude,call_location_latitude
050-6675821,in-call,2328,31.4061644518,34.3820006084
050-6081610,in-call,16,31.4428490866,34.4182334342
050-8349929,out-call,920,31.4329673357,34.3973143387
050-4394220,out-call,102,31.4237764127,34.3827574139
050-3333115,out-call,45,31.4437837637,34.4065586363
050-2829538,in-call,2246,31.4166658047,34.3511790282
050-6498667,in-call,270,31.4667911202,34.4479050281
