phone_number,call_type,call_duration,call_location_longitude,call_location_latitude
050-4025992,in-call,752,31.4332349768,34.3826490783
050-9077868,in-call,57,31.4318627428,34.3907332934
050-1571186,in-call,3132,31.465231238,34.4043902905
050-7223711,out-call,18,31.4487904826,34.4097707052
050-9959637,in-call,38,31.4381660269,34.3996605416
050-1624664,out-call,113,31.4499342545,34.419939756
050-6897834,out-call,2790,31.4152624575,34.3627934352
