phone_number,call_type,call_duration,call_location_longitude,call_location_latitude
050-1326050,out-call,3552,33.8844651483,35.5115975975
050-8063652,out-call,65,31.440975839,34.4010683979
050-1354032,in-call,87,31.4636368038,34.4208827373
050-1118302,out-call,86,31.4864165771,34.4558105118
050-1040426,in-call,116,31.4363204158,34.3945276022
050-5754078,out-call,2136,31.4695478033,34.4179310457
050-8114828,out-call,1256,31.4276037023,34.3827436367
050-5145399,in-call,2189,31.4220462805,34.3741242576
050-9641368,in-call,3152,31.4892578785,34.4612607475
