phone_number,call_type,call_duration,call_location_longitude,call_location_latitude
050-4783880,in-call,53,31.4224145964,34.3754983399
050-2852287,in-call,3007,31.4295276611,34.3936592062
050-1682371,in-call,14,31.4264973939,34.3738936901
050-2832704,out-call,28,31.4240123228,34.3865486198
050-5192938,in-call,15,31.4109471795,34.3764900287
050-5264231,in-call,99,31.4482749377,34.4331005734
050-8259155,in-call,15,31.4569110776,34.4271403561
050-1157338,out-call,2135,31.4185086833,34.3919406616
050-8787283,out-call,2114,31.3823967567,34.3554187523
