phone_number,call_type,call_duration,call_location_longitude,call_location_latitude
050-9563704,out-call,3370,31.4216914516,34.3769059454
050-3355502,in-call,1335,31.4262603253,34.3848198892
050-3699714,in-call,47,31.4246965568,34.3764011636
050-8189832,in-call,49,31.4319399819,34.3886937352
050-5389355,out-call,17,31.4115672603,34.372469527
050-8565240,out-call,885,31.4368422912,34.4040134653
050-5851192,out-call,1044,31.4392636179,34.3971065751
050-6825448,in-call,37,31.4339836492,34.3919149072
050-7781693,out-call,69,31.4743398189,34.437521823
