phone_number,call_type,call_duration,call_location_longitude,call_location_latitude
050-1524710,out-call,2663,31.4359576615,34.394897848
050-9741351,in-call,108,31.4546548661,34.4271987706
050-3114461,in-call,1705,31.441366421,34.4040526009
050-4831525,in-call,23,31.420193095,34.4042191506
050-2212674,in-call,54,31.4341108177,34.3946943063
