phone_number,call_type,call_duration,call_location_longitude,call_location_latitude
050-4950190,out-call,3232,31.4578668775,34.4337855837
050-1576907,in-call,617,31.431520393,34.3988787231
050-8970667,out-call,96,31.4051623138,34.3606539032
050-6821577,out-call,2211,31.413188237,34.387124348
050-6956346,in-call,2236,31.4329891932,34.4007418208
