phone_number,call_type,call_duration,call_location_longitude,call_location_latitude
050-5809535,out-call,469,31.4409706744,34.3962708468
050-9676972,out-call,2252,31.4166201109,34.3664903907
050-6430309,out-call,645,31.4637491779,34.4307620247
050-3332403,out-call,66,33.8799410712,35.50465712
050-8699420,in-call,1186,31.4933946118,34.4375896653
050-8592257,in-call,2189,31.454616976,34.4082477437
050-1272687,out-call,292,31.4210167422,34.36885828
050-9215102,out-call,2968,31.3957457556,34.3687136805
