phone_number,call_type,call_duration,call_location_longitude,call_location_latitude
050-9030145,in-call,406,31.4169484824,34.3824589636
050-3091107,in-call,765,31.460567566,34.4107541242
050-2965311,out-call,525,31.4468043257,34.4099110363
050-7881668,in-call,2799,31.4237112848,34.3874521496
050-6472584,in-call,3038,31.4428945653,34.3946849736
