phone_number,call_type,call_duration,call_location_longitude,call_location_latitude
050-2287514,in-call,199,31.4191394133,34.3670371001
050-9839065,out-call,2415,31.4538273235,34.4142499424
050-1640496,in-call,2446,31.4363519068,34.4035124089
050-2023018,out-call,69,31.4271091944,34.3810085846
050-7584742,in-call,21,31.4343197471,34.3905810559
