phone_number,call_type,call_duration,call_location_longitude,call_location_latitude
050-3911614,out-call,86,31.4286469416,34.3851516751
050-4844687,in-call,1642,31.4110112656,34.3634655222
050-1722197,out-call,61,31.466883679,34.4334360617
050-5765099,out-call,2629,31.4612415498,34.4209077472
050-9634168,in-call,3520,31.4121169286,34.3768210292
