phone_number,call_type,call_duration,call_location_longitude,call_location_latitude
050-3317909,out-call,97,31.4773754601,34.4289336687
050-2146927,in-call,89,31.4237220224,34.3955177994
050-7416721,in-call,1500,31.3869009069,34.3495605609
050-5818025,in-call,54,31.4386120399,34.3872832778
050-9022457,in-call,73,31.4323253378,34.405272548
050-7322231,out-call,1156,31.4629674797,34.4147024394
050-6373967,in-call,3182,31.429713335,34.4007997
