phone_number,call_type,call_duration,call_location_longitude,call_location_latitude
050-4583005,in-call,2970,31.4426137584,34.4169909633
050-9650338,out-call,2375,31.4216687069,34.3715654777
050-6870495,in-call,71,31.4316469796,34.3932380601
050-3068801,out-call,21,31.4547194828,34.407581425
050-6295383,in-call,96,31.42278377,34.3630214432
