phone_number,call_type,call_duration,call_location_longitude,call_location_latitude
050-3194594,out-call,1081,31.4754647908,34.4284363145
050-9322121,in-call,3584,31.4124361372,34.377309614
050-9008989,in-call,904,31.4342898781,34.3929952349
050-3163608,out-call,1644,31.4342067054,34.3873915357
050-2249615,in-call,64,31.449940797,34.428372364
050-9033383,out-call,81,31.4594536567,34.4226527168
