phone_number,call_type,call_duration,call_location_longitude,call_location_latitude
050-3020374,out-call,245,31.4234617304,34.3585284665
050-1501539,in-call,100,33.8830116202,35.5120624464
050-1575515,in-call,745,33.8804399171,35.5116179504
050-6204847,in-call,2911,31.4208802265,34.3784258877
050-7931981,out-call,111,31.4435069693,34.401966985
050-8585159,in-call,681,31.4944949542,34.4542667219
050-7829149,in-call,3324,31.4862247203,34.440399499
050-4641930,out-call,80,33.8774076835,35.5102597313
050-3595609,in-call,2817,33.8789795334,35.5126897472
