phone_number,call_type,call_duration,call_location_longitude,call_location_latitude
050-4440508,out-call,120,31.4108699324,34.3594451051
050-7320250,out-call,117,31.4683094974,34.4169512743
050-1459657,out-call,372,31.4535964757,34.4005379788
050-9029798,in-call,86,31.4472539385,34.407300472
050-1020264,out-call,82,31.4338601973,34.3805799963
050-7695399,out-call,96,31.5072205455,34.4757081507
050-3379385,out-call,10,31.4094671808,34.3691960917
050-9204069,in-call,2615,31.4430953108,34.4121820294
