phone_number,call_type,call_duration,call_location_longitude,call_location_latitude
050-6912552,out-call,43,31.430431935,34.3899711153
050-3072230,out-call,30,31.4354442483,34.4127691227
050-8814432,out-call,45,31.4496908074,34.4121099007
050-5317347,in-call,855,31.3970495199,34.3503413738
050-8838729,out-call,119,31.4610094502,34.4162782893
050-8988979,out-call,19,31.4739354543,34.4146427486
