phone_number,call_type,call_duration,call_location_longitude,call_location_latitude
050-4481673,in-call,2780,33.8852802005,35.5095118799
050-2816613,out-call,10,31.4580397291,34.4304864698
050-9915793,in-call,100,31.4691730429,34.4302045875
050-1169699,out-call,88,31.4350573422,34.3900580067
050-8989226,out-call,2624,33.8837473333,35.5081139838
