phone_number,call_type,call_duration,call_location_longitude,call_location_latitude
050-2490355,in-call,46,31.4149395878,34.3746390389
050-7957366,in-call,14,31.4195784517,34.3756169696
050-5745180,in-call,124,31.4622576222,34.4361056466
050-2326806,in-call,788,31.4435397643,34.4056608118
050-5115288,out-call,26,31.3740420715,34.3381183071
050-1581717,out-call,56,31.4402543439,34.3934299047
