phone_number,call_type,call_duration,call_location_longitude,call_location_latitude
050-7995033,out-call,78,31.443072873,34.4094196
050-1596220,in-call,58,31.408423327,34.3637341282
050-8292089,out-call,563,33.8834520973,35.5068200008
050-6901323,out-call,13,33.8876077086,35.5107273778
050-7070174,in-call,28,31.4593190357,34.4098760062
050-1029213,out-call,693,31.4507110925,34.422359234
050-4045614,out-call,1444,33.8785593276,35.5111254658
050-9795168,in-call,1553,31.4787533525,34.4431180219
