phone_number,call_type,call_duration,call_location_longitude,call_location_latitude
050-4092265,in-call,2275,31.4880066981,34.4522463366
050-2488804,out-call,927,31.3918030263,34.3554734543
050-9183973,in-call,1109,33.8792505455,35.504544022
050-5184199,in-call,3166,31.458167403,34.4282978539
050-1010559,in-call,2674,33.8813578444,35.5067912534
050-8416994,in-call,2131,31.441752943,34.3994888299
