phone_number,call_type,call_duration,call_location_longitude,call_location_latitude
050-4159256,out-call,2641,33.8878588277,35.5116187241
050-9241078,in-call,3196,31.4523328268,34.3953586231
050-4342413,in-call,18,31.4445213101,34.4000268383
050-7820706,in-call,1697,33.8813559906,35.5103534945
050-6227660,in-call,2301,31.4917420079,34.4530823585
050-3525000,in-call,68,33.8823471003,35.5128135319
