phone_number,call_type,call_duration,call_location_longitude,call_location_latitude
050-2717810,in-call,107,31.4725248164,34.43393413
050-5052392,in-call,1768,31.439761873,34.3841652973
050-9822002,out-call,1793,31.4355452759,34.3938635884
050-6735379,in-call,3166,31.4330062212,34.3853960628
050-1896484,in-call,489,31.4034458582,34.3726274846
050-4385355,in-call,16,31.4530757281,34.4085422369
050-2743221,out-call,2490,31.4492524274,34.4329127244
050-7808722,in-call,780,31.4650074039,34.4322835616
