phone_number,call_type,call_duration,call_location_longitude,call_location_latitude
050-4465734,out-call,2473,31.4281026011,34.3867548436
050-7013121,in-call,2849,31.4343366261,34.3863326665
050-4763824,in-call,15,31.4713688168,34.4272623983
050-1537845,out-call,1189,31.45231902,34.4225338314
050-3189738,in-call,56,31.3988381799,34.3688358916
050-2052397,in-call,71,33.8848981972,35.5140027148
