phone_number,call_type,call_duration,call_location_longitude,call_location_latitude
050-9482968,out-call,80,31.4128067383,34.3657617229
050-6612104,out-call,2430,31.4226112231,34.3789608319
050-3616186,out-call,2597,31.4378455697,34.4148525741
050-1180576,out-call,1450,31.4122148798,34.3712563911
050-4652577,in-call,24,31.4095200645,34.356114739
050-4392304,in-call,20,31.4411317502,34.3983054212
050-6648755,out-call,1133,31.4312842086,34.3869463981
050-2140889,in-call,119,31.4476262995,34.3987475466
050-9292853,in-call,69,31.4498451678,34.4088947525
