phone_number,call_type,call_duration,call_location_longitude,call_location_latitude
050-4286951,out-call,119,33.8842432364,35.5051773069
050-2586892,out-call,88,33.8847523484,35.5105315075
050-2229874,out-call,89,33.8901844419,35.5108910659
050-4432774,in-call,2929,31.4250379168,34.3770307253
050-4703795,out-call,512,31.4223657478,34.3544783438
050-2589033,in-call,111,31.434086951,34.3875937215
050-5592663,in-call,88,33.881204305,35.5105292403
