phone_number,call_type,call_duration,call_location_longitude,call_location_latitude
050-9434414,in-call,231,31.4272799237,34.3825051182
050-1227976,out-call,1808,31.4444442839,34.3978159139
050-9388476,out-call,86,31.4412344687,34.3934290611
050-6010007,out-call,26,31.4164069841,34.381969104
050-9568710,out-call,3346,31.4126625149,34.3637120755
050-2280021,in-call,79,31.470041333,34.4386715876
050-5420186,out-call,2202,31.4820350482,34.4469639742
