phone_number,call_type,call_duration,call_location_longitude,call_location_latitude
050-7519244,out-call,492,31.4686635163,34.4269958828
050-6040466,out-call,118,31.3905597472,34.3394133332
050-8351477,out-call,1408,31.4064837575,34.3688368692
050-4704062,out-call,72,31.4358237454,34.4064673806
050-4031045,out-call,2050,31.4881079534,34.4449373792
