phone_number,call_type,call_duration,call_location_longitude,call_location_latitude
050-2427567,in-call,1926,31.4528667481,34.403808201
050-2961035,out-call,35,31.4095417334,34.3636509384
050-7446716,in-call,1484,31.4725204257,34.4373772107
050-8239118,out-call,768,31.4669170826,34.4075971412
050-7009692,out-call,104,31.4459566948,34.3843332301
