phone_number,call_type,call_duration,call_location_longitude,call_location_latitude
050-4817199,out-call,98,31.4417814299,34.4096082206
050-5679890,out-call,1792,31.4720136493,34.4374203154
050-4401110,out-call,117,31.4681604827,34.4125878136
050-3359522,out-call,32,31.4566949022,34.3963072311
050-5761080,out-call,186,31.410084696,34.3587359359
050-2460972,in-call,40,31.4700519807,34.4351081701
050-6546690,in-call,52,31.3664608366,34.3142130868
050-3301960,in-call,115,31.4417307849,34.4075239434
