phone_number,call_type,call_duration,call_location_longitude,call_location_latitude
050-1638942,out-call,61,31.4376129525,34.4087917388
050-5356461,out-call,53,31.4274057779,34.3904680893
050-1217814,in-call,2653,31.4690592875,34.418902805
050-4884193,in-call,3431,31.4012480996,34.3674617045
050-2406172,in-call,16,31.4018197052,34.369622162
