phone_number,call_type,call_duration,call_location_longitude,call_location_latitude
050-4032175,out-call,110,31.41164649,34.3857062115
050-8744884,in-call,88,31.4541759213,34.4175421123
050-4625472,in-call,59,31.4714116217,34.4458732949
050-8816200,in-call,82,31.4544557455,34.4193507941
050-7041672,out-call,1136,31.4164069841,34.381969104
050-8424486,in-call,113,31.3929062524,34.3480933443
050-7363639,in-call,95,31.4811622941,34.4471819265
050-7962415,out-call,444,31.426565578,34.3823247089
050-6154704,in-call,114,31.4455235267,34.4244824027
