phone_number,call_type,call_duration,call_location_longitude,call_location_latitude
050-1913404,in-call,1212,31.4676086182,34.4196276617
050-7997891,in-call,76,31.4967405151,34.4794544565
050-9495245,out-call,3557,31.4492357488,34.4109555703
050-8759460,in-call,2500,31.459214524,34.4287578538
050-2232836,in-call,186,31.4280521962,34.3936965787
050-7415588,out-call,112,31.4146870362,34.3630119765
