phone_number,call_type,call_duration,call_location_longitude,call_location_latitude
050-8967685,out-call,3085,31.3801771132,34.3377823237
050-8554456,out-call,111,31.4424307804,34.3976561012
050-7880895,in-call,31,31.4736520256,34.4527807968
050-1244464,out-call,2181,31.4502967897,34.3996339587
050-4104191,out-call,42,31.4329151105,34.392096917
050-2404828,in-call,2703,31.4230708646,34.3889165251
050-9922809,in-call,3229,31.4265688589,34.378485471
050-1269492,out-call,18,31.4229387972,34.3793091015
