phone_number,call_type,call_duration,call_location_longitude,call_location_latitude
050-2055264,in-call,46,31.4414446003,34.3964694492
050-6299671,out-call,246,31.4296057051,34.381293922
050-3457181,in-call,108,31.4513715989,34.4026568319
050-4450106,in-call,100,31.4229072051,34.3989254206
050-7552341,out-call,1263,31.4590456815,34.4093410523
