phone_number,call_type,call_duration,call_location_longitude,call_location_latitude
050-4496607,out-call,74,31.4428240772,34.4018594596
050-5458533,in-call,58,31.433157463,34.3934557264
050-3535112,out-call,81,31.4286625298,34.3774556784
050-6596138,out-call,2183,31.3995935618,34.3528771803
050-7147480,out-call,519,31.4198060363,34.3752702602
050-8144273,out-call,112,31.4551839021,34.4110930183
050-9063857,in-call,1620,31.4041821889,34.3507120702
050-4193454,in-call,117,31.4359413937,34.3858251665
050-8624149,in-call,109,31.4205623273,34.3887775519
