phone_number,call_type,call_duration,call_location_longitude,call_location_latitude
050-4443013,in-call,3319,31.4303847815,34.3803185023
050-2823199,out-call,2818,31.4763176269,34.4438095981
050-2980781,out-call,100,31.4240325584,34.3748942881
050-5098507,out-call,2931,31.4148519665,34.3835109863
050-1843260,in-call,65,31.3970495199,34.3503413738
