phone_number,call_type,call_duration,call_location_longitude,call_location_latitude
050-7466655,in-call,84,31.424165135,34.3960623978
050-4244516,out-call,102,31.4066694716,34.3540435788
050-9572966,out-call,14,31.459612986,34.4281188883
050-2812309,out-call,18,31.4863581344,34.4585572384
050-3913068,in-call,1512,31.4599066813,34.3981917651
050-1445998,in-call,75,31.4947609646,34.4573748308
050-2109232,in-call,1185,31.4285906473,34.3846774369
