phone_number,call_type,call_duration,call_location_longitude,call_location_latitude
050-1173537,out-call,24,31.4206165758,34.377109722
050-4268652,in-call,661,31.4746309247,34.4263439196
050-9480162,out-call,10,31.4539285385,34.3901144104
050-1019047,in-call,386,31.4658315692,34.4160699081
050-2608015,in-call,199,31.4670670807,34.4244499313
050-6254883,out-call,85,31.4101426172,34.3669617537
