phone_number,call_type,call_duration,call_location_longitude,call_location_latitude
050-1557548,in-call,1617,31.4660238299,34.4400506412
050-4353110,out-call,3594,31.4534740494,34.4187171902
050-6265094,out-call,2521,31.4709407713,34.4184451058
050-1715110,out-call,1968,31.4375265166,34.4011492753
050-1377924,in-call,2564,31.407860312,34.3712366872
050-1900470,in-call,2130,31.4360120553,34.3974734394
050-6780083,out-call,3365,31.4364713226,34.4090834577
