phone_number,call_type,call_duration,call_location_longitude,call_location_latitude
050-2142057,out-call,3094,31.396580204,34.3511668013
050-9812757,out-call,1669,31.4579553253,34.4216646127
050-8624295,out-call,51,31.4221576392,34.3950266347
050-3254000,out-call,57,31.4343755799,34.3796441597
050-1454292,in-call,2674,31.450237889,34.4158146935
050-1320056,out-call,3188,31.4825725399,34.4446745261
050-6561248,in-call,2837,31.4397545239,34.4129681032
