phone_number,call_type,call_duration,call_location_longitude,call_location_latitude
050-2643564,out-call,48,31.4614116378,34.431261264
050-6356150,in-call,62,31.459214524,34.4287578538
050-8387959,in-call,93,31.4373128631,34.4005317819
050-3720941,in-call,106,31.4428811642,34.4068842994
050-4656906,out-call,22,31.4795464285,34.4569788473
