phone_number,call_type,call_duration,call_location_longitude,call_location_latitude
050-9492766,in-call,74,31.5004802813,34.4545625226
050-6557369,in-call,3460,31.4725204257,34.4373772107
050-8837995,in-call,44,31.4589983388,34.4118862978
050-4507419,out-call,59,31.4324136542,34.395363038
050-5484509,in-call,112,31.4526381341,34.411965041
050-6431682,in-call,27,31.3962163534,34.3571136526
050-4204961,out-call,88,31.4590286771,34.4281576225
