phone_number,call_type,call_duration,call_location_longitude,call_location_latitude
050-3675082,out-call,276,31.4254608507,34.3690448484
050-9570214,in-call,17,31.4334475071,34.3976108573
050-9159536,out-call,74,31.4263390802,34.3940762208
050-6320955,in-call,3033,31.4491517202,34.405015392
050-5812539,out-call,2877,31.4324802873,34.4022318141
050-7902811,in-call,2801,31.4377019591,34.4024286975
050-1592217,in-call,1470,31.4604231652,34.423643205
