phone_number,call_type,call_duration,call_location_longitude,call_location_latitude
050-5276168,out-call,450,31.4628207356,34.4269720878
050-1437147,out-call,1199,31.4533236901,34.4159809904
050-6816539,out-call,93,31.4287848129,34.4150182189
050-5323687,out-call,748,31.4490144058,34.4025651755
050-1800278,in-call,456,31.4394479591,34.4018566248
050-7417018,in-call,902,31.4590759767,34.4167574503
050-6468402,in-call,1074,31.4621831355,34.4151443528
