phone_number,call_type,call_duration,call_location_longitude,call_location_latitude
050-7119897,out-call,2786,31.4434016511,34.40710421
050-6713660,out-call,682,31.4557757682,34.4071682006
050-5182483,in-call,59,31.4578511881,34.4300713866
050-4750353,in-call,911,31.4376077298,34.3965700118
050-7345002,in-call,40,31.4070318497,34.3702843457
050-1797189,in-call,100,31.452743567,34.3959797795
050-5666251,out-call,2941,31.4536394951,34.4098504665
050-3607747,in-call,1407,31.4044811358,34.3626596671
050-9946075,in-call,13,31.4156990221,34.3824939225
