phone_number,call_type,call_duration,call_location_longitude,call_location_latitude
050-5092813,in-call,1648,31.4413279376,34.4079374794
050-4522449,out-call,2184,31.4579724447,34.424904521
050-4018735,in-call,636,31.3953101605,34.3500296905
050-8607286,out-call,364,31.4417736112,34.3866366484
050-1067085,out-call,112,31.4399104897,34.3925288506
050-3180164,out-call,385,31.4483951377,34.4008859664
050-7913297,out-call,1871,31.4361078633,34.3886873464
050-6365853,in-call,3549,31.4531212413,34.4182240811
