phone_number,call_type,call_duration,call_location_longitude,call_location_latitude
050-6699176,in-call,2660,31.4216687069,34.3715654777
050-3451765,out-call,55,31.4252036495,34.407933152
050-3718456,in-call,2224,31.4931039038,34.4531510378
050-9162583,out-call,49,31.4270211801,34.3869089837
050-9536060,out-call,1421,31.4739419802,34.4332094122
050-4595766,out-call,18,31.4328302736,34.4026253243
050-1503031,in-call,114,31.4552914732,34.4361376431
050-4293354,in-call,33,31.4274519063,34.365956613
050-3581636,in-call,48,31.4298552759,34.3811663403
