phone_number,call_type,call_duration,call_location_longitude,call_location_latitude
050-2759039,in-call,94,31.4567895488,34.4294279213
050-4615145,out-call,182,31.4528927719,34.4097828148
050-7190954,out-call,431,31.5165489199,34.4724668548
050-3551791,out-call,1759,31.4534621768,34.4130484109
050-1450793,in-call,115,31.3942298761,34.366059609
050-3010512,in-call,3088,31.4557201276,34.4164891869
