phone_number,call_type,call_duration,call_location_longitude,call_location_latitude
050-3789555,in-call,45,31.4144374226,34.3771261478
050-9753067,out-call,2961,31.3955844173,34.3475590751
050-8175782,in-call,2144,31.4350023854,34.3951597041
050-1997369,in-call,28,31.4282348917,34.3873877402
050-8437213,in-call,62,33.8860735484,35.5124716988
050-4541874,out-call,3136,33.8826202938,35.5110436376
050-6228916,out-call,286,33.8906456401,35.5186339598
