phone_number,call_type,call_duration,call_location_longitude,call_location_latitude
050-5599285,in-call,18,31.4394624423,34.3927477887
050-4972267,in-call,2251,31.4136245639,34.3737140905
050-2201473,in-call,3332,31.4543971611,34.4186678814
050-5313703,out-call,10,31.405614049,34.3618339569
050-9954563,out-call,11,31.4598308479,34.4163727959
050-6853086,in-call,1234,31.4727354024,34.4441666346
050-8145176,out-call,2525,31.4739884871,34.424485797
