phone_number,call_type,call_duration,call_location_longitude,call_location_latitude
050-7622800,in-call,15,31.4377213336,34.391219961
050-8564005,in-call,818,31.4594783727,34.4168733462
050-1638256,in-call,45,31.4645257306,34.4294261894
050-8890933,out-call,59,31.4199610808,34.3681129277
050-6933263,out-call,591,31.4227936689,34.3921045219
050-7012680,out-call,1133,31.4469437083,34.394191048
