phone_number,call_type,call_duration,call_location_longitude,call_location_latitude
050-5265294,out-call,44,31.4188562952,34.3795541271
050-4716966,in-call,119,31.3955182412,34.3628378227
050-8117380,out-call,116,31.4013462001,34.3528787307
050-9584656,in-call,115,31.4292614852,34.3851909391
050-6355309,out-call,1132,31.4507233059,34.3959364741
050-2765852,in-call,345,31.4852476739,34.4319475085
050-1809252,in-call,1894,31.4244997954,34.3739932644
050-4658851,out-call,90,31.4499574632,34.4207265525
050-5486464,in-call,55,31.3919152749,34.3383940151
