phone_number,call_type,call_duration,call_location_longitude,call_location_latitude
050-1460240,in-call,3251,31.4415231845,34.4064489916
050-8060084,out-call,2930,33.8844554437,35.5115441533
050-7193144,out-call,103,31.4273493156,34.3867546708
050-4717014,in-call,2074,33.8806854758,35.5128257331
050-9421765,in-call,54,33.8856569865,35.510708295
050-4269671,out-call,113,31.4252036495,34.407933152
050-7393390,in-call,57,31.4995224208,34.4550792999
