phone_number,call_type,call_duration,call_location_longitude,call_location_latitude
050-4695249,in-call,53,31.4432433929,34.4112630802
050-1133918,out-call,1942,31.4255569968,34.3954853945
050-2875553,out-call,2921,31.3976984124,34.3516839757
050-6501643,out-call,78,31.4047275013,34.3600928853
050-1572492,in-call,3303,31.4228470747,34.3798278544
050-2124507,in-call,646,31.4356438948,34.4030970706
050-7076858,in-call,17,31.4361136491,34.3879259533
