phone_number,call_type,call_duration,call_location_longitude,call_location_latitude
050-7151222,out-call,704,31.4436926181,34.4103172495
050-6888272,out-call,24,31.4798897176,34.4464253934
050-9060860,in-call,1051,31.4115981259,34.382431818
050-2145581,out-call,1096,31.3911069212,34.3581262507
050-2786960,in-call,2350,31.4057299224,34.3622096852
050-9920604,out-call,3048,31.4867827819,34.4369782785
050-9560971,out-call,30,31.4720287886,34.4328163332
