phone_number,call_type,call_duration,call_location_longitude,call_location_latitude
050-7910271,in-call,82,31.4347738073,34.3958910192
050-3641656,out-call,38,31.377686529,34.3283027711
050-2772855,in-call,362,33.8850002186,35.511804778
050-1887092,in-call,82,33.8882550459,35.5129220998
050-4885616,out-call,3182,31.43639984,34.389210044
