phone_number,call_type,call_duration,call_location_longitude,call_location_latitude
050-5288105,in-call,35,31.4273740225,34.3886812776
050-5706312,in-call,3305,31.4197441654,34.3689125623
050-1451167,out-call,1735,31.4495884051,34.4130758048
050-5155812,out-call,12,31.4298641922,34.3872072432
050-7057697,in-call,87,31.4500956555,34.4073083465
