phone_number,call_type,call_duration,call_location_longitude,call_location_latitude
050-8063852,out-call,414,31.4784057438,34.4486858605
050-8302887,out-call,51,33.8809236564,35.5124200351
050-4606099,out-call,110,33.8895301242,35.5113749646
050-8989235,in-call,392,33.8878129625,35.5152510611
050-2999381,in-call,14,33.8814974542,35.5082821038
