phone_number,call_type,call_duration,call_location_longitude,call_location_latitude
050-3649542,in-call,2834,31.4027752489,34.3730704149
050-7394120,out-call,28,31.4250157915,34.3797418551
050-8129877,out-call,95,31.3959791114,34.3428171805
050-9787533,in-call,110,31.4350023854,34.3951597041
050-5140356,out-call,74,31.4203472377,34.3874551965
050-1285761,out-call,1521,31.4608685678,34.4317251098
050-7995929,out-call,1951,31.4628841572,34.429054323
