phone_number,call_type,call_duration,call_location_longitude,call_location_latitude
050-6124759,in-call,3205,31.4450015693,34.3898419531
050-5360195,out-call,3414,31.4673947564,34.4336109404
050-5334888,in-call,3339,31.4786354778,34.4141242769
050-3022429,out-call,2080,31.4216687069,34.3715654777
050-1679140,out-call,1868,31.4243402385,34.3871451052
050-7086705,out-call,11,31.4432084733,34.3971354355
050-6267843,out-call,2982,31.4084481529,34.3700269725
050-4929927,out-call,824,31.4708206837,34.4096857845
