phone_number,call_type,call_duration,call_location_longitude,call_location_latitude
050-4874998,out-call,2466,33.8874312393,35.511271317
050-9412656,out-call,2243,31.4121169286,34.3768210292
050-8952481,in-call,1195,31.4403166956,34.3811340004
050-6576885,in-call,3399,33.8770850768,35.5085019404
050-7582616,out-call,1280,33.8817381493,35.5026226682
050-7148112,in-call,42,31.433590117,34.4005403224
050-6402398,out-call,1679,31.4390812709,34.4044036745
050-9325887,in-call,2483,33.8812007936,35.5119218913
050-3534321,in-call,107,33.8861117056,35.5096365036
