phone_number,call_type,call_duration,call_location_longitude,call_location_latitude
050-8256398,out-call,2645,31.4763062311,34.457041694
050-6729359,out-call,52,33.8854031578,35.5055469672
050-7957381,in-call,40,31.4294636552,34.4036290645
050-6574532,in-call,3576,33.8791659369,35.5112584824
050-6666028,out-call,2659,31.4320966074,34.3884014641
