phone_number,call_type,call_duration,call_location_longitude,call_location_latitude
050-8370391,in-call,109,31.4718959239,34.4384191488
050-2840204,out-call,818,31.450509462,34.4157609707
050-4000960,in-call,70,31.4611169985,34.4219156234
050-8767278,in-call,14,31.3872411938,34.3453027767
050-6435371,in-call,71,31.4817721265,34.4269176205
050-7101088,out-call,2406,31.4564223381,34.4131506594
050-8865240,out-call,58,31.4238947935,34.3746891962
050-2115550,out-call,3064,31.4491986116,34.4184698753
