phone_number,call_type,call_duration,call_location_longitude,call_location_latitude
050-9198747,in-call,202,31.4599219948,34.4318816621
050-7252686,in-call,111,31.439114515,34.4053991647
050-3960366,in-call,108,31.424165135,34.3960623978
050-2658476,out-call,118,31.4374856303,34.4002043354
050-3386329,in-call,3055,31.4370865375,34.3890681433
050-5038650,in-call,64,31.4212290421,34.3871022912
050-1159754,out-call,77,31.4663843916,34.4085594652
