phone_number,call_type,call_duration,call_location_longitude,call_location_latitude
050-1621113,out-call,1334,31.4623579225,34.4247650001
050-4356235,out-call,3090,31.3990131231,34.346951322
050-4884833,in-call,103,31.4440813955,34.4095535615
050-3121259,out-call,1466,31.4373989599,34.3890011431
050-6601855,in-call,3135,31.4094261637,34.3673010042
050-9833011,in-call,858,31.4234122993,34.3641210567
050-2991357,out-call,1233,31.420627133,34.3651292398
