phone_number,call_type,call_duration,call_location_longitude,call_location_latitude
050-2940921,out-call,3059,31.3882633506,34.3391515344
050-8317885,in-call,2514,31.4394624423,34.3927477887
050-3231848,in-call,640,31.4060824471,34.3393526917
050-8126721,out-call,60,31.4927285937,34.4452204685
050-5851562,out-call,116,33.8864778943,35.5108628612
