phone_number,call_type,call_duration,call_location_longitude,call_location_latitude
050-1358249,out-call,3116,31.4310190723,34.4020048135
050-1596051,in-call,1069,31.4234617304,34.3585284665
050-2067518,in-call,104,31.4321544616,34.3892648544
050-9689673,out-call,22,31.4386962461,34.383038054
050-7560444,out-call,1799,31.4098592796,34.3758426452
050-8122228,out-call,2961,31.4337389715,34.3890065522
050-8047815,out-call,3332,31.4350573422,34.3900580067
050-6907424,out-call,106,31.4855329928,34.4467328414
050-6995971,out-call,2924,31.4530289407,34.4026078813
