phone_number,call_type,call_duration,call_location_longitude,call_location_latitude
050-4861070,in-call,81,31.4362033242,34.415442703
050-4985908,in-call,68,31.4403036377,34.4099669201
050-8733823,out-call,95,31.4562885666,34.4299102303
050-7728265,out-call,2823,31.4604813173,34.4261147819
050-5774681,in-call,73,31.4124361953,34.3656169814
050-8584872,out-call,50,31.449940795,34.4010973292
050-4946340,out-call,111,31.4018245404,34.3546237004
050-6184997,in-call,64,31.4366931795,34.4044112845
