phone_number,call_type,call_duration,call_location_longitude,call_location_latitude
050-6867820,in-call,110,31.4349503724,34.412841453
050-7379168,in-call,28,31.4665697473,34.4383830502
050-4551720,out-call,591,31.4054025969,34.3545452064
050-6501498,in-call,44,31.4635522988,34.4289267086
050-2164297,in-call,38,31.4509874219,34.4170939269
050-6507799,in-call,118,31.444547963,34.40613642
050-2363691,out-call,1698,31.4134228421,34.3668842711
050-8401875,in-call,2831,31.4172688455,34.3731541346
050-6379050,in-call,118,31.4597024873,34.4075606204
