phone_number,call_type,call_duration,call_location_longitude,call_location_latitude
050-5143742,in-call,135,31.4306746324,34.3917597692
050-9394967,out-call,64,31.4414297821,34.3995441117
050-6397862,in-call,2932,31.4271230476,34.369059188
050-3815566,in-call,479,31.4570400396,34.4059553934
050-6578294,in-call,2794,31.4512733914,34.3995211563
050-4774336,in-call,988,31.3874179337,34.3531781601
050-7883951,in-call,1334,31.4588700926,34.4228717363
050-3596325,in-call,61,31.4442626527,34.392014446
