phone_number,call_type,call_duration,call_location_longitude,call_location_latitude
050-2954786,out-call,1341,31.4015824918,34.3619235403
050-3237352,in-call,3063,31.4028953186,34.365851259
050-7267542,in-call,2020,31.4622714312,34.4242099355
050-5155792,in-call,2860,31.48543808,34.4446918798
050-6939615,out-call,2957,31.4330081459,34.3805501389
050-5875329,in-call,75,31.4201105119,34.3767352666
050-6014981,in-call,1899,31.398973037,34.3603495875
050-2929733,out-call,3448,31.4807403777,34.4388196722
