phone_number,call_type,call_duration,call_location_longitude,call_location_latitude
050-5292301,in-call,38,31.4317323304,34.4007887232
050-5031850,in-call,2462,31.4951762022,34.4630286766
050-7462620,in-call,42,31.472852214,34.4449109394
050-9088066,out-call,51,31.4504057766,34.3954130559
050-5278239,out-call,636,31.48051404,34.4316910368
