phone_number,call_type,call_duration,call_location_longitude,call_location_latitude
050-9655357,out-call,50,31.4642893056,34.4158924608
050-5027237,out-call,63,31.4714048826,34.4395248991
050-6237215,out-call,516,31.3818173602,34.3348358889
050-6063629,in-call,23,31.4909607135,34.455116261
050-4516466,in-call,16,31.4496816865,34.4227417607
050-2054652,in-call,67,31.4368093285,34.3969589546
050-1090643,out-call,2328,31.4597313566,34.4092644974
