phone_number,call_type,call_duration,call_location_longitude,call_location_latitude
050-5086280,out-call,109,31.4249126665,34.3796952282
050-9403921,in-call,72,31.4389830527,34.3999908514
050-1517233,out-call,10,31.4659036592,34.4244679669
050-1982517,out-call,10,31.4568141086,34.3938404394
050-4638086,in-call,1789,31.4103930323,34.3765044855
050-3788478,out-call,1851,31.4575223183,34.4176979887
050-8169089,in-call,36,31.4527295077,34.420324714
050-1841029,out-call,60,31.4463790327,34.4106844012
