phone_number,call_type,call_duration,call_location_longitude,call_location_latitude
050-8142233,out-call,1510,31.4320583146,34.4157286153
050-3572456,in-call,910,31.4796247681,34.4342490607
050-1857374,in-call,1388,31.4016768079,34.3581777346
050-3609132,in-call,350,31.4453118708,34.4128712395
050-2367334,out-call,44,31.4610074772,34.4017903091
050-5586137,out-call,48,31.4383029642,34.3851326534
050-4053808,in-call,88,31.4247222687,34.3918661034
