phone_number,call_type,call_duration,call_location_longitude,call_location_latitude
050-8568597,in-call,108,33.8824971124,35.5020032405
050-5911142,in-call,108,31.4033349082,34.3606990443
050-5031489,in-call,1512,31.4254366846,34.3751616497
050-9887085,in-call,1370,31.446681482,34.4121616782
050-8449346,in-call,97,33.883279559,35.5059069771
