phone_number,call_type,call_duration,call_location_longitude,call_location_latitude
050-9235433,out-call,2718,31.4445814779,34.4127400818
050-2725136,out-call,3337,31.4523642478,34.4142821842
050-1656127,out-call,108,31.4445814779,34.4127400818
050-8838056,out-call,1573,31.4468043257,34.4099110363
050-1185308,out-call,78,31.3814133634,34.34359784
050-7946325,in-call,114,31.4339423723,34.3839456855
