phone_number,call_type,call_duration,call_location_longitude,call_location_latitude
050-2368421,in-call,94,31.4369151165,34.3995107745
050-9524969,out-call,82,31.4867827819,34.4369782785
050-2833811,in-call,1990,31.4947609646,34.4573748308
050-7676272,out-call,725,31.4458957423,34.4261453587
050-3070728,in-call,3037,31.4324136542,34.395363038
