phone_number,call_type,call_duration,call_location_longitude,call_location_latitude
050-6007823,out-call,2835,33.8896187069,35.5161120765
050-4566770,in-call,67,31.3962976258,34.3482523893
050-4374075,out-call,28,31.4094261637,34.3673010042
050-4139645,in-call,1342,31.4202510032,34.3612600814
050-1994280,in-call,612,31.4714048826,34.4395248991
050-3771001,in-call,76,31.4486467281,34.4270099577
