phone_number,call_type,call_duration,call_location_longitude,call_location_latitude
050-7717208,in-call,75,31.4459072351,34.3840288579
050-9638417,in-call,18,31.4201147022,34.3583972381
050-4915038,out-call,47,31.4731320168,34.42975729
050-8697396,in-call,1899,31.4490144058,34.4025651755
050-3946329,out-call,1198,31.4392320654,34.4045299563
050-7657753,in-call,116,31.4205108147,34.3884800686
050-6486902,out-call,2646,31.4207989652,34.3848506985
