phone_number,call_type,call_duration,call_location_longitude,call_location_latitude
050-9196917,in-call,3170,31.4846290349,34.4486685801
050-3503398,in-call,38,31.4164926984,34.3630160289
050-1295781,out-call,120,33.8790249454,35.5024716296
050-7633733,in-call,128,31.4541866064,34.3940161086
050-4869039,in-call,42,31.4626853055,34.4256274185
050-7641087,out-call,42,31.4506044667,34.4178692928
050-6024509,in-call,2483,31.4325504618,34.3959104792
