phone_number,call_type,call_duration,call_location_longitude,call_location_latitude
050-5288296,in-call,50,31.4362783975,34.3926603934
050-2011789,out-call,1668,31.4029241703,34.3816493683
050-6670659,in-call,78,31.4274134203,34.3958095211
050-3292119,in-call,58,31.4390812709,34.4044036745
050-4363643,in-call,2437,31.4615069605,34.4034530477
050-7111567,in-call,1732,31.4319293525,34.3843816323
050-7164942,out-call,2111,31.4481825713,34.4052595804
050-2874493,out-call,2674,31.4387552578,34.3911887821
