phone_number,call_type,call_duration,call_location_longitude,call_location_latitude
050-6853536,out-call,2872,33.8877859351,35.512154658
050-4795972,out-call,49,33.8849297538,35.5107968401
050-7413678,in-call,23,33.882809671,35.5058125843
050-8117630,out-call,26,33.8824971124,35.5020032405
050-1010430,in-call,92,31.4027668557,34.3598716101
