phone_number,call_type,call_duration,call_location_longitude,call_location_latitude
050-5391321,in-call,2494,31.4848330057,34.432157713
050-8071654,in-call,120,33.8847577293,35.5107551318
050-5534532,out-call,3181,31.4626591654,34.4251704859
050-1336704,in-call,2291,33.8819123574,35.5143823477
050-8996484,out-call,159,33.8805400236,35.5087815036
