phone_number,call_type,call_duration,call_location_longitude,call_location_latitude
050-3338324,in-call,12,31.4368306791,34.3953396487
050-6062677,out-call,84,31.4728091232,34.439368231
050-5997684,in-call,1321,31.4171048502,34.3707667277
050-1979785,out-call,2364,31.4366043608,34.3898860389
050-2308910,out-call,3178,31.4669206828,34.4237188214
050-2680294,out-call,27,31.4653839211,34.4218746673
050-5741672,in-call,110,31.4154068958,34.3765028837
050-7394855,out-call,750,31.4634251655,34.4125154898
