phone_number,call_type,call_duration,call_location_longitude,call_location_latitude
050-8250173,in-call,70,31.4557757682,34.4071682006
050-4025371,out-call,112,31.4788313006,34.4534143871
050-3749878,in-call,45,33.8842864634,35.5134379808
050-9219357,in-call,1718,31.489451099,34.4673313313
050-5603043,in-call,35,31.4507419592,34.3945441629
050-8360186,in-call,2492,31.4578511881,34.4300713866
050-9598339,in-call,48,33.8826890217,35.5136638524
050-8970962,in-call,20,31.4492809206,34.4369107381
