phone_number,call_type,call_duration,call_location_longitude,call_location_latitude
050-6539017,out-call,1999,31.4370578735,34.401063856
050-8599534,out-call,94,31.4656780333,34.4372299013
050-7194859,out-call,3264,31.4527262447,34.4082320596
050-7985348,out-call,71,31.4690948284,34.4581059048
050-8772458,in-call,2323,31.4709138278,34.4288319342
050-8545280,out-call,496,31.3954797265,34.3459285237
050-1677080,out-call,73,31.4425575391,34.4035336889
050-8963093,in-call,2984,31.470041333,34.4386715876
050-8630199,out-call,29,31.4660109683,34.4241014222
