phone_number,call_type,call_duration,call_location_longitude,call_location_latitude
050-2492475,in-call,76,31.4351014827,34.4011903619
050-9591531,in-call,79,31.4800723706,34.4445066969
050-7064177,out-call,47,31.4393863516,34.4034421816
050-3503962,in-call,31,31.464190881,34.4305371114
050-2638731,in-call,1281,31.4360976126,34.3991730018
