phone_number,call_type,call_duration,call_location_longitude,call_location_latitude
050-6376327,in-call,525,31.4172688455,34.3731541346
050-6109946,in-call,2146,31.4404670024,34.4041989903
050-4044105,out-call,107,31.436767422,34.401918099
050-1332402,in-call,2678,31.4795464285,34.4569788473
050-3948641,out-call,3399,31.4638147395,34.4278742217
050-2427191,out-call,2226,31.4245039603,34.3842397305
050-6167297,out-call,1854,31.4926564029,34.4464100745
