phone_number,call_type,call_duration,call_location_longitude,call_location_latitude
050-5974055,in-call,76,31.5142128365,34.4768988373
050-7448750,out-call,2521,31.4324136542,34.395363038
050-1183460,in-call,493,31.4659612533,34.430133844
050-8015095,out-call,2275,31.4755471706,34.4177675191
050-1695006,in-call,2153,31.432988001,34.3956295194
