phone_number,call_type,call_duration,call_location_longitude,call_location_latitude
050-5508830,in-call,49,31.4517543706,34.4085241991
050-2364593,out-call,1898,31.4644782941,34.4319742688
050-8443405,out-call,279,31.3663792616,34.3205151077
050-3746360,in-call,15,33.882514737,35.5025458832
050-9693829,in-call,2449,31.4525715165,34.4179409386
050-9153499,out-call,2039,33.880446782,35.5111754103
050-6285586,in-call,33,31.4594954621,34.4318962311
