phone_number,call_type,call_duration,call_location_longitude,call_location_latitude
050-7810988,in-call,73,31.4242296345,34.3975122109
050-4972183,in-call,2057,31.4163970229,34.3656060037
050-4846375,out-call,357,31.4531530388,34.4147613994
050-3005721,out-call,2075,31.4917243496,34.4634960429
050-5791586,out-call,2750,31.4274519063,34.365956613
050-7755895,out-call,3328,31.4425017303,34.407161783
