phone_number,call_type,call_duration,call_location_longitude,call_location_latitude
050-8414318,in-call,3516,31.4469102983,34.400210558
050-3629198,in-call,3219,31.4086131964,34.3802507149
050-3012500,in-call,15,31.4644782941,34.4319742688
050-9027442,out-call,88,31.4686783355,34.4249245549
050-1426970,out-call,90,31.4657560496,34.4201861507
050-4629693,in-call,47,31.4480864467,34.4089951296
050-7450161,in-call,54,31.4217470688,34.378938601
050-6059453,out-call,440,31.4234741045,34.38287912
