phone_number,call_type,call_duration,call_location_longitude,call_location_latitude
050-4017387,in-call,1998,31.4083594896,34.3702222622
050-9915499,out-call,446,31.4486467281,34.4270099577
050-2539498,out-call,1845,31.4635522988,34.4289267086
050-9372400,out-call,105,31.476539579,34.4655183079
050-7365139,out-call,22,31.4721225251,34.4288097545
050-5869503,in-call,46,31.4385660818,34.4045331197
