phone_number,call_type,call_duration,call_location_longitude,call_location_latitude
050-9099932,in-call,53,31.4279705896,34.3787156544
050-2145003,out-call,85,31.3818173602,34.3348358889
050-2186387,out-call,966,31.3971076322,34.3453284886
050-3491851,out-call,53,31.4272863106,34.4155282225
050-6616338,in-call,971,31.4469780968,34.3996771667
050-4677567,out-call,41,31.4515971663,34.4004830588
050-3402758,out-call,1503,31.4450778482,34.410562078
050-6475135,out-call,92,31.4541654899,34.4092172491
050-6806674,out-call,93,31.448620725,34.4071763466
