phone_number,call_type,call_duration,call_location_longitude,call_location_latitude
050-9246126,out-call,71,31.4874919804,34.45586573
050-1142421,in-call,2684,31.4884570722,34.4479550728
050-7812917,out-call,2826,31.4459275822,34.4147254406
050-1093174,in-call,81,31.4734010367,34.4326022203
050-6171353,out-call,119,31.4611978126,34.4316549868
050-3319579,out-call,1396,31.4268995354,34.3985080043
