phone_number,call_type,call_duration,call_location_longitude,call_location_latitude
050-3097209,out-call,59,31.4541708716,34.4053325431
050-6861636,in-call,2119,31.475953087,34.4400234902
050-1060433,out-call,1771,31.4476581989,34.3965507226
050-6729567,out-call,68,31.4735080488,34.4364930514
050-4968898,out-call,3303,31.4504658167,34.3900164687
050-6208159,in-call,708,31.4456094271,34.4032753243
050-5451184,out-call,45,33.8833538486,35.5103468893
