phone_number,call_type,call_duration,call_location_longitude,call_location_latitude
050-8621217,in-call,2226,31.4267865261,34.3626850737
050-7161179,out-call,1768,31.4199235194,34.3776264555
050-4281630,in-call,102,31.4402981817,34.4036533164
050-3024281,in-call,766,31.4681009779,34.4534471687
050-5187839,in-call,737,31.4121322016,34.3659443702
050-5756122,in-call,87,31.4499327204,34.4178237658
050-5095314,out-call,12,31.4229654148,34.382763868
050-3563476,in-call,44,31.4392780346,34.3936713542
050-8448242,out-call,1841,31.4366372236,34.3931231723
