phone_number,call_type,call_duration,call_location_longitude,call_location_latitude
050-4314517,in-call,104,31.423382242,34.3825254337
050-7501359,in-call,34,33.8866057445,35.5100365483
050-9793435,in-call,29,31.4247369986,34.382140533
050-8734455,in-call,117,33.8836014538,35.503236451
050-9018352,out-call,56,31.4587017149,34.4074920894
