phone_number,call_type,call_duration,call_location_longitude,call_location_latitude
050-6652270,in-call,44,31.4507233059,34.3959364741
050-4490801,in-call,33,31.4660109683,34.4241014222
050-3406374,out-call,48,31.4424611568,34.405044181
050-1368069,in-call,676,31.4206165758,34.377109722
050-5859504,out-call,476,31.4463441141,34.401300452
050-7879561,in-call,85,31.4508676805,34.3815360571
050-8925363,out-call,1255,31.4285189292,34.3919437979
050-5503490,out-call,113,31.4385034977,34.4088708815
