phone_number,call_type,call_duration,call_location_longitude,call_location_latitude
050-6615465,in-call,115,31.4035530046,34.3711715199
050-4484281,out-call,329,31.4069497354,34.360315644
050-9603119,out-call,70,31.4319389145,34.4114366705
050-2203134,in-call,13,31.4428240772,34.4018594596
050-8389299,in-call,665,31.4302800947,34.3985248286
050-7382999,in-call,19,31.3968166739,34.3452622092
