phone_number,call_type,call_duration,call_location_longitude,call_location_latitude
050-4796002,out-call,64,31.4663182069,34.4306212033
050-8949152,out-call,3379,31.4166420368,34.3803555316
050-9383579,in-call,1486,31.3826300533,34.3423686726
050-5618521,in-call,2676,31.4455609687,34.4030040488
050-3749894,in-call,1260,31.4547191626,34.4199066315
050-2024485,in-call,80,31.4197989604,34.3790844538
