phone_number,call_type,call_duration,call_location_longitude,call_location_latitude
050-5324141,in-call,3598,31.4111773863,34.3785072063
050-7476279,out-call,1153,31.396939078,34.3643326625
050-8065527,out-call,107,33.8841331542,35.5149698428
050-3488284,out-call,38,31.4208030351,34.37708527
050-4089718,out-call,3021,31.4499574632,34.4207265525
