phone_number,call_type,call_duration,call_location_longitude,call_location_latitude
050-6540395,in-call,3170,31.4217307159,34.3790771757
050-1034012,in-call,1546,31.4553556195,34.4048359694
050-7279627,in-call,100,31.4430295012,34.4045795349
050-9616022,in-call,3362,31.4585401141,34.416253873
050-7850194,in-call,115,31.4731781704,34.4116000353
050-2171658,in-call,109,31.4449883696,34.3869883658
050-4631628,out-call,43,31.4280212109,34.3860874204
