phone_number,call_type,call_duration,call_location_longitude,call_location_latitude
050-3000911,in-call,754,31.4487904826,34.4097707052
050-9516477,in-call,26,31.4219480519,34.3784227691
050-3794099,out-call,2874,31.4165139718,34.3759752928
050-7619420,in-call,3019,31.4484623529,34.4023049679
050-9861591,in-call,83,31.4325321239,34.3986625996
050-4220225,in-call,1077,31.4021572897,34.3428009141
