phone_number,call_type,call_duration,call_location_longitude,call_location_latitude
050-4368408,out-call,3318,31.4681831927,34.4188164461
050-6269301,out-call,290,31.4886303022,34.4501922892
050-3097561,out-call,51,31.415541026,34.3847998075
050-1546411,out-call,82,31.4170934167,34.3753667755
050-1570422,in-call,119,31.4683094974,34.4169512743
050-6886540,out-call,108,31.4988928295,34.4594361682
