phone_number,call_type,call_duration,call_location_longitude,call_location_latitude
050-6435762,out-call,68,31.4370865375,34.3890681433
050-1722500,in-call,119,31.4068895496,34.3834727417
050-7812965,in-call,2274,31.4690201513,34.4099908409
050-4380963,out-call,3499,31.4298531895,34.3811824386
050-9510767,in-call,83,31.4234741045,34.38287912
050-9021074,out-call,36,31.3912179258,34.3657536814
