phone_number,call_type,call_duration,call_location_longitude,call_location_latitude
050-4352819,in-call,1959,31.4061002442,34.3792825441
050-4460973,in-call,109,31.4154064745,34.3633972984
050-6145097,in-call,3108,31.4255203763,34.3907855802
050-4806870,out-call,1900,31.4180142852,34.3704703342
050-9363248,in-call,21,31.4328246831,34.4008880581
050-4243063,in-call,3301,31.4352487867,34.3912315528
050-5985285,out-call,54,31.3734204183,34.3336539471
050-6588005,out-call,3203,31.4503235843,34.4030597796
