phone_number,call_type,call_duration,call_location_longitude,call_location_latitude
050-9885005,out-call,75,31.4488178198,34.4056162054
050-8392188,in-call,2188,31.4476725772,34.4056346551
050-9928297,out-call,2796,31.4369184749,34.3752994112
050-9410826,in-call,2091,31.3975874408,34.3458821119
050-7974839,out-call,1378,31.4788968009,34.4380144718
