phone_number,call_type,call_duration,call_location_longitude,call_location_latitude
050-6135693,out-call,47,31.4720600008,34.4313952734
050-1323171,in-call,2205,31.4055031208,34.3544080705
050-7533687,in-call,21,31.4810663705,34.4499725096
050-3138161,out-call,250,31.4675736826,34.4102906692
050-2897332,out-call,1903,31.4281565337,34.3766017933
050-4440301,out-call,13,31.4242296345,34.3975122109
050-7354420,in-call,3196,31.4267452812,34.3917126187
050-4056171,in-call,60,31.3968166739,34.3452622092
