phone_number,call_type,call_duration,call_location_longitude,call_location_latitude
050-7765606,out-call,28,31.4595953748,34.4264903938
050-1729411,in-call,3444,31.458207999,34.4216572378
050-7161765,in-call,84,31.4394444886,34.3925326706
050-9689343,in-call,80,31.4681714597,34.4273712129
050-7047731,out-call,60,31.4335695088,34.3965758315
050-8379343,out-call,430,31.4405829295,34.3955467348
050-6899419,in-call,3434,31.4364713226,34.4090834577
050-1559995,in-call,87,31.458072365,34.4195976785
050-9122883,in-call,226,31.4268571049,34.3913128221
