phone_number,call_type,call_duration,call_location_longitude,call_location_latitude
050-4643127,out-call,1070,31.4164069841,34.381969104
050-7162504,in-call,925,31.3933582673,34.3622699513
050-7625927,out-call,89,31.4427063213,34.4262544952
050-8563885,in-call,2003,31.4501962046,34.4045258082
050-8734952,out-call,1241,31.4597938432,34.4241767136
050-2886205,out-call,89,31.403879035,34.3708077264
050-1839640,in-call,1440,31.4499817867,34.3992943621
