phone_number,call_type,call_duration,call_location_longitude,call_location_latitude
050-8042566,out-call,1823,31.4379389404,34.4008376262
050-5833922,out-call,634,31.4536892756,34.410719817
050-8136096,in-call,95,31.461902706,34.4229309081
050-7115310,in-call,1841,31.4564948236,34.412144439
050-6988113,in-call,1708,31.4156721541,34.3759124
050-5315301,out-call,33,31.4237112848,34.3874521496
