phone_number,call_type,call_duration,call_location_longitude,call_location_latitude
050-6113560,in-call,2984,31.4364140132,34.3843850545
050-5330143,out-call,2359,31.4065795659,34.3602877311
050-1773931,in-call,73,33.8789459535,35.5102535545
050-9012721,in-call,24,31.4395457779,34.3953719985
050-4355816,out-call,52,31.4491360675,34.3972262463
050-5403417,out-call,463,31.4379140476,34.4182701511
050-9422508,out-call,78,33.8836064356,35.5096230737
