phone_number,call_type,call_duration,call_location_longitude,call_location_latitude
050-6395670,out-call,383,31.4643545335,34.4361967561
050-2691905,in-call,512,31.4417814299,34.4096082206
050-3876764,out-call,377,31.4320137022,34.4039036443
050-4745051,in-call,50,31.4033158456,34.3664947833
050-2442154,out-call,2034,31.4360265018,34.4006090514
050-7914122,in-call,2082,31.4768443568,34.4459925553
