phone_number,call_type,call_duration,call_location_longitude,call_location_latitude
050-5258737,in-call,2600,31.4167321657,34.3646415935
050-1816889,out-call,3121,31.431167726,34.4043563954
050-6512031,in-call,113,31.4500956555,34.4073083465
050-8290153,out-call,1178,31.4711475992,34.4343656841
050-1006047,out-call,83,31.4232930912,34.3865325425
