phone_number,call_type,call_duration,call_location_longitude,call_location_latitude
050-5952760,out-call,83,31.4388351688,34.3997978812
050-5394307,out-call,61,33.8842150295,35.5128295233
050-1078022,in-call,105,31.4949017992,34.4624802207
050-8609528,out-call,73,31.4452668739,34.4125530887
050-1986042,in-call,326,33.8890672179,35.5159908945
050-9568086,out-call,30,33.8875885744,35.5108814699
