phone_number,call_type,call_duration,call_location_longitude,call_location_latitude
050-9995925,out-call,86,31.4324339179,34.3778357123
050-5050846,out-call,1641,31.4604031966,34.4083969255
050-9300393,out-call,307,31.4589983388,34.4118862978
050-2957067,in-call,28,31.4352167789,34.3846216772
050-8793501,in-call,114,31.4660948015,34.4255305734
050-8838625,out-call,65,31.4318951013,34.3807039912
