phone_number,call_type,call_duration,call_location_longitude,call_location_latitude
050-8101216,in-call,170,31.3959921222,34.3562968248
050-6120732,out-call,1014,33.888534146,35.5093968522
050-1167095,in-call,62,31.3933240601,34.3331681426
050-8806185,out-call,2670,31.4182658071,34.3772643784
050-8704237,out-call,25,31.4573530984,34.4040735141
