phone_number,call_type,call_duration,call_location_longitude,call_location_latitude
050-6924032,out-call,87,31.4921147672,34.4672942456
050-8531900,in-call,118,31.4425379432,34.384647715
050-4111002,in-call,3420,31.4302789439,34.3925667387
050-1711328,out-call,3270,31.4644729668,34.4292168669
050-6208641,out-call,2603,31.4394624423,34.3927477887
050-3141492,out-call,49,31.4931039038,34.4531510378
050-4459591,out-call,75,31.4757312683,34.4292146926
050-9658200,out-call,13,31.3743443739,34.3243816379
050-5410151,in-call,90,31.4329908417,34.3924601084
