phone_number,call_type,call_duration,call_location_longitude,call_location_latitude
050-1351128,out-call,108,31.4791258994,34.4461163409
050-6179457,out-call,75,31.4147226496,34.3677541825
050-2819822,out-call,43,31.43244372,34.3901997641
050-8777592,in-call,113,31.4328757043,34.3912298939
050-5164435,out-call,111,31.423826483,34.3768784905
