phone_number,call_type,call_duration,call_location_longitude,call_location_latitude
050-9179536,out-call,1259,31.4321976844,34.3893850907
050-7720568,in-call,973,31.403594584,34.3444797795
050-9153054,out-call,3343,33.8861624112,35.507378196
050-5415236,in-call,20,31.486728292,34.4513258725
050-1041969,in-call,35,31.398973037,34.3603495875
050-4189310,in-call,25,31.4251599641,34.384419532
050-7900122,in-call,79,31.4117199462,34.3843900652
050-6006804,out-call,95,33.8813088085,35.5110901548
050-5595767,out-call,99,33.8849574696,35.5137722219
