phone_number,call_type,call_duration,call_location_longitude,call_location_latitude
050-1415834,in-call,1649,31.4091155999,34.3528915097
050-1279111,out-call,17,31.4595953748,34.4264903938
050-4082418,out-call,1509,31.4485726317,34.4078542486
050-1868279,in-call,79,31.431881173,34.425172537
050-7204477,in-call,1564,31.3881820733,34.3539920682
050-5375117,in-call,82,31.4717161641,34.4212865208
050-3142129,in-call,759,31.4328930132,34.3965633923
050-9874633,in-call,2263,31.4486211199,34.4065354643
050-3403227,out-call,81,31.4149407281,34.3895839884
