phone_number,call_type,call_duration,call_location_longitude,call_location_latitude
050-3620701,in-call,109,31.456111777,34.4207581345
050-1148961,out-call,2292,31.4467741184,34.4071398055
050-3692412,in-call,98,31.4248795628,34.3892579849
050-8914469,out-call,52,31.4403873575,34.3966298517
050-7144850,out-call,29,31.4400294134,34.4141035407
050-8417442,out-call,742,31.4074956071,34.3645016828
050-7602842,in-call,82,31.4190615943,34.3911368512
050-9392002,out-call,1005,31.4954819262,34.433773377
050-9032982,in-call,99,31.4556324923,34.437817234
