phone_number,call_type,call_duration,call_location_longitude,call_location_latitude
050-9471808,out-call,89,33.8904231217,35.5160468669
050-2430184,in-call,215,31.455700338,34.4213103779
050-5246369,in-call,36,31.4367674373,34.3943095839
050-5073009,in-call,114,31.4526651014,34.4115290258
050-9769787,out-call,914,33.8787367698,35.5071484758
