phone_number,call_type,call_duration,call_location_longitude,call_location_latitude
050-3807848,out-call,30,31.4691730429,34.4302045875
050-3765139,out-call,110,31.4625229868,34.4219203198
050-8497937,in-call,2854,31.4670353745,34.4099470081
050-4588538,in-call,2727,31.4412220246,34.4043262067
050-3997291,out-call,716,31.4234119493,34.3763086962
050-3906419,in-call,119,31.4457708277,34.4091247866
050-3722297,in-call,1977,31.4317068272,34.3766031725
050-6491310,out-call,74,31.4765661796,34.4352888629
050-1393766,out-call,24,31.4333672533,34.4175554745
