phone_number,call_type,call_duration,call_location_longitude,call_location_latitude
050-2360187,out-call,1538,31.4750874606,34.4231634843
050-9466704,in-call,1782,33.8765710981,35.5089968458
050-8478646,in-call,98,31.4092937689,34.3524225728
050-4104603,out-call,241,31.4552804502,34.4307893871
050-6479564,in-call,1341,33.8798814932,35.5091513264
