phone_number,call_type,call_duration,call_location_longitude,call_location_latitude
050-9262150,in-call,45,31.4575946795,34.4175938684
050-2606575,in-call,2312,31.3719067003,34.3199964092
050-9843541,out-call,20,31.4371762161,34.3976282491
050-9590702,in-call,87,31.4611650848,34.4292562466
050-5693522,in-call,103,31.4391782648,34.3978733413
050-9192695,out-call,2774,31.4398950493,34.4052144998
