phone_number,call_type,call_duration,call_location_longitude,call_location_latitude
050-6395705,out-call,247,31.3817440139,34.3393232243
050-6176862,in-call,561,31.4352167789,34.3846216772
050-1309380,in-call,75,31.4091694829,34.3705403791
050-6718526,in-call,2494,31.4494604386,34.4097353662
050-2923512,out-call,2122,31.4076330041,34.3749745293
050-6049666,in-call,1651,31.4734010367,34.4326022203
050-4788682,out-call,1507,31.4667911202,34.4479050281
050-9205397,out-call,136,31.4860839052,34.420442037
050-9949774,out-call,1708,31.4660366467,34.427890945
