phone_number,call_type,call_duration,call_location_longitude,call_location_latitude
050-3071403,in-call,3144,31.4064225682,34.3682291064
050-4644082,in-call,1924,31.4740995544,34.4398355335
050-8626856,out-call,2850,31.4454240722,34.4014313241
050-6784945,in-call,117,31.4376022436,34.3814159299
050-7500480,out-call,2901,31.434012943,34.4158343562
050-9875313,out-call,47,31.4731781704,34.4116000353
050-8699759,out-call,45,31.4400028989,34.4089819393
