phone_number,call_type,call_duration,call_location_longitude,call_location_latitude
050-6868518,in-call,33,31.4038617473,34.3669814064
050-2333543,out-call,2973,31.4421875077,34.3996276103
050-8267079,in-call,30,31.4583786685,34.4087969471
050-6699926,in-call,13,31.4446259997,34.399187697
050-7385894,out-call,2709,31.4928659062,34.4602351335
050-4591156,out-call,2566,31.4298145777,34.3920061192
050-8630605,out-call,2007,31.4352018185,34.3925646098
