phone_number,call_type,call_duration,call_location_longitude,call_location_latitude
050-1569225,out-call,23,33.8854000942,35.5103182485
050-5629713,out-call,20,31.4312789637,34.387002667
050-3835923,in-call,60,33.8833520788,35.5117104085
050-1279273,in-call,29,31.4142041512,34.3613479569
050-1177014,in-call,1632,31.4428811642,34.4068842994
050-3711141,in-call,999,31.4225359876,34.3762119488
