phone_number,call_type,call_duration,call_location_longitude,call_location_latitude
050-4626762,out-call,35,31.4734636967,34.4376641968
050-2687176,out-call,69,31.4463202715,34.400103065
050-1105872,out-call,1347,31.4107548124,34.3812245468
050-7905474,in-call,343,31.4229429438,34.3788918501
050-1399152,in-call,2030,31.4335159393,34.3946373005
050-6274616,in-call,1885,31.4251579949,34.3960220281
050-9926830,out-call,10,31.40945046,34.3760102314
050-4232999,in-call,3083,31.413007248,34.3776498659
