phone_number,call_type,call_duration,call_location_longitude,call_location_latitude
050-1175760,in-call,399,31.4234741045,34.38287912
050-8475779,out-call,2895,31.4125078607,34.3715932151
050-5886102,out-call,84,31.4437116891,34.3947639206
050-7653807,in-call,1672,31.4779568401,34.449977358
050-1667806,out-call,1388,31.4344179734,34.3863178849
050-4835135,in-call,22,31.433546232,34.3855150411
050-9294763,in-call,2114,31.424957698,34.3888241994
050-2350765,out-call,120,31.4301101589,34.395858165
