phone_number,call_type,call_duration,call_location_longitude,call_location_latitude
050-3884355,out-call,89,31.4487733417,34.408550924
050-3068061,in-call,106,31.4691661131,34.4299052401
050-8247664,in-call,2867,31.4446135953,34.4162151095
050-4689207,out-call,2248,31.4586867614,34.434022894
050-1124316,in-call,743,31.44885542,34.4260849999
050-3791825,in-call,76,31.4164926984,34.3630160289
