phone_number,call_type,call_duration,call_location_longitude,call_location_latitude
050-5315774,out-call,3433,33.8807861098,35.5034127049
050-7072202,in-call,97,31.4337389715,34.3890065522
050-9019016,in-call,2314,31.4246848769,34.3795008481
050-8486773,in-call,28,33.8813559906,35.5103534945
050-3565454,out-call,86,33.8845027194,35.5026259279
050-9759648,out-call,12,33.8793860597,35.5095346521
050-9033904,out-call,51,31.4450029757,34.402491118
050-6900952,in-call,650,33.8821125541,35.5048607438
