phone_number,call_type,call_duration,call_location_longitude,call_location_latitude
050-1403314,out-call,470,31.4663658692,34.4258454649
050-1060679,in-call,17,31.4234741045,34.38287912
050-2334186,out-call,80,31.4337014243,34.405549942
050-3031181,out-call,268,31.4343368856,34.3849655738
050-3399624,out-call,273,31.4393482653,34.3992523073
050-1676945,in-call,72,31.463741044,34.4307371025
050-8924316,in-call,98,31.4917994291,34.4581984762
050-3040311,in-call,93,31.4207787378,34.3836278893
