phone_number,call_type,call_duration,call_location_longitude,call_location_latitude
050-9358727,out-call,2665,31.4193458453,34.3788731366
050-4400694,out-call,1977,31.4495922863,34.4015637579
050-9557251,out-call,114,31.4205370734,34.3856800739
050-4756054,out-call,988,31.414116741,34.3761598058
050-3864616,in-call,1493,31.3922165248,34.361999902
050-9460689,out-call,1008,31.4860839052,34.420442037
050-4632450,out-call,3023,31.4767860837,34.4383441548
