phone_number,call_type,call_duration,call_location_longitude,call_location_latitude
050-1530698,in-call,75,31.4290813305,34.3701725097
050-9959487,out-call,2540,31.4424160515,34.4171299153
050-4820911,in-call,38,31.3842509301,34.3214649828
050-9802878,out-call,120,31.468026111,34.4218742427
050-7778803,in-call,1414,31.4496953292,34.3978478977
