phone_number,call_type,call_duration,call_location_longitude,call_location_latitude
050-8643808,in-call,3012,31.4591299684,34.4291693913
050-4932665,in-call,11,31.47835589,34.4304002639
050-6432547,in-call,43,31.4493971745,34.3940353357
050-9524538,out-call,127,31.4131753246,34.3904963868
050-9146658,in-call,1598,31.4698777833,34.4285647305
050-3711990,out-call,858,31.4634251655,34.4125154898
050-4556180,out-call,3349,31.4230708646,34.3889165251
050-5274641,out-call,3094,31.4121169286,34.3768210292
050-4133496,out-call,69,31.4590456815,34.4093410523
