phone_number,call_type,call_duration,call_location_longitude,call_location_latitude
050-2872441,out-call,2634,31.434549591,34.3927839542
050-9349237,out-call,1026,31.4200848985,34.3664120928
050-4890759,out-call,1786,31.4378186508,34.3908366264
050-1530755,in-call,2963,31.4431670525,34.4145017804
050-4907654,out-call,91,31.43639984,34.389210044
050-8457793,out-call,65,31.4598308479,34.4163727959
050-9007597,out-call,97,31.4411879112,34.3901674527
050-6781855,in-call,2553,31.4510573801,34.4182858524
050-8735795,in-call,1610,31.4021572897,34.3428009141
