phone_number,call_type,call_duration,call_location_longitude,call_location_latitude
050-5198682,in-call,20,31.4274287377,34.3976502464
050-2085393,out-call,105,31.3873797959,34.3411235044
050-7182309,in-call,11,31.4605675884,34.4285422749
050-6964667,out-call,2186,31.4314995125,34.3767448606
050-4249245,out-call,1830,31.4626853055,34.4256274185
050-6913993,in-call,22,31.431441704,34.4004387321
050-9697272,in-call,3328,31.4216783204,34.3914815228
