phone_number,call_type,call_duration,call_location_longitude,call_location_latitude
050-2307911,in-call,19,31.4304665816,34.3958933732
050-1764846,in-call,94,31.4327777584,34.3899650845
050-5931289,in-call,574,31.4571179247,34.4134587603
050-8867180,in-call,2151,31.4774025674,34.4436054219
050-8257353,in-call,2479,31.451143783,34.4164936009
050-9154025,out-call,1415,31.4023100295,34.3547119545
050-6976764,out-call,25,31.48051404,34.4316910368
