phone_number,call_type,call_duration,call_location_longitude,call_location_latitude
050-7155096,in-call,43,31.4088369461,34.3795502184
050-1773266,out-call,74,31.4181924208,34.3838943138
050-7671636,out-call,92,31.4257266534,34.3972883333
050-7908338,out-call,2227,31.4586818152,34.3993174252
050-3771348,out-call,24,31.3961023428,34.3695886645
050-7638706,out-call,87,31.4394444886,34.3925326706
050-6276455,out-call,115,31.4133951016,34.379216417
050-7839797,in-call,1470,31.414508672,34.3803116307
