phone_number,call_type,call_duration,call_location_longitude,call_location_latitude
050-4544711,in-call,73,31.502199269,34.4577346331
050-5852068,out-call,103,31.4384712383,34.4224004056
050-4325524,in-call,43,31.4239623976,34.3816264753
050-6786612,out-call,116,31.4612261634,34.42568552
050-8809673,in-call,56,31.430631305,34.3927576275
050-6464350,in-call,106,31.4708532059,34.4227820919
