phone_number,call_type,call_duration,call_location_longitude,call_location_latitude
050-8422832,out-call,99,31.4725204257,34.4373772107
050-9294772,out-call,85,31.4328861356,34.3876112991
050-5433347,out-call,65,31.4296057051,34.381293922
050-7191305,out-call,85,31.447741603,34.4168192813
050-4233549,out-call,1355,31.3741943565,34.3294168628
050-1057015,in-call,2369,31.4505911996,34.4108773229
050-6514016,in-call,88,31.4385034977,34.4088708815
050-3026320,out-call,1551,31.4540690213,34.4314131271
050-3769171,out-call,2755,31.3895774109,34.3519020143
