phone_number,call_type,call_duration,call_location_longitude,call_location_latitude
050-9006326,in-call,2390,31.486495388,34.440799534
050-3591513,out-call,105,31.394553714,34.351626202
050-6438889,in-call,521,31.4408529701,34.4150805676
050-2817183,in-call,102,31.4705631502,34.4325712119
050-4592406,out-call,1454,31.449112232,34.4141348189
050-1862832,in-call,117,31.4207787378,34.3836278893
050-2402131,in-call,25,31.4633332686,34.4233685252
