phone_number,call_type,call_duration,call_location_longitude,call_location_latitude
050-8451585,in-call,35,31.3317887172,34.2919179814
050-5533592,in-call,73,31.3983726998,34.3600905107
050-9165074,in-call,92,31.4316887032,34.4039574038
050-6382389,in-call,408,31.4260471793,34.3863774138
050-9813585,in-call,103,31.4463569128,34.4190157858
050-3155529,in-call,2026,31.4785768407,34.4343381975
