phone_number,call_type,call_duration,call_location_longitude,call_location_latitude
050-9536391,in-call,15,31.4569244929,34.4163087002
050-5681413,out-call,887,31.4269579806,34.3849506691
050-6120940,in-call,39,31.4381834201,34.4037837012
050-9144193,out-call,113,31.3822136146,34.3312902403
050-8451193,out-call,59,31.4591742952,34.4122816514
050-7930714,in-call,39,31.4745603511,34.4247038783
050-3537759,in-call,1521,31.48055356,34.4357670512
050-4129938,out-call,104,31.4307535441,34.3897660692
