phone_number,call_type,call_duration,call_location_longitude,call_location_latitude
050-3485318,out-call,88,33.8816506695,35.5093710388
050-7622530,out-call,3484,33.8896634399,35.5145790591
050-4552159,out-call,21,33.8872827588,35.5125652979
050-4432171,in-call,81,33.8859849424,35.5176928267
050-6734582,in-call,1304,31.4172688455,34.3731541346
050-9699936,out-call,44,31.4327772747,34.3819456079
050-7316911,in-call,445,33.8824288611,35.511934579
050-9641501,out-call,2087,31.437655081,34.3888981149
