phone_number,call_type,call_duration,call_location_longitude,call_location_latitude
050-8923109,in-call,40,31.4281565337,34.3766017933
050-4095544,out-call,73,31.4157392656,34.3901345831
050-2678395,out-call,27,31.4469586191,34.392576195
050-7566076,out-call,1297,31.4379362904,34.3912342793
050-8343716,out-call,876,31.4434483388,34.4051095074
050-4356223,out-call,94,31.4004758081,34.3822465236
