phone_number,call_type,call_duration,call_location_longitude,call_location_latitude
050-7513651,out-call,59,31.4741827553,34.4382542928
050-5158213,in-call,37,31.431729244,34.382515793
050-4597202,in-call,109,31.4209516351,34.3706543874
050-3489782,in-call,2984,31.4487116461,34.4225613931
050-3951345,out-call,83,31.4436730282,34.4061231517
050-8445741,out-call,151,31.4228155691,34.3914923478
050-4076984,in-call,96,31.4440203584,34.3952800818
050-8541097,out-call,104,31.4611770439,34.4278935604
050-6738490,in-call,88,31.4436899332,34.401347152
