phone_number,call_type,call_duration,call_location_longitude,call_location_latitude
050-1863225,in-call,893,31.433239032,34.4162956998
050-1259824,in-call,2636,31.4348926511,34.4045422985
050-9941290,out-call,2429,31.4239670493,34.3666885851
050-6892380,in-call,29,31.41450417,34.3776852411
050-1761197,out-call,99,31.4659113899,34.4177926955
050-1111498,out-call,1793,31.4136006356,34.3753675024
050-3693177,out-call,570,31.4276965225,34.3974466704
