phone_number,call_type,call_duration,call_location_longitude,call_location_latitude
050-4859210,in-call,181,31.4767756537,34.4352317864
050-4214243,out-call,261,31.4041711152,34.3628993624
050-1785733,in-call,101,31.4512173126,34.4158707369
050-7544012,out-call,62,31.4729893083,34.4423665116
050-7357127,in-call,1658,31.4280123381,34.3766720398
050-6070531,out-call,85,31.4463900987,34.4051384235
050-3936390,in-call,3444,31.4367082661,34.3998632657
050-4830560,out-call,2725,31.4463441141,34.401300452
