phone_number,call_type,call_duration,call_location_longitude,call_location_latitude
050-5382879,out-call,69,31.4348890625,34.4079999982
050-4343376,out-call,29,31.4171344921,34.3640210025
050-2666284,out-call,591,31.4201105119,34.3767352666
050-7648758,out-call,2045,31.3984835322,34.3607346991
050-7868892,out-call,41,31.4569850516,34.4181889343
050-7646579,out-call,3195,31.4730469992,34.4424930526
050-7815468,out-call,118,31.4411879112,34.3901674527
050-7657152,out-call,2912,31.3954458173,34.3504724552
