phone_number,call_type,call_duration,call_location_longitude,call_location_latitude
050-2541435,out-call,3210,33.8837520428,35.5017182891
050-8325805,out-call,2745,33.8820760751,35.5048221867
050-3701923,in-call,102,33.8820710961,35.5063182094
050-9273186,in-call,3557,33.8787855951,35.5110731576
050-1920558,in-call,1281,31.4654042754,34.4240345424
