phone_number,call_type,call_duration,call_location_longitude,call_location_latitude
050-6446131,in-call,2006,31.4389261551,34.4143852623
050-9357737,out-call,57,31.3930219166,34.3491816365
050-6386494,out-call,111,31.4528927719,34.4097828148
050-6535952,in-call,18,31.4471287687,34.406082417
050-5980589,out-call,3057,31.4453458663,34.4072517863
050-8279366,out-call,74,31.4518697095,34.4034037771
