phone_number,call_type,call_duration,call_location_longitude,call_location_latitude
050-2436232,in-call,253,33.8764638336,35.5082503889
050-8435827,in-call,100,31.4530886877,34.4102757084
050-4613574,out-call,1927,33.8851595946,35.5026211967
050-5138442,in-call,89,33.8784756362,35.511977941
050-7946961,out-call,10,33.8860486084,35.5114629538
050-1496390,in-call,116,31.4207655307,34.3873876033
050-3053728,in-call,81,33.8853671089,35.5097826915
050-4097621,in-call,30,31.4329222956,34.3870922262
050-7561905,in-call,41,33.8875978751,35.5138736594
