phone_number,call_type,call_duration,call_location_longitude,call_location_latitude
050-5403006,in-call,256,31.4359896668,34.3951534113
050-7956124,out-call,92,31.4550531651,34.4129305979
050-3750294,out-call,2991,31.3962218525,34.3460277078
050-4218864,in-call,83,31.4754435533,34.4333729245
050-2831763,out-call,120,31.4507143097,34.4059109768
050-9975721,in-call,16,31.4331701141,34.3938061574
050-6735958,in-call,47,31.424301297,34.3721965012
050-2135457,out-call,432,31.4406134282,34.4044862853
050-4048663,out-call,52,31.4590389997,34.4178971145
