phone_number,call_type,call_duration,call_location_longitude,call_location_latitude
050-7632379,out-call,95,31.4537893761,34.4269484016
050-6019212,out-call,819,31.4550676566,34.4142224442
050-2125595,in-call,3194,31.4474447045,34.39935477
050-3515475,in-call,13,31.4649982646,34.4191701431
050-9074471,in-call,37,31.4216914516,34.3769059454
050-8888703,out-call,109,31.447852386,34.414596192
