phone_number,call_type,call_duration,call_location_longitude,call_location_latitude
050-4400206,in-call,21,31.4378592843,34.3999394451
050-7351828,in-call,77,31.4389830527,34.3999908514
050-3614507,in-call,75,31.4691730429,34.4302045875
050-7013931,in-call,101,31.4452939129,34.4255934397
050-7839998,in-call,3123,31.4285295692,34.3917656787
050-1218238,in-call,44,31.4160745377,34.375332243
050-1341295,in-call,110,31.4458604296,34.4052658995
