phone_number,call_type,call_duration,call_location_longitude,call_location_latitude
050-2608910,in-call,1541,31.4449847339,34.4184111459
050-6327136,out-call,120,31.4415231845,34.4064489916
050-4909062,out-call,636,31.4601166644,34.4039793756
050-4758925,in-call,97,33.8835257533,35.5110646772
050-8822007,in-call,118,33.8837142076,35.5112259905
050-4267252,in-call,42,33.8859246472,35.5103001415
050-4513672,out-call,81,33.8847368179,35.5108903084
050-1847068,out-call,2099,33.8890393828,35.5145344135
