phone_number,call_type,call_duration,call_location_longitude,call_location_latitude
050-9957396,in-call,2827,31.444828917,34.4060834797
050-3016461,in-call,47,31.4681206774,34.4165096216
050-1315340,in-call,296,31.4373823804,34.4076994965
050-4791407,out-call,106,31.4130549674,34.367587658
050-1745288,out-call,1199,31.411385049,34.3792768725
050-6522457,out-call,70,31.4582875396,34.44089451
050-8082316,out-call,2595,31.4815101278,34.4370930334
050-6198152,in-call,249,31.4447988599,34.3999384392
