phone_number,call_type,call_duration,call_location_longitude,call_location_latitude
050-3137439,out-call,18,33.880456425,35.512029826
050-2037369,in-call,2338,31.4188632628,34.3726949978
050-8667084,in-call,1227,33.8768586828,35.5105840092
050-6179760,in-call,3413,33.8832617764,35.5045129151
050-7865208,in-call,316,31.4424791784,34.3943218759
050-1910959,out-call,69,33.8816574315,35.5085916837
050-8069936,in-call,1660,31.4268462649,34.4051682814
