phone_number,call_type,call_duration,call_location_longitude,call_location_latitude
050-8315412,out-call,2761,33.8819234046,35.5139903011
050-2513516,in-call,71,31.4658278692,34.4311540408
050-8032043,out-call,84,31.4301101589,34.395858165
050-1167984,out-call,1815,31.3989974531,34.3665492524
050-1268504,out-call,40,31.4344271211,34.3925228317
050-6470968,out-call,1897,31.4420064849,34.3982386753
050-3024617,out-call,15,31.4488486735,34.4111781479
050-1884896,in-call,1181,33.8813578444,35.5067912534
050-7259685,out-call,12,31.4449883696,34.3869883658
