phone_number,call_type,call_duration,call_location_longitude,call_location_latitude
050-4788070,in-call,30,31.4637491779,34.4307620247
050-1810320,out-call,118,31.4529978349,34.4024433288
050-2687211,in-call,1567,31.4289870437,34.4048417351
050-5361707,out-call,44,31.5075203858,34.4935399128
050-8718685,out-call,89,31.4837670645,34.4425148404
050-8148028,out-call,1305,31.4494589677,34.4043679662
050-9674989,in-call,89,31.4308113353,34.404091695
