phone_number,call_type,call_duration,call_location_longitude,call_location_latitude
050-2904191,in-call,68,31.4295461963,34.3946914373
050-3113661,in-call,403,31.4690948284,34.4581059048
050-9080909,in-call,115,31.4330200853,34.3903289465
050-5682408,in-call,18,31.4458317659,34.4055930636
050-1826659,in-call,64,31.4073649786,34.3625659688
050-2730378,in-call,3394,31.43244372,34.3901997641
050-7597292,out-call,117,31.423382242,34.3825254337
050-8448085,in-call,2028,31.4417814299,34.4096082206
