phone_number,call_type,call_duration,call_location_longitude,call_location_latitude
050-4251550,out-call,1721,31.409556365,34.3719352051
050-4446270,out-call,2684,31.4477559486,34.4174379229
050-6807892,in-call,97,31.4562450945,34.4210226506
050-9288319,out-call,44,31.4520676981,34.4150877445
050-5291792,out-call,28,31.417671658,34.3916713111
050-1889588,out-call,22,31.4600007229,34.4355511295
050-3921006,out-call,1230,31.4245039603,34.3842397305
050-9889861,out-call,3061,31.382679614,34.3362550463
050-1626268,out-call,20,31.4280765088,34.38800042
