phone_number,call_type,call_duration,call_location_longitude,call_location_latitude
050-7599868,out-call,44,31.4683094974,34.4169512743
050-1529710,out-call,1519,31.4421461127,34.3948091278
050-7650245,in-call,1068,31.4261246896,34.3753694794
050-3333919,out-call,385,31.4589230412,34.4211605399
050-8726078,in-call,86,31.4516116737,34.4055049709
050-9113551,out-call,120,31.4399277887,34.4071960956
050-1849753,in-call,1506,31.4655629848,34.4196198872
050-7887154,in-call,80,31.4343368856,34.3849655738
