phone_number,call_type,call_duration,call_location_longitude,call_location_latitude
050-3958644,in-call,1462,31.4501271228,34.3861576328
050-9514926,in-call,26,31.4804146987,34.4407195268
050-2266166,out-call,51,31.470432009,34.4374051653
050-7901331,in-call,19,31.4276879147,34.3769546967
050-2597377,out-call,1091,31.468369841,34.4302471863
050-7905023,in-call,117,31.4203472377,34.3874551965
050-8186150,out-call,3567,31.4238349115,34.3708482529
