phone_number,call_type,call_duration,call_location_longitude,call_location_latitude
050-4644166,in-call,3566,31.4408903823,34.398468392
050-8048362,out-call,90,31.4152006671,34.3803048558
050-4379595,in-call,921,31.4264108609,34.3865691351
050-4706714,in-call,1352,31.4630230497,34.4306332065
050-4337286,out-call,1696,31.4528624679,34.4089781342
050-9987844,in-call,69,31.4004186087,34.3669864631
050-1199929,out-call,2204,31.4322638192,34.3650370804
