phone_number,call_type,call_duration,call_location_longitude,call_location_latitude
050-2562270,in-call,3590,31.4499817867,34.3992943621
050-6536467,out-call,3512,31.43797326,34.3924055535
050-3701109,in-call,690,31.4506972011,34.4133697916
050-1977072,in-call,80,31.4324690732,34.3903561646
050-8043406,in-call,2469,31.4272799237,34.3825051182
