phone_number,call_type,call_duration,call_location_longitude,call_location_latitude
050-8667059,in-call,2879,33.8752413735,35.5023962671
050-6347032,out-call,115,31.4540029674,34.4160200738
050-4800944,in-call,70,31.4427063213,34.4262544952
050-7717375,out-call,68,31.406635906,34.3607549243
050-7616898,in-call,118,31.4362546211,34.4075548769
050-7157228,out-call,802,31.488317187,34.4429577923
050-1020322,in-call,2712,31.4337008006,34.3791209611
050-1988709,out-call,1152,31.4326121506,34.3855249179
050-4266264,in-call,32,31.4365251308,34.415770289
