phone_number,call_type,call_duration,call_location_longitude,call_location_latitude
050-4823471,in-call,75,31.4642893056,34.4158924608
050-6452019,in-call,70,33.8819213388,35.5055299529
050-8400152,in-call,1718,31.479405251,34.4402939458
050-9353565,in-call,1052,31.4271091944,34.3810085846
050-4122351,out-call,2683,33.8872827588,35.5125652979
050-2457935,in-call,88,31.4598235601,34.4170968866
050-3725549,in-call,2575,31.4613429034,34.4175180362
