phone_number,call_type,call_duration,call_location_longitude,call_location_latitude
050-7687808,in-call,92,31.4496923222,34.4151606814
050-4418881,out-call,90,31.4787468367,34.4333516493
050-8714679,out-call,91,31.4328054019,34.3939323452
050-9657551,out-call,76,31.400932007,34.3662805027
050-5099389,in-call,31,31.4608685678,34.4317251098
050-8279192,out-call,112,31.4238349115,34.3708482529
050-9175360,out-call,95,31.5165489199,34.4724668548
050-7715961,in-call,2233,31.4205108147,34.3884800686
