phone_number,call_type,call_duration,call_location_longitude,call_location_latitude
050-1453598,in-call,2793,31.4385598181,34.3978099018
050-4934435,out-call,1389,31.4389148831,34.3994082262
050-5303722,in-call,78,31.439357836,34.4023432558
050-4893136,in-call,2070,31.4397545239,34.4129681032
050-2163489,in-call,2278,31.43823096,34.3987227069
