phone_number,call_type,call_duration,call_location_longitude,call_location_latitude
050-4625232,out-call,442,31.4476725772,34.4056346551
050-4465911,out-call,999,31.4317323304,34.4007887232
050-5802602,out-call,3247,31.4701802616,34.4249618188
050-2482394,out-call,3250,31.4033727763,34.3606861736
050-6023454,in-call,51,31.4218094375,34.3818214805
050-1094113,in-call,42,31.4041786759,34.3623212225
050-2022693,out-call,98,31.4365901056,34.4154553091
050-5878625,in-call,1343,31.4572659431,34.4204099529
050-2185114,out-call,13,31.4693051971,34.4102722292
