phone_number,call_type,call_duration,call_location_longitude,call_location_latitude
050-6476280,in-call,93,31.4227596666,34.368659182
050-8788238,out-call,18,31.495151672,34.459287585
050-2900605,in-call,1248,31.4634251655,34.4125154898
050-4918717,in-call,102,31.4145960689,34.3544597929
050-4811299,in-call,174,31.4530886877,34.4102757084
050-2587939,in-call,117,31.4301101589,34.395858165
