phone_number,call_type,call_duration,call_location_longitude,call_location_latitude
050-9997910,out-call,2012,31.4401980374,34.4062967474
050-8809717,out-call,279,31.4538183161,34.4024447098
050-9287033,in-call,49,31.4653352471,34.42531607
050-4650697,out-call,87,31.4433731478,34.3977825474
050-1493556,in-call,26,31.4105426703,34.3702529401
