phone_number,call_type,call_duration,call_location_longitude,call_location_latitude
050-5761727,in-call,1793,31.4569820014,34.4248372678
050-1070151,in-call,1569,31.4580250657,34.4227403689
050-2766886,out-call,1490,31.4614913507,34.4465255569
050-9061524,in-call,101,31.4227239903,34.3906166779
050-1883942,out-call,33,31.4546548661,34.4271987706
050-8608418,out-call,94,31.4915495782,34.4529484383
050-6336410,out-call,46,31.4894037992,34.4551643494
