phone_number,call_type,call_duration,call_location_longitude,call_location_latitude
050-5452366,out-call,1932,31.4555203082,34.3985182553
050-2794379,out-call,668,31.4107341049,34.3818626208
050-4111185,in-call,50,31.4435486821,34.422937712
050-7056039,in-call,336,31.4103930323,34.3765044855
050-7614960,in-call,2667,31.4158465005,34.3645049707
050-5331433,out-call,114,31.453359911,34.4155935722
