phone_number,call_type,call_duration,call_location_longitude,call_location_latitude
050-6767739,out-call,51,31.4676843365,34.4242558458
050-1848601,in-call,3062,31.4843975827,34.4381730175
050-2039096,in-call,19,31.4679218015,34.4380483916
050-3959159,out-call,2842,31.4251018829,34.3702765546
050-4786713,in-call,93,31.4413754508,34.4112085382
050-2931611,out-call,1715,31.4612415498,34.4209077472
050-3989705,in-call,69,31.4271065865,34.4067327114
050-6628293,in-call,3176,31.4065639298,34.3592830412
