phone_number,call_type,call_duration,call_location_longitude,call_location_latitude
050-6900806,in-call,65,31.4524855982,34.4088703745
050-6958990,out-call,57,31.4482694164,34.4084728797
050-1783862,in-call,74,31.4319328275,34.3882454271
050-7225496,out-call,114,31.4549946717,34.4364782316
050-7231915,in-call,1918,31.4227250948,34.383972409
050-6740278,in-call,65,31.4366372236,34.3931231723
050-4230513,out-call,83,31.4408346005,34.4187529921
