phone_number,call_type,call_duration,call_location_longitude,call_location_latitude
050-7363834,in-call,34,31.4038677073,34.3445737897
050-2155947,out-call,2175,31.4185960735,34.3860838621
050-1951515,out-call,19,31.4529454006,34.4051161306
050-4686656,out-call,22,33.8805514729,35.5125949551
050-8305904,out-call,42,31.3975800438,34.3626425445
050-3011565,out-call,97,31.4206104931,34.396968106
050-4871172,out-call,1468,33.8848252825,35.5104977417
050-9358190,out-call,1354,33.8832336443,35.5095348449
