phone_number,call_type,call_duration,call_location_longitude,call_location_latitude
050-7642566,out-call,116,31.4444784777,34.3861281479
050-4627087,in-call,70,31.4821427121,34.4498506077
050-5333141,out-call,70,31.4736049155,34.4283306778
050-2913419,in-call,64,31.4362015852,34.3931246422
050-5670606,out-call,1079,31.4255569968,34.3954853945
050-8809956,out-call,2888,31.4489346212,34.4095629323
050-2942744,in-call,117,31.4440739552,34.409205036
