phone_number,call_type,call_duration,call_location_longitude,call_location_latitude
050-8345288,out-call,110,33.8857930304,35.5063023546
050-7913025,out-call,3270,31.4293374521,34.3885190126
050-4454536,in-call,3543,33.8836913696,35.5087592871
050-7712608,out-call,1270,31.4438853358,34.402875988
050-2684620,out-call,521,31.4159823741,34.3654497257
050-2034566,in-call,47,31.4024624349,34.367672935
050-3623529,out-call,2731,31.4459743697,34.4081677221
050-6873561,out-call,51,33.8821239163,35.5120978635
050-2850069,out-call,113,31.4720918157,34.4320823747
