phone_number,call_type,call_duration,call_location_longitude,call_location_latitude
050-3199066,out-call,42,31.4448028961,34.3865354733
050-6928331,in-call,15,31.4353790219,34.3955285593
050-2684801,out-call,10,31.4443224349,34.3985902618
050-9213106,in-call,63,31.4696586292,34.441864547
050-8197761,out-call,115,31.4494767874,34.4046576052
