phone_number,call_type,call_duration,call_location_longitude,call_location_latitude
050-7744263,out-call,72,31.4427036499,34.4056898089
050-5730455,out-call,1592,31.4419078292,34.3841206175
050-5409098,out-call,40,31.4330412288,34.367806764
050-9509104,in-call,62,31.4895582955,34.4628180502
050-1728186,out-call,2620,31.4500565348,34.4094723571
