phone_number,call_type,call_duration,call_location_longitude,call_location_latitude
050-7763160,in-call,67,31.4628207356,34.4269720878
050-9751614,out-call,1891,31.4799803596,34.4387355865
050-5809690,in-call,1772,31.4533008159,34.4074781168
050-3558390,in-call,1565,31.4250561911,34.3936015202
050-5778917,out-call,104,31.4324549593,34.4032303179
050-5448632,in-call,41,31.459976668,34.4234856225
