phone_number,call_type,call_duration,call_location_longitude,call_location_latitude
050-9851973,in-call,77,31.4437522462,34.411498096
050-8743872,out-call,2924,31.411432315,34.370935536
050-4419712,in-call,72,31.4468885197,34.4187876104
050-2866870,out-call,42,31.4348366688,34.3941669491
050-1356800,in-call,1350,31.4523748109,34.4137473187
050-9837164,in-call,1396,31.4352133489,34.4186304511
050-6181970,in-call,26,31.4720287886,34.4328163332
050-6980051,in-call,118,31.432988001,34.3956295194
050-1893574,in-call,99,31.4469029213,34.4192860573
