phone_number,call_type,call_duration,call_location_longitude,call_location_latitude
050-2083633,in-call,1150,31.4799803596,34.4387355865
050-7366830,in-call,115,31.4636413858,34.4176480231
050-7885706,in-call,12,31.4237592114,34.3940960436
050-7571929,out-call,2349,31.4352472213,34.4035706373
050-6824444,out-call,3303,31.4130114767,34.3829994196
050-9147260,in-call,51,31.4175396491,34.3864424467
