phone_number,call_type,call_duration,call_location_longitude,call_location_latitude
050-7334870,out-call,65,31.4169949004,34.3639813498
050-3523057,in-call,2020,31.4599170234,34.4146155883
050-3541870,out-call,118,31.4064837575,34.3688368692
050-7632482,out-call,2114,31.4519710572,34.4096584943
050-2814928,in-call,3396,31.4223869972,34.377381098
050-9384838,in-call,41,31.4728527694,34.4111748379
050-6881401,in-call,72,31.4172092704,34.3864758667
