phone_number,call_type,call_duration,call_location_longitude,call_location_latitude
050-2640647,in-call,173,31.4115806585,34.3758783249
050-3393059,out-call,152,31.4610094502,34.4162782893
050-5955818,in-call,77,31.4755471706,34.4177675191
050-5847286,out-call,1869,31.4542974773,34.4114383169
050-8860076,in-call,20,33.8845143643,35.5050580122
050-7649509,in-call,2924,31.4462299701,34.4124139576
