phone_number,call_type,call_duration,call_location_longitude,call_location_latitude
050-9009233,in-call,173,31.4840115735,34.4532555282
050-5992298,in-call,30,31.4167019412,34.3787427535
050-4347058,in-call,106,31.4452436917,34.4058644278
050-2302187,in-call,1362,31.4526651014,34.4115290258
050-4066038,in-call,1353,31.4446991837,34.4105694641
050-9637321,in-call,1233,31.4452272192,34.4047149271
050-1176980,out-call,2944,31.4380798929,34.3866501638
