phone_number,call_type,call_duration,call_location_longitude,call_location_latitude
050-4333305,out-call,101,31.4497047872,34.4139849999
050-3208187,out-call,540,31.4569254932,34.4384445645
050-1297533,in-call,25,31.4209631691,34.3930397457
050-8313442,in-call,39,31.450509462,34.4157609707
050-3807546,in-call,64,31.4587258516,34.4139411964
050-9110589,out-call,120,31.4685932249,34.4217962618
050-6366547,out-call,103,31.4253668554,34.3757582032
