phone_number,call_type,call_duration,call_location_longitude,call_location_latitude
050-7716325,out-call,78,31.4633683608,34.4336103653
050-8178519,out-call,2272,31.4499817867,34.3992943621
050-6749228,out-call,2293,31.4190452368,34.3664909845
050-4061033,out-call,269,31.4332496285,34.3914126769
050-8749528,in-call,1744,31.4391796912,34.3903202783
050-6845927,in-call,2192,31.4210339362,34.3673202249
050-3018619,in-call,72,31.4357940138,34.3773400011
050-6123957,in-call,2799,31.4831271322,34.4487132094
