phone_number,call_type,call_duration,call_location_longitude,call_location_latitude
050-3562718,in-call,870,31.4145216839,34.3555687883
050-3336074,in-call,120,31.4352487867,34.3912315528
050-3562743,in-call,89,31.4341022076,34.3853808365
050-1825345,in-call,55,31.4512805168,34.430560499
050-8341155,in-call,51,31.4794766499,34.4569647054
050-7158518,out-call,1696,31.4572586852,34.4172349529
050-8438659,out-call,1086,31.4607329976,34.4105181259
050-2829289,out-call,2606,31.4372896966,34.3918089496
