phone_number,call_type,call_duration,call_location_longitude,call_location_latitude
050-7708196,in-call,1347,31.4467583256,34.4020658637
050-9134754,out-call,2806,31.4728897179,34.4299315947
050-6359848,in-call,76,31.43797326,34.3924055535
050-7603957,in-call,323,31.4559750325,34.4121178777
050-2094279,out-call,2904,31.4362546211,34.4075548769
050-1249465,in-call,122,31.4335104643,34.3931070645
050-8939963,out-call,92,31.4545460453,34.4128195195
050-5615336,out-call,2502,31.4295461963,34.3946914373
