phone_number,call_type,call_duration,call_location_longitude,call_location_latitude
050-5100980,in-call,1685,31.4525646833,34.4270111119
050-3770125,out-call,2334,31.4210167422,34.36885828
050-1418832,in-call,3295,31.4605951286,34.422614471
050-5431897,out-call,2560,31.4822142346,34.4685221475
050-6276164,in-call,1803,31.4267865261,34.3626850737
050-2033982,out-call,1283,31.4107341049,34.3818626208
050-3072849,in-call,104,31.4452705696,34.3952178307
