phone_number,call_type,call_duration,call_location_longitude,call_location_latitude
050-2150875,in-call,103,31.4385777183,34.4105572888
050-7518673,in-call,68,31.4552914732,34.4361376431
050-8129693,in-call,94,31.4576238972,34.4259125101
050-2955784,in-call,2117,31.4248731668,34.3692858109
050-8312428,in-call,2310,31.4155427655,34.3705595987
050-3106339,in-call,91,31.4359698417,34.4183204836
050-6993784,in-call,105,31.4805902591,34.4299099004
