phone_number,call_type,call_duration,call_location_longitude,call_location_latitude
050-3083365,out-call,82,31.4300738718,34.3825480319
050-1702953,in-call,3004,31.4298552759,34.3811663403
050-7706048,out-call,1992,31.4520676981,34.4150877445
050-5563759,in-call,34,31.4788417329,34.440704371
050-8224957,out-call,532,31.4358077203,34.3914843074
050-9304328,out-call,102,31.4233171343,34.3748826761
