phone_number,call_type,call_duration,call_location_longitude,call_location_latitude
050-2544173,in-call,2152,31.4704986124,34.4147086393
050-9999340,in-call,16,31.4425575391,34.4035336889
050-9624896,out-call,106,31.4297435136,34.3836886367
050-4076765,in-call,39,31.417876763,34.3808792656
050-4562139,in-call,47,31.4456013877,34.3980513988
050-2596475,in-call,1285,31.4876367912,34.459956988
050-3160823,out-call,2091,31.4555203082,34.3985182553
050-7730925,in-call,941,31.4690201513,34.4099908409
050-1244759,in-call,1826,31.3823967567,34.3554187523
