phone_number,call_type,call_duration,call_location_longitude,call_location_latitude
050-9992868,out-call,1480,31.4116503454,34.3809061152
050-2755848,out-call,29,31.4351607852,34.3826378166
050-1247877,out-call,374,31.4402956857,34.4060469113
050-7043913,in-call,190,31.4494589677,34.4043679662
050-1657119,in-call,69,31.4967768911,34.4479518426
050-6121027,in-call,27,31.4331978768,34.4009906179
050-3763430,out-call,1201,31.449766106,34.4139058691
050-6552421,out-call,31,31.4542364489,34.4139076258
050-1102226,out-call,58,31.4348225395,34.3912979733
