phone_number,call_type,call_duration,call_location_longitude,call_location_latitude
050-7429070,out-call,567,33.8883119689,35.5115208429
050-6242018,out-call,101,31.4523144141,34.4175388235
050-2068083,in-call,45,33.8875856981,35.5100263356
050-4941120,in-call,53,31.462075563,34.4139170153
050-9469343,out-call,2450,33.8879434917,35.5093376865
050-1815127,in-call,1826,31.4717909253,34.4070754575
050-4945394,in-call,1429,31.4474866153,34.4074059165
050-9544389,in-call,1017,31.4450381738,34.3996303733
050-5719478,in-call,114,33.8837285406,35.5108037008
