phone_number,call_type,call_duration,call_location_longitude,call_location_latitude
050-1100759,in-call,3052,33.8837455405,35.5076687423
050-4507116,in-call,2772,31.4768443568,34.4459925553
050-4929705,out-call,1017,33.8804166048,35.5030180222
050-3575049,out-call,440,33.8795725674,35.5108355343
050-8675287,in-call,3218,31.4518739633,34.4008736109
050-3234013,in-call,1714,31.4497952243,34.4238316032
050-7029045,in-call,1707,33.8922807,35.5140145909
