phone_number,call_type,call_duration,call_location_longitude,call_location_latitude
050-7373222,in-call,1894,31.4135600763,34.3787880577
050-2706038,in-call,76,31.4279705896,34.3787156544
050-4894134,out-call,57,31.4784057438,34.4486858605
050-7128088,in-call,80,31.458674023,34.4155754639
050-9962756,out-call,108,31.4891527748,34.4501869125
