phone_number,call_type,call_duration,call_location_longitude,call_location_latitude
050-4403880,out-call,115,31.4506736113,34.4101840759
050-9087572,in-call,2494,31.4338064515,34.3950307471
050-3538619,in-call,2535,31.4486422774,34.4172968096
050-8375237,out-call,288,31.4320137022,34.4039036443
050-2916471,in-call,2116,31.4881079534,34.4449373792
050-5650041,in-call,1707,31.4470422541,34.4080938215
050-5415589,in-call,104,31.4165199313,34.3930059728
050-9615026,in-call,3523,31.4947609646,34.4573748308
