phone_number,call_type,call_duration,call_location_longitude,call_location_latitude
050-8103709,out-call,78,31.4354205335,34.3939575684
050-5981129,in-call,1005,31.4536597639,34.3876518973
050-5830467,in-call,98,31.4385457728,34.3977431195
050-4942249,in-call,62,31.4222725011,34.3808361728
050-8632814,in-call,308,31.4229654148,34.382763868
050-4484868,out-call,52,31.4403411798,34.3873686804
