phone_number,call_type,call_duration,call_location_longitude,call_location_latitude
050-6459567,out-call,1484,31.4570275842,34.4064342148
050-7997676,out-call,118,31.4517069249,34.4121690213
050-9698998,in-call,1537,31.4500213072,34.4147251583
050-1295968,in-call,99,31.4343755799,34.3796441597
050-9032413,in-call,51,31.4366931795,34.4044112845
