phone_number,call_type,call_duration,call_location_longitude,call_location_latitude
050-2570165,in-call,262,31.4083822926,34.3693030959
050-8695504,out-call,2379,31.4260860776,34.3779338879
050-8531860,in-call,2842,31.4599066813,34.3981917651
050-2610979,out-call,90,31.406635906,34.3607549243
050-2870138,out-call,107,31.4984620165,34.4589787987
050-7941931,in-call,2408,31.3984942745,34.3481857933
050-8241074,out-call,54,31.4350488153,34.4215208619
050-1136544,out-call,57,31.4467096562,34.4107886283
050-9340141,in-call,10,31.4066106378,34.3849196238
