phone_number,call_type,call_duration,call_location_longitude,call_location_latitude
050-6397009,out-call,2992,31.4027668557,34.3598716101
050-5015946,in-call,1337,31.4393695153,34.407130237
050-5111626,in-call,1498,31.4455988455,34.4119655077
050-1993864,out-call,365,31.4402854106,34.3959945247
050-5042611,in-call,57,31.4190452368,34.3664909845
050-4594376,in-call,30,31.4423616318,34.4057730052
050-9816985,in-call,53,31.4378685156,34.405639226
050-7215148,in-call,1732,31.4569295567,34.427312063
050-9027708,out-call,2265,31.4463441141,34.401300452
