phone_number,call_type,call_duration,call_location_longitude,call_location_latitude
050-5783655,out-call,109,31.4187621272,34.3586306093
050-3980091,in-call,1951,33.8786812913,35.5070352604
050-9320143,out-call,68,31.4582875396,34.44089451
050-6752121,in-call,115,33.8890226866,35.5111608533
050-9866357,in-call,2718,33.882992045,35.5161908173
050-1334075,in-call,799,33.8871512417,35.5106644062
050-4076053,out-call,1176,31.4147812317,34.3687515747
050-3956360,out-call,58,31.4918635373,34.4396220053
050-8747389,out-call,2027,31.4034474815,34.3554353289
