phone_number,call_type,call_duration,call_location_longitude,call_location_latitude
050-4645871,in-call,1648,33.8842845565,35.5083872907
050-1392436,out-call,95,31.4880066981,34.4522463366
050-9652384,in-call,2597,31.4595029786,34.4316745076
050-3729401,out-call,818,31.4446650308,34.4084949531
050-5843188,in-call,71,31.4167641369,34.3855017506
050-1541361,in-call,62,33.8817381493,35.5026226682
050-6024029,out-call,1262,33.8821691633,35.5037212358
