phone_number,call_type,call_duration,call_location_longitude,call_location_latitude
050-3148611,in-call,276,31.460845785,34.4142829969
050-1542499,out-call,2309,31.4561552255,34.4219828852
050-5924784,in-call,1312,31.432836825,34.4146025251
050-3760180,out-call,50,31.462075563,34.4139170153
050-7301473,in-call,1128,31.4902260688,34.4424456989
