phone_number,call_type,call_duration,call_location_longitude,call_location_latitude
050-6884994,out-call,87,31.4786997441,34.4495681171
050-7247522,out-call,18,31.4089392202,34.3717401912
050-8580941,in-call,102,31.4374275234,34.3970560373
050-2777160,in-call,2879,31.4410985043,34.4099212754
050-5880277,in-call,1292,31.4157724909,34.393524745
050-2196832,out-call,3015,31.4192655114,34.3728503307
