phone_number,call_type,call_duration,call_location_longitude,call_location_latitude
050-8041381,out-call,26,33.8796833888,35.5117577562
050-9468490,out-call,866,31.4419959323,34.3848438124
050-9515913,in-call,105,33.8880724556,35.5134311677
050-8478058,out-call,597,31.4290217077,34.3888392633
050-4714950,in-call,1662,33.8910066385,35.5130053512
050-6018180,out-call,3039,33.8774108505,35.5084748395
050-5548790,in-call,49,31.4475037011,34.3989745863
050-8552763,in-call,2150,33.8815340952,35.5037620008
