phone_number,call_type,call_duration,call_location_longitude,call_location_latitude
050-8683301,out-call,32,31.4463790327,34.4106844012
050-6672518,out-call,108,31.4201913461,34.3549350616
050-3949876,in-call,93,31.4735867566,34.4391010938
050-8422589,out-call,109,31.4376129525,34.4087917388
050-8233416,out-call,101,31.4812881495,34.4279836999
050-6955878,out-call,70,31.4145216839,34.3555687883
050-3114829,out-call,2967,31.4276042876,34.3770869688
