phone_number,call_type,call_duration,call_location_longitude,call_location_latitude
050-2657443,in-call,63,31.4382878368,34.395491078
050-3434460,in-call,1823,31.4743680365,34.455152636
050-1720870,in-call,112,31.4334537511,34.4049101188
050-7194166,in-call,751,31.4632078222,34.4246070322
050-4963538,in-call,2646,31.441119492,34.3964860346
050-2391237,out-call,3381,31.4222601055,34.3846819451
050-9633719,out-call,76,31.486495388,34.440799534
