phone_number,call_type,call_duration,call_location_longitude,call_location_latitude
050-2909488,out-call,1278,31.4078844539,34.3866224791
050-4996541,in-call,67,31.4118965071,34.3687407544
050-5725778,out-call,3461,31.4528351225,34.4159450029
050-5372105,out-call,2226,31.4933076109,34.4297347277
050-6755973,in-call,15,31.438051213,34.3791333578
050-8860060,out-call,712,31.4237592114,34.3940960436
050-4449707,out-call,2358,31.4607857677,34.4112793607
