phone_number,call_type,call_duration,call_location_longitude,call_location_latitude
050-8524586,in-call,89,31.4380785731,34.3932234794
050-1401727,out-call,625,31.4131307114,34.3674482983
050-9216673,in-call,83,31.3891413787,34.3339488626
050-5677155,in-call,70,31.4394624423,34.3927477887
050-3124586,out-call,690,31.4303669301,34.375454166
