phone_number,call_type,call_duration,call_location_longitude,call_location_latitude
050-8341260,out-call,168,31.4841853349,34.4521264613
050-1522384,out-call,407,31.4079925904,34.38098215
050-3774519,in-call,1203,31.4268571049,34.3913128221
050-1028675,in-call,118,31.4240587519,34.3746311475
050-7185545,in-call,96,31.4270799879,34.3733491571
