phone_number,call_type,call_duration,call_location_longitude,call_location_latitude
050-1583722,in-call,47,31.3793074887,34.3571295214
050-4139512,in-call,2740,31.4648405855,34.4164125735
050-3237216,out-call,461,31.4528877287,34.4023366275
050-1075090,in-call,89,31.380981283,34.3465833197
050-2442848,in-call,177,31.4714048826,34.4395248991
050-3828601,out-call,97,31.4272863106,34.4155282225
050-4021387,out-call,2170,31.4371010519,34.4053865203
