phone_number,call_type,call_duration,call_location_longitude,call_location_latitude
050-2694258,out-call,22,31.4385586147,34.4013063423
050-1399555,out-call,1154,31.4240451153,34.3757647011
050-6611029,in-call,1282,33.8792411223,35.5155045091
050-1981063,out-call,105,33.8853112735,35.5097425654
050-9697068,in-call,1215,33.8885973617,35.5162095958
