phone_number,call_type,call_duration,call_location_longitude,call_location_latitude
050-3604584,in-call,2683,31.4499294324,34.4027348628
050-2951943,in-call,108,31.4118323268,34.3653974771
050-4546314,out-call,46,31.4285906473,34.3846774369
050-3493825,out-call,3469,31.4589663487,34.4163008991
050-1214996,out-call,25,31.4322432058,34.3974143278
050-2133872,out-call,1402,31.426565578,34.3823247089
050-3726467,in-call,2747,31.4360265018,34.4006090514
050-4462789,out-call,55,31.431693773,34.3919402194
050-8888880,out-call,1080,31.4270671505,34.4005313058
