phone_number,call_type,call_duration,call_location_longitude,call_location_latitude
050-7861824,out-call,107,31.4730469992,34.4424930526
050-2852430,in-call,88,31.4229691993,34.3712632378
050-4908003,in-call,30,31.4488917919,34.414070864
050-8068213,out-call,101,31.4306141818,34.3860317588
050-9274987,in-call,2412,31.4588315242,34.3901154276
050-6335345,in-call,96,31.406368919,34.3784021133
050-7183720,in-call,81,31.4452668739,34.4125530887
