phone_number,call_type,call_duration,call_location_longitude,call_location_latitude
050-8245601,in-call,31,31.4112431998,34.3736414699
050-6309425,in-call,1856,31.4398265779,34.4091883522
050-2576759,in-call,3199,31.4414446003,34.3964694492
050-3987160,out-call,325,31.4366573345,34.3704520482
050-2815213,in-call,95,31.4318016434,34.384913394
