phone_number,call_type,call_duration,call_location_longitude,call_location_latitude
050-9318509,out-call,97,33.8878691263,35.5129970123
050-9050917,in-call,1474,31.4862121831,34.4580163715
050-6592420,out-call,30,31.4376077298,34.3965700118
050-9102994,in-call,945,31.4649998237,34.4397041084
050-9892206,in-call,104,31.4949017992,34.4624802207
050-9554049,out-call,104,31.463450304,34.4220019416
050-6993074,in-call,46,31.4506140329,34.3935032492
050-6589587,out-call,36,31.3814318088,34.3383235788
050-6494846,in-call,55,31.4084481529,34.3700269725
