phone_number,call_type,call_duration,call_location_longitude,call_location_latitude
050-4233824,out-call,3447,31.3928732277,34.3629274633
050-2096067,out-call,55,31.446444773,34.4016717379
050-3486650,out-call,43,31.4428450649,34.3981317967
050-3913911,in-call,31,31.3975800438,34.3626425445
050-5378667,out-call,1228,31.3833713124,34.3442343804
050-8617912,in-call,972,31.4131753246,34.3904963868
