phone_number,call_type,call_duration,call_location_longitude,call_location_latitude
050-5756820,out-call,1892,31.4550153702,34.4264818291
050-4269304,out-call,99,31.4731088201,34.4366516338
050-8166857,in-call,312,31.4452259529,34.3968574839
050-6477321,out-call,2531,31.4426062854,34.4151254341
050-9470790,in-call,3185,31.4717909253,34.4070754575
050-3482833,out-call,62,31.4536861845,34.4098877011
