phone_number,call_type,call_duration,call_location_longitude,call_location_latitude
050-6320798,out-call,1780,31.47835589,34.4304002639
050-1929409,in-call,3250,31.4342648549,34.4027848233
050-3129657,in-call,111,31.4066694716,34.3540435788
050-5042811,out-call,2538,31.4825724011,34.4458998026
050-9595677,out-call,3155,31.4665921884,34.4165578426
