phone_number,call_type,call_duration,call_location_longitude,call_location_latitude
050-5116544,out-call,80,31.4588700926,34.4228717363
050-9735120,out-call,2329,31.4280765088,34.38800042
050-7556075,out-call,2073,31.4276186615,34.391233442
050-8857877,in-call,2204,31.4649998237,34.4397041084
050-7671539,in-call,14,31.4391994806,34.393194761
050-1449412,in-call,114,31.4264677633,34.3925896625
050-2002246,in-call,57,31.4512932697,34.4197746837
