phone_number,call_type,call_duration,call_location_longitude,call_location_latitude
050-2096857,in-call,45,31.4674870264,34.4334534042
050-8307059,in-call,73,31.411385049,34.3792768725
050-6310843,in-call,39,31.4195090704,34.3769960927
050-5639391,in-call,2638,31.3733834106,34.3300081376
050-4234211,in-call,1528,31.4459599758,34.4029753603
