phone_number,call_type,call_duration,call_location_longitude,call_location_latitude
050-1336210,in-call,76,31.4530520998,34.4172835248
050-2104580,out-call,95,31.4133826355,34.3705785773
050-9021742,in-call,59,31.4447657183,34.4051175933
050-2062774,in-call,91,31.4767756537,34.4352317864
050-7721837,in-call,3068,31.4032382263,34.3645998476
