phone_number,call_type,call_duration,call_location_longitude,call_location_latitude
050-1029204,out-call,2416,31.447844989,34.4027976613
050-8408386,in-call,1883,31.4322499974,34.4091301472
050-4479449,out-call,88,31.4496599458,34.4056311838
050-8329183,in-call,88,31.4632078222,34.4246070322
050-1268025,out-call,87,31.4552804502,34.4307893871
050-7126306,out-call,1185,31.4288003178,34.3720300812
050-7027542,out-call,47,31.460711124,34.4149690869
