phone_number,call_type,call_duration,call_location_longitude,call_location_latitude
050-4452705,out-call,2869,31.4633355522,34.4205747121
050-6869382,out-call,71,31.433301002,34.3919105156
050-6254610,in-call,54,31.4600092659,34.4097110037
050-5998438,in-call,240,31.4600092659,34.4097110037
050-2874545,out-call,759,31.4708784341,34.4213646607
050-6142952,out-call,66,31.4649740924,34.4247039335
