phone_number,call_type,call_duration,call_location_longitude,call_location_latitude
050-1740899,out-call,2701,31.4615234046,34.4426912008
050-1302504,out-call,426,31.4375713511,34.3780101483
050-2504752,out-call,16,31.4239268998,34.3774730973
050-4324785,out-call,2158,31.4352748699,34.3846228994
050-6888362,in-call,119,31.4421359319,34.3993338819
050-1217113,in-call,309,31.4665697473,34.4383830502
050-7046380,out-call,787,31.3872411938,34.3453027767
050-4619019,in-call,35,31.4362033242,34.415442703
050-3361522,out-call,87,31.4210171668,34.3848340063
