phone_number,call_type,call_duration,call_location_longitude,call_location_latitude
050-1065821,out-call,2179,31.4222738399,34.376383858
050-5031004,out-call,68,31.420627133,34.3651292398
050-1408442,in-call,2127,31.4362988744,34.396070758
050-5246433,out-call,33,33.8851009659,35.509250327
050-4676406,out-call,2604,33.8811716617,35.5074714396
