phone_number,call_type,call_duration,call_location_longitude,call_location_latitude
050-5568755,in-call,36,31.4779768163,34.4395831845
050-1261314,out-call,447,31.4500644352,34.41578003
050-4868088,in-call,48,31.4125142848,34.3686799094
050-6740016,in-call,112,33.8832475932,35.5142060576
050-6951045,out-call,3466,33.8813340313,35.5064519047
050-1410114,in-call,23,33.8877602955,35.5151986479
050-7563933,out-call,619,31.4269019257,34.3783296823
050-2187682,in-call,695,33.880885515,35.5072911475
050-6072239,in-call,103,31.4475149552,34.4078233351
