phone_number,call_type,call_duration,call_location_longitude,call_location_latitude
050-2068074,out-call,1877,31.4253441693,34.3885136866
050-6689919,out-call,3428,31.5020581248,34.4738131202
050-2676551,out-call,647,31.3976208555,34.3428977704
050-6991322,out-call,45,31.4749107821,34.4487039302
050-6948655,out-call,3195,31.4649018837,34.4198138714
050-6710137,in-call,111,31.4054746487,34.3623875334
050-7359642,in-call,3280,31.4378455697,34.4148525741
050-1482344,out-call,1302,31.4375312313,34.4049457072
