phone_number,call_type,call_duration,call_location_longitude,call_location_latitude
050-9734556,in-call,18,31.4561857322,34.4165178031
050-1449284,in-call,2629,31.4640593376,34.4221472444
050-8234182,out-call,440,31.4043331918,34.3587170186
050-5361407,out-call,40,31.4242810469,34.3911934028
050-3556103,out-call,2821,31.4467729165,34.4073754885
050-7845814,in-call,10,31.3942298761,34.366059609
050-6053963,out-call,22,31.4354061198,34.4040168143
050-5415017,in-call,177,31.4482068051,34.4040083943
