phone_number,call_type,call_duration,call_location_longitude,call_location_latitude
050-1872049,in-call,39,31.3996115174,34.3508174634
050-9343373,in-call,3555,31.4438027925,34.4100448225
050-2142856,out-call,920,31.4292250624,34.3993286102
050-2417978,out-call,630,31.4535079327,34.4146466823
050-5668571,in-call,82,31.4330463428,34.3902271458
050-4062589,in-call,34,31.3955844173,34.3475590751
