phone_number,call_type,call_duration,call_location_longitude,call_location_latitude
050-9024814,in-call,1369,33.8828714497,35.507080714
050-1609570,out-call,43,33.8817445545,35.5084438397
050-5191828,out-call,38,33.8910066385,35.5130053512
050-7972756,in-call,50,33.8808541459,35.5097243466
050-2998530,out-call,1209,31.4343411187,34.3998402603
050-2373829,in-call,3300,31.4575223183,34.4176979887
050-7394077,in-call,2519,33.8813690928,35.5035318671
050-6444835,out-call,3300,33.8747129899,35.502366919
050-7932484,in-call,55,31.5013823605,34.4633660598
