phone_number,call_type,call_duration,call_location_longitude,call_location_latitude
050-2083278,in-call,11,31.4551613319,34.4246054506
050-9516988,in-call,1740,33.8897765122,35.5154448211
050-1119633,out-call,94,31.4662732252,34.4311797416
050-5825896,in-call,279,31.4526519686,34.4116326309
050-9458403,out-call,18,31.4385586147,34.4013063423
050-9620400,in-call,173,33.8798726866,35.5146291309
050-1102229,in-call,72,31.42278377,34.3630214432
050-7287439,out-call,14,31.4598308479,34.4163727959
