phone_number,call_type,call_duration,call_location_longitude,call_location_latitude
050-8353186,out-call,2643,33.8854794288,35.5059359521
050-7496277,in-call,3503,31.4534520428,34.3982397013
050-4064447,in-call,2096,31.4451347563,34.4081678073
050-5349678,in-call,111,31.4585401141,34.416253873
050-4751811,out-call,610,31.4784777028,34.4497611017
050-4855719,out-call,913,31.4360976126,34.3991730018
050-1163050,in-call,3016,31.433546232,34.3855150411
050-1815007,out-call,1164,31.4271750275,34.3799532929
050-1081708,out-call,105,31.4340107086,34.3879141019
