phone_number,call_type,call_duration,call_location_longitude,call_location_latitude
050-1224703,in-call,92,31.4787852733,34.4389749907
050-4737384,out-call,3079,31.4328667185,34.4082833473
050-3182165,out-call,46,31.4391514239,34.3977755393
050-6424078,out-call,118,31.4084184568,34.3644943961
050-4866701,out-call,3015,31.4474866153,34.4074059165
050-5102750,out-call,56,31.4328044296,34.4082060274
050-4279853,in-call,604,31.4954389043,34.4551628718
050-3466760,in-call,3049,31.4776078052,34.4431658607
