phone_number,call_type,call_duration,call_location_longitude,call_location_latitude
050-2891892,out-call,145,31.4346663936,34.4044361863
050-4335229,out-call,3277,31.4633683608,34.4336103653
050-3864169,in-call,13,31.4891331325,34.4448167716
050-2252734,out-call,72,31.4969543175,34.4634871125
050-4510704,in-call,41,31.4565726052,34.4041440784
050-9269442,out-call,10,31.4569110776,34.4271403561
050-9398394,in-call,2998,31.4492730365,34.4110924417
050-8458147,out-call,1233,31.4176362976,34.3889558843
