phone_number,call_type,call_duration,call_location_longitude,call_location_latitude
050-7236871,out-call,3184,31.4206767051,34.3735790874
050-5231258,out-call,1590,31.4129757898,34.3812392459
050-7416878,in-call,14,31.451267991,34.4143692781
050-2756464,out-call,1904,31.4392421433,34.3978114205
050-6372870,in-call,104,31.4027752489,34.3730704149
