phone_number,call_type,call_duration,call_location_longitude,call_location_latitude
050-6819861,out-call,1489,31.4187755708,34.3637748274
050-9408153,out-call,972,31.4620702612,34.4078180243
050-4213263,in-call,70,31.4303669301,34.375454166
050-8447365,in-call,2303,31.3963394091,34.3555962153
050-5721303,in-call,909,31.4473711283,34.4077755636
050-1587245,out-call,76,31.4260582524,34.3849388464
050-6242362,out-call,101,31.4582875396,34.44089451
050-9816704,in-call,35,31.4107548124,34.3812245468
