phone_number,call_type,call_duration,call_location_longitude,call_location_latitude
050-9897292,in-call,112,31.432945222,34.3855731757
050-9063993,in-call,1612,31.4484030138,34.4206621737
050-4764996,in-call,2915,31.4179692721,34.3655286149
050-5646078,in-call,43,31.4787793929,34.4342517489
050-5199245,out-call,14,31.4490581507,34.4315900331
050-8765462,in-call,2891,31.4703843891,34.435175899
050-2977711,out-call,368,31.4554797005,34.4135108376
050-6717143,out-call,78,31.4187917318,34.3704241863
