phone_number,call_type,call_duration,call_location_longitude,call_location_latitude
050-8991120,in-call,57,31.4688488867,34.4378515164
050-1861773,in-call,352,31.4525287484,34.4138521581
050-1442079,in-call,118,31.4412616292,34.3864220477
050-6250819,in-call,26,31.4192497366,34.3571652901
050-5201582,in-call,88,31.4433985212,34.4150353373
050-9850762,in-call,2824,31.4518681462,34.4110462701
050-1934324,out-call,93,31.4838993567,34.4468827832
050-1452228,out-call,28,31.4422802976,34.4169548265
050-7268804,out-call,354,31.4840374346,34.4434320577
