phone_number,call_type,call_duration,call_location_longitude,call_location_latitude
050-4393963,in-call,1909,31.3978811112,34.3503819519
050-6005517,in-call,27,31.4593226812,34.411206188
050-3978906,in-call,62,31.3920320863,34.3387423562
050-6909084,out-call,86,31.4552359202,34.4218806229
050-4539459,in-call,2621,31.4654376338,34.4247136166
050-1809435,out-call,2613,31.4826554996,34.4423955016
050-6153627,in-call,652,31.4497953815,34.4094928421
050-4978981,in-call,86,31.4700939862,34.4291516687
050-6750667,in-call,43,31.4520908046,34.4252686597
