phone_number,call_type,call_duration,call_location_longitude,call_location_latitude
050-8440553,out-call,2941,31.460781876,34.4278392587
050-6114903,in-call,79,31.4524980033,34.4181580358
050-5971443,in-call,99,31.4910526003,34.4658507752
050-4830470,out-call,62,31.4603717138,34.4216182076
050-4627554,in-call,12,31.4732531454,34.4453289501
050-3312463,in-call,52,31.4955484426,34.4502712782
050-6507029,out-call,102,31.4676830717,34.4319482098
050-2692389,out-call,66,31.4093868218,34.3707090685
