phone_number,call_type,call_duration,call_location_longitude,call_location_latitude
050-3722021,out-call,368,31.4508158748,34.4116155483
050-5182295,in-call,43,31.4110866374,34.3738252117
050-6079456,in-call,3582,31.4469459659,34.4139149238
050-9037801,in-call,37,31.4568610449,34.4442703806
050-5381007,out-call,1806,31.4754466607,34.4429383961
050-5060655,out-call,412,31.399568208,34.3701761599
050-4751681,out-call,2145,31.4562257299,34.407485409
