phone_number,call_type,call_duration,call_location_longitude,call_location_latitude
050-1495586,in-call,2528,31.4520045705,34.4165160076
050-3414726,out-call,1080,31.4912693283,34.4463476101
050-4511774,in-call,2367,31.4335551938,34.3866084369
050-1804620,out-call,95,31.4545350401,34.4213167293
050-2011349,out-call,2465,31.4379661856,34.3887840963
050-9844206,out-call,113,31.4565590108,34.4214185675
