phone_number,call_type,call_duration,call_location_longitude,call_location_latitude
050-1478463,in-call,22,31.4563172342,34.3968833647
050-1443017,out-call,3192,31.4599615626,34.4265338105
050-1341764,in-call,111,31.4369078124,34.3882136937
050-9178429,in-call,30,31.493782536,34.467954757
050-8417834,in-call,1153,31.4807435226,34.4451840038
