phone_number,call_type,call_duration,call_location_longitude,call_location_latitude
050-2072361,out-call,74,31.4555313959,34.4138723505
050-2674215,in-call,1237,31.4512780923,34.4142799075
050-8363143,out-call,89,31.4681438368,34.4358442864
050-1657259,in-call,2892,31.4587508674,34.4267716659
050-7979333,in-call,3600,31.4122062517,34.3700045598
050-8845967,out-call,340,31.4675901861,34.4251696304
050-7099403,in-call,23,31.458948767,34.4165541801
050-9384920,out-call,20,31.4613332504,34.4395100528
