phone_number,call_type,call_duration,call_location_longitude,call_location_latitude
050-9447496,in-call,94,31.4796846252,34.4399917651
050-3906161,in-call,1167,31.4617527908,34.4383458453
050-9735019,in-call,1777,31.4574727013,34.422808707
050-1257121,out-call,2902,31.4495657937,34.416463989
050-1742366,out-call,77,31.4518681462,34.4110462701
