phone_number,call_type,call_duration,call_location_longitude,call_location_latitude
050-6057572,out-call,2592,31.4550695827,34.4303251468
050-8481301,out-call,68,31.4605213558,34.4156564009
050-3822007,out-call,975,31.493782536,34.467954757
050-9458939,in-call,1472,31.4395626361,34.3906748215
050-1058268,out-call,103,31.4153662754,34.3677567961
050-1099183,in-call,1646,31.4743134187,34.442979748
