phone_number,call_type,call_duration,call_location_longitude,call_location_latitude
050-1424856,in-call,36,31.4447186083,34.41721048
050-8844019,out-call,266,31.4745083922,34.4320146954
050-7859461,out-call,2351,31.475916925,34.4415633871
050-4468610,out-call,3580,31.4493963003,34.4160769281
050-6324748,in-call,2123,31.3841319542,34.3454214962
050-4328471,in-call,10,31.4885116498,34.4571171188
050-8198258,in-call,172,31.4565048722,34.3890574599
050-3540394,in-call,3225,31.4764642686,34.4331414342
