phone_number,call_type,call_duration,call_location_longitude,call_location_latitude
050-7624212,in-call,68,31.3929267132,34.3488556283
050-8519607,out-call,13,31.4512780923,34.4142799075
050-6839975,out-call,36,31.3962183231,34.3519699686
050-7947118,out-call,50,31.4198709617,34.403520582
050-1070153,in-call,72,31.4929898357,34.4443925408
050-1413725,out-call,35,31.4566741914,34.4263430156
050-7610758,out-call,2037,31.4416875376,34.3912639609
050-1790859,in-call,50,31.4713206945,34.4375836174
