phone_number,call_type,call_duration,call_location_longitude,call_location_latitude
050-5616293,out-call,15,31.4719679733,34.442016477
050-2623418,out-call,17,31.4527398776,34.4163472893
050-3821620,in-call,1599,31.4619810966,34.4267384961
050-4929845,in-call,1352,31.4774268796,34.4335687687
050-4457391,in-call,1055,31.4124053666,34.3727202216
050-7737596,in-call,35,31.4632496542,34.4218347303
050-6016898,out-call,25,31.406901289,34.3711829403
050-9891967,in-call,214,31.4672664483,34.437167193
