phone_number,call_type,call_duration,call_location_longitude,call_location_latitude
050-7724153,out-call,24,31.4805725636,34.4397531475
050-6947207,in-call,22,31.4540998104,34.4270512393
050-5380907,in-call,1075,31.4867311396,34.4415294147
050-5205391,out-call,18,31.42459282,34.3661006437
050-2064578,out-call,2597,31.4531281335,34.4173018796
050-9812550,in-call,91,31.4564485984,34.3900531874
