phone_number,call_type,call_duration,call_location_longitude,call_location_latitude
050-9039190,in-call,25,31.4040873409,34.3690156328
050-3621990,out-call,2781,31.4122680793,34.3758885195
050-7313322,out-call,91,31.4788245593,34.4367937171
050-9383815,in-call,93,31.4207744219,34.4085767476
050-6802150,in-call,3483,31.4649364291,34.4230135258
050-2298923,in-call,3301,31.440316631,34.4175561366
050-6414164,in-call,1608,31.3815611954,34.3402374344
