phone_number,call_type,call_duration,call_location_longitude,call_location_latitude
050-5587467,out-call,3019,31.4211296112,34.3674513425
050-2813849,out-call,2209,31.4177409328,34.3606673554
050-7785037,in-call,56,31.4524403812,34.4117869733
050-5233546,out-call,12,31.4490057709,34.4151576669
050-5289277,in-call,903,31.4823763709,34.4382790856
050-2508191,in-call,70,31.4563352575,34.4231678044
050-4459972,out-call,55,31.398197516,34.3381763635
050-2619325,out-call,1097,31.4214708161,34.359967176
050-5656987,out-call,30,31.487265171,34.4463303569
