phone_number,call_type,call_duration,call_location_longitude,call_location_latitude
050-3067907,out-call,3094,31.4711178144,34.4178778003
050-5272106,in-call,1366,31.4787156236,34.4354459906
050-1106440,out-call,2188,31.4685024504,34.4203116071
050-7510655,out-call,120,31.4484662319,34.3824157451
050-6768830,in-call,2381,31.4501869498,34.4159313923
050-3081945,in-call,1996,31.4650176588,34.4349114112
050-1332123,in-call,82,31.4156905798,34.398289196
