phone_number,call_type,call_duration,call_location_longitude,call_location_latitude
050-9733017,in-call,2351,31.4584709783,34.4184800655
050-4146371,in-call,111,31.4687893882,34.4029168083
050-1596697,out-call,1416,31.4472144225,34.4108559679
050-3719993,in-call,3345,31.4631025246,34.4278868037
050-7055007,out-call,106,31.457420609,34.4181190701
050-7900098,in-call,2775,31.4187195646,34.370896626
050-1521746,in-call,301,31.4486946663,34.4100075969
050-2465682,out-call,730,31.4097232851,34.3710851573
050-4919689,out-call,75,31.4485690073,34.4142155502
