phone_number,call_type,call_duration,call_location_longitude,call_location_latitude
050-7412986,in-call,25,31.4801594329,34.4493537253
050-1341378,out-call,25,31.4792810731,34.4540739144
050-4192576,out-call,2501,31.461884707,34.4153433944
050-6551073,in-call,1851,31.4758775384,34.4406318098
050-2035955,in-call,1111,31.4476071334,34.4199758785
