phone_number,call_type,call_duration,call_location_longitude,call_location_latitude
050-4330265,in-call,784,31.4171555212,34.3665754921
050-6740182,in-call,71,31.3972021384,34.3519496205
050-7170346,out-call,2368,31.4377221522,34.3862446671
050-1099440,in-call,71,31.4393778871,34.4129509909
050-7800996,out-call,103,31.4746467002,34.4290587214
050-4413164,out-call,17,31.410660363,34.3598168316
