phone_number,call_type,call_duration,call_location_longitude,call_location_latitude
050-5741633,out-call,49,31.4014483949,34.3717084411
050-2898976,in-call,3020,31.498426332,34.4562950176
050-9842419,in-call,497,31.394008858,34.3447264158
050-6443070,out-call,57,31.4849454003,34.447693777
050-9007795,out-call,1969,31.4527390969,34.4097668952
050-3772527,out-call,49,31.4804998053,34.4470116578
050-6505718,out-call,36,31.4899421639,34.4684686492
