phone_number,call_type,call_duration,call_location_longitude,call_location_latitude
050-6016654,in-call,2482,31.4112538776,34.3663592944
050-9517686,out-call,97,31.460732042,34.4134270113
050-2945763,out-call,2090,31.4343562938,34.3863252806
050-6208381,in-call,3553,31.4198709617,34.403520582
050-9540221,in-call,40,31.4551068963,34.4087898552
050-8855686,in-call,60,31.5109106898,34.4595597395
050-7754859,in-call,846,31.4433416926,34.4122325316
050-5875017,in-call,1804,31.488467442,34.4577555303
050-5880449,out-call,3199,31.4480979116,34.3921802785
