phone_number,call_type,call_duration,call_location_longitude,call_location_latitude
050-4351106,out-call,2979,31.4015551238,34.3467572392
050-7607834,out-call,571,31.4597120224,34.4302843483
050-2356937,out-call,56,31.4854774888,34.4543077984
050-4033842,in-call,96,31.4708936187,34.4248203419
050-7057352,out-call,2453,31.4527669656,34.4141678453
050-2940281,in-call,103,31.4080836701,34.3695119274
050-2767715,out-call,1119,31.4528710862,34.4113977367
050-1509560,out-call,16,31.4591127192,34.4237737067
