phone_number,call_type,call_duration,call_location_longitude,call_location_latitude
050-9205354,out-call,313,31.4580278603,34.4161475389
050-8146751,in-call,69,31.4413528321,34.424101096
050-5850032,in-call,1938,31.4552359202,34.4218806229
050-4232695,out-call,1035,31.4103096069,34.38222569
050-4151492,out-call,1515,31.4424835496,34.4155205286
