phone_number,call_type,call_duration,call_location_longitude,call_location_latitude
050-5872291,out-call,71,31.3948879275,34.3653801567
050-9997618,out-call,59,31.4794465768,34.4557834567
050-5480982,out-call,119,31.428588647,34.3943121059
050-1427305,in-call,64,31.4640690655,34.4291798695
050-4316221,in-call,119,31.437552405,34.3851096326
050-6352053,out-call,99,31.4741628531,34.4604923804
050-5882597,out-call,674,31.4353627197,34.3990074199
050-6344428,out-call,1791,31.4545542565,34.4116130094
