phone_number,call_type,call_duration,call_location_longitude,call_location_latitude
050-4357807,out-call,2709,31.4613531219,34.4343410452
050-6227699,out-call,551,31.4943523499,34.4670412302
050-7970586,in-call,82,31.4555262965,34.3830235859
050-8717170,out-call,2232,31.4454345026,34.4309208369
050-6156290,in-call,2090,31.4097232851,34.3710851573
