phone_number,call_type,call_duration,call_location_longitude,call_location_latitude
050-9165295,out-call,40,31.4545542565,34.4116130094
050-5787062,in-call,93,31.4770036529,34.4275711595
050-6222907,in-call,2678,31.3810729087,34.3431676622
050-6063792,in-call,216,31.4087034385,34.3712107025
050-8291861,in-call,109,31.4480980345,34.384329873
050-3336697,out-call,2941,31.4748263331,34.4290183606
050-4013059,in-call,86,31.4538279025,34.4139408341
