phone_number,call_type,call_duration,call_location_longitude,call_location_latitude
050-7874146,in-call,916,31.4685024504,34.4203116071
050-5966740,out-call,2705,31.4637238147,34.4217598776
050-8223803,in-call,472,31.4804998053,34.4470116578
050-4656905,out-call,2357,31.4623919466,34.4379589508
050-8225566,in-call,88,31.4434100947,34.3894049078
050-2655841,out-call,927,31.4696806259,34.4177814993
