phone_number,call_type,call_duration,call_location_longitude,call_location_latitude
050-1840867,out-call,72,31.4324172552,34.4180121513
050-2457339,in-call,728,31.432341552,34.3842702524
050-4345807,out-call,38,31.4694094289,34.4159234357
050-1626527,out-call,3096,31.3896208494,34.3448966316
050-5016542,in-call,425,31.4708031409,34.434259672
