phone_number,call_type,call_duration,call_location_longitude,call_location_latitude
050-3646044,out-call,12,31.4595491566,34.4312161001
050-7302559,out-call,2321,31.4191146131,34.3682666644
050-5882867,out-call,62,31.4726261904,34.4280875368
050-8467242,in-call,1070,31.4623187353,34.4015814418
050-3106103,in-call,30,31.4094524058,34.3709266981
050-9232461,out-call,803,31.4718539929,34.4227112306
