phone_number,call_type,call_duration,call_location_longitude,call_location_latitude
050-1711221,out-call,63,31.4656729984,34.427087863
050-4255472,in-call,1973,31.4742074474,34.4558649624
050-6729303,out-call,1795,31.4077805757,34.3703396697
050-4771323,in-call,23,31.4383538914,34.390182563
050-1345363,in-call,12,31.4395414197,34.3889116652
050-5647688,out-call,1518,31.438960629,34.4227703947
050-3625350,out-call,1422,31.4740235596,34.4327565465
050-2757683,in-call,2603,31.4484926629,34.4161332014
050-1501810,in-call,29,31.4683774744,34.4396244413
