phone_number,call_type,call_duration,call_location_longitude,call_location_latitude
050-9508652,in-call,29,31.4604443961,34.4326620124
050-1044920,out-call,728,31.4704891098,34.4463243363
050-9939267,in-call,1987,31.4089045833,34.3570312404
050-3793534,out-call,16,31.4586559461,34.4161997161
050-6473768,in-call,194,31.4470421568,34.4043577597
