phone_number,call_type,call_duration,call_location_longitude,call_location_latitude
050-3974904,in-call,1739,31.4609313664,34.4154692021
050-8303374,in-call,97,31.4406550787,34.4127199193
050-9368639,in-call,66,31.4561369462,34.4104785444
050-7507270,out-call,951,31.4470298881,34.4237580242
050-1172295,out-call,106,31.3833024421,34.34533802
050-1806443,out-call,117,31.4568005036,34.4364340922
