phone_number,call_type,call_duration,call_location_longitude,call_location_latitude
050-2309500,in-call,2162,31.4119157513,34.3684194438
050-2094290,in-call,1341,31.3765369377,34.3338884187
050-3905811,out-call,23,31.4947488772,34.4660401042
050-8034120,in-call,3249,31.4570486964,34.4316208801
050-6462652,in-call,28,31.4619810966,34.4267384961
