phone_number,call_type,call_duration,call_location_longitude,call_location_latitude
050-8125687,in-call,207,31.4541589631,34.4054997136
050-5598382,in-call,2132,31.4608003056,34.4244494818
050-7854471,out-call,905,31.4493483661,34.4022765803
050-8781760,out-call,2153,31.4270603156,34.3822359683
050-1562632,in-call,1968,31.4788414802,34.4279272339
