phone_number,call_type,call_duration,call_location_longitude,call_location_latitude
050-3819751,in-call,2248,31.4540134056,34.4122865684
050-1922954,in-call,68,31.4402840932,34.3871120656
050-6314643,in-call,120,31.4534451569,34.4113562569
050-7461597,in-call,3392,31.3952005458,34.3526302561
050-3787680,out-call,3399,31.4555281901,34.4175047603
050-7038227,in-call,94,31.4511113213,34.4327574836
