phone_number,call_type,call_duration,call_location_longitude,call_location_latitude
050-7328694,out-call,71,31.3965950393,34.3531658654
050-6740700,in-call,115,31.40819454,34.3589957761
050-8256518,in-call,16,31.4351810924,34.3873337958
050-8918126,in-call,68,31.4609446601,34.4063397126
050-5804524,in-call,85,31.4169625325,34.3699666484
050-8314229,out-call,1160,31.4820625813,34.4514127559
