phone_number,call_type,call_duration,call_location_longitude,call_location_latitude
050-2958689,out-call,502,31.4424821245,34.3780701319
050-6193851,in-call,1810,31.4444589128,34.3763515875
050-4219392,out-call,63,31.4262413997,34.3832549953
050-1357894,in-call,25,31.4464719893,34.3915877011
050-3676058,out-call,103,31.4605213558,34.4156564009
050-4709469,in-call,417,31.4424857656,34.3788997241
050-9915521,out-call,2440,31.4060715961,34.3740755439
050-3423576,in-call,30,31.4581827514,34.4224292784
