phone_number,call_type,call_duration,call_location_longitude,call_location_latitude
050-7668293,out-call,2742,31.4546113487,34.4237984312
050-4406953,out-call,100,31.3965950393,34.3531658654
050-2517614,in-call,1592,31.4734640771,34.420675162
050-1252036,in-call,1383,31.4560885334,34.4055228224
050-5287765,in-call,2552,31.4073868279,34.3763047638
050-6426523,out-call,913,31.406936325,34.380292758
050-7777857,in-call,110,31.455865399,34.421733042
050-1005415,in-call,1413,31.4800162252,34.4437385891
