phone_number,call_type,call_duration,call_location_longitude,call_location_latitude
050-5663883,in-call,2472,31.4448120169,34.4128287802
050-1460130,in-call,1896,31.455740899,34.4219564912
050-3583787,out-call,1681,31.4504145185,34.413904905
050-1565716,in-call,22,31.471034349,34.4424066555
050-8977435,in-call,39,31.4696657302,34.4366511399
050-1818712,out-call,58,31.5075164378,34.4754293315
050-4122332,in-call,1515,31.4658755644,34.4259949352
050-7481670,out-call,1027,31.474171466,34.4453427601
