phone_number,call_type,call_duration,call_location_longitude,call_location_latitude
050-5490959,in-call,2840,31.4589300877,34.413355973
050-1586435,out-call,51,31.4491291559,34.4104953462
050-4375475,out-call,3578,31.4729712758,34.4360199676
050-2945230,in-call,3098,31.4080836701,34.3695119274
050-9994840,out-call,2404,31.4579749736,34.4218149338
050-5053231,in-call,2812,31.4818755049,34.4380888319
050-5560810,out-call,89,31.3740133225,34.3402241536
050-1104395,out-call,1631,31.4676671962,34.4253619085
