phone_number,call_type,call_duration,call_location_longitude,call_location_latitude
050-3954615,in-call,802,31.4031942071,34.3664641887
050-9876063,in-call,42,31.4774417134,34.4353094538
050-2165853,in-call,3230,31.3962577427,34.3658503049
050-5512956,out-call,1489,31.4592957266,34.4201480978
050-7477517,in-call,1039,31.4555997511,34.418342668
