phone_number,call_type,call_duration,call_location_longitude,call_location_latitude
050-9292771,out-call,12,31.4844061684,34.4583070165
050-3861927,in-call,2039,31.408966348,34.3714203459
050-8969911,in-call,927,31.4751047438,34.4435120603
050-4751830,in-call,118,31.4492923934,34.3887377921
050-2235439,out-call,1749,31.4771002081,34.4511613203
050-4000455,out-call,1078,31.4195764567,34.3626912749
050-7171476,in-call,2195,31.4401244479,34.3881305116
050-2284735,in-call,3425,31.4166515881,34.3990724059
050-4164309,in-call,1951,31.4649313189,34.4233249471
