phone_number,call_type,call_duration,call_location_longitude,call_location_latitude
050-6579717,out-call,2346,31.4640685396,34.4219469919
050-1923995,in-call,3422,31.4106767328,34.3705481671
050-9464129,out-call,120,31.4083083751,34.3744860364
050-6898899,out-call,151,31.4838993567,34.4468827832
050-8897028,in-call,96,31.4157619174,34.3693282246
050-8865367,out-call,2161,31.4788264753,34.4272652061
050-7136273,in-call,64,31.3492510245,34.3239330905
050-9304003,in-call,24,31.4845379839,34.4509081738
050-6768853,out-call,60,31.4702584108,34.4235363802
