phone_number,call_type,call_duration,call_location_longitude,call_location_latitude
050-2166229,out-call,112,31.468568149,34.4304771016
050-4273376,out-call,106,31.4750206819,34.4618133475
050-9456648,in-call,1559,31.4655281397,34.4305610139
050-6144942,out-call,32,31.4600903271,34.4170345021
050-9575374,out-call,3209,31.4595837945,34.4177424413
050-8029234,out-call,80,31.4461536446,34.4213858179
050-7340032,out-call,20,31.4522819763,34.4123977751
050-2794655,out-call,72,31.4490749763,34.4166342963
050-1438195,in-call,2810,31.4679886778,34.4144973295
