phone_number,call_type,call_duration,call_location_longitude,call_location_latitude
050-9274000,in-call,2869,31.4520931843,34.4180418999
050-9052435,out-call,2922,31.4130511589,34.3701767223
050-1486491,in-call,74,31.460781876,34.4278392587
050-5326268,out-call,2854,31.4472914723,34.4098340673
050-7640883,out-call,41,31.4542242134,34.4163847008
050-7293457,out-call,1342,31.483967289,34.4275863286
050-4810914,in-call,1905,31.4581827514,34.4224292784
