phone_number,call_type,call_duration,call_location_longitude,call_location_latitude
050-2448584,in-call,1221,31.458571986,34.3966786017
050-4400561,out-call,21,31.4571108156,34.4265635157
050-2979834,out-call,39,31.4731446669,34.4217549063
050-6690541,out-call,3054,31.4707470433,34.4324593592
050-1730610,in-call,651,31.4656897534,34.4085600461
050-7840668,out-call,1474,31.495242648,34.4551129446
050-7421744,out-call,86,31.4929207075,34.4483346972
