phone_number,call_type,call_duration,call_location_longitude,call_location_latitude
050-1977456,in-call,93,31.4943035394,34.4533059119
050-1719628,in-call,2893,31.4855828317,34.4487197936
050-6222525,in-call,3191,31.4603245138,34.4186756525
050-2743701,out-call,3488,31.4406550787,34.4127199193
050-7126401,out-call,1541,31.4501674529,34.4152219216
050-9323780,in-call,1194,31.4847633555,34.447146525
050-8200055,in-call,77,31.4073868279,34.3763047638
050-8505278,in-call,93,31.4606807978,34.4266625123
