phone_number,call_type,call_duration,call_location_longitude,call_location_latitude
050-1107278,out-call,877,31.4587495245,34.4282512095
050-4633216,out-call,1264,31.4545350401,34.4213167293
050-3649121,out-call,2983,31.4891447743,34.4467535585
050-2168581,out-call,44,31.4501680283,34.4130919545
050-8004751,in-call,3033,31.4565746793,34.4162119077
050-2778890,in-call,741,31.4568618145,34.4171850654
050-8303071,in-call,1459,31.435100299,34.3855383614
