phone_number,call_type,call_duration,call_location_longitude,call_location_latitude
050-9769112,out-call,316,31.444552898,34.3913045356
050-4775698,in-call,91,31.4560168339,34.4033775808
050-6367062,in-call,96,31.4750228052,34.4626616855
050-3998877,out-call,48,31.4108023942,34.3666660617
050-6772758,out-call,95,31.4618056615,34.4246353741
050-6396979,out-call,75,31.4613332504,34.4395100528
050-3044990,in-call,293,31.4838028112,34.4494553552
050-4140576,out-call,1775,31.3878727512,34.3310689949
