phone_number,call_type,call_duration,call_location_longitude,call_location_latitude
050-2483093,out-call,2565,31.4593432428,34.4319167732
050-6874672,in-call,1727,31.4169625325,34.3699666484
050-2094806,in-call,46,31.4774268796,34.4335687687
050-3118058,in-call,25,31.4762996395,34.4359509497
050-8130969,out-call,73,31.423483446,34.3655155728
050-9684902,in-call,1748,31.4518681462,34.4110462701
050-6368045,in-call,19,31.479035083,34.4210583502
050-8324792,in-call,3048,31.4899421639,34.4684686492
