phone_number,call_type,call_duration,call_location_longitude,call_location_latitude
050-4121601,in-call,1442,31.4630057841,34.4204173661
050-4284057,in-call,40,31.4483097131,34.4223316496
050-4315325,out-call,15,31.4949838944,34.4590190316
050-9679068,out-call,89,31.4542242134,34.4163847008
050-1938665,out-call,2030,31.4304589937,34.3994686886
050-8272375,out-call,2775,31.3976604475,34.3657595554
