phone_number,call_type,call_duration,call_location_longitude,call_location_latitude
050-6216192,out-call,54,31.4040873409,34.3690156328
050-9163196,in-call,83,31.4475585857,34.4191477948
050-6903152,out-call,1888,31.3778497567,34.3341065569
050-4984801,out-call,1669,31.4127765418,34.372936411
050-9387601,in-call,18,31.3893992936,34.3371229604
050-9982033,in-call,2050,31.4750228052,34.4626616855
