phone_number,call_type,call_duration,call_location_longitude,call_location_latitude
050-2953086,out-call,82,31.4372711118,34.4034832715
050-4174768,out-call,2498,31.3942897748,34.3641532407
050-9027210,in-call,950,31.4495430978,34.4219857158
050-2493466,in-call,69,31.4188933366,34.3712739888
050-4656687,out-call,11,31.4452887019,34.4027580374
050-6953258,in-call,13,31.46864911,34.433942424
