phone_number,call_type,call_duration,call_location_longitude,call_location_latitude
050-1855837,in-call,105,31.4088598301,34.3752045361
050-6569514,out-call,67,31.4139139014,34.3671335731
050-6277417,out-call,1898,31.4727849042,34.4322492746
050-6901003,in-call,28,31.4614709727,34.4189885561
050-4128999,out-call,109,31.4718539929,34.4227112306
