phone_number,call_type,call_duration,call_location_longitude,call_location_latitude
050-3090604,in-call,92,31.3939719701,34.3654224181
050-3693167,out-call,69,31.4550476705,34.4177584331
050-6574522,in-call,830,31.4484662319,34.3824157451
050-3211211,out-call,1313,31.3941287499,34.348941612
050-4228408,out-call,3170,31.4731392806,34.4375305154
050-9616745,out-call,904,31.4697934428,34.4299608611
050-4983707,out-call,110,31.448087026,34.4259074349
