phone_number,call_type,call_duration,call_location_longitude,call_location_latitude
050-3546816,in-call,50,31.4359081771,34.3899310145
050-6061699,in-call,3056,31.4122669935,34.3674592315
050-3707045,out-call,1957,31.4601866686,34.432542857
050-1185015,out-call,85,31.3922264254,34.3440613795
050-1400026,out-call,88,31.451018948,34.4092977545
050-1336562,out-call,37,31.4844595396,34.4395222146
050-5688635,in-call,474,31.437537831,34.4141761559
050-6942660,in-call,81,31.4802998088,34.4401269621
050-4117535,out-call,114,31.4620988315,34.4186650782
