phone_number,call_type,call_duration,call_location_longitude,call_location_latitude
050-1211356,out-call,2767,31.4436259822,34.4133619643
050-1488893,out-call,3019,31.43904428,34.427278456
050-3998357,out-call,2149,31.4720391744,34.437622742
050-9282812,out-call,17,31.4605213558,34.4156564009
050-3744704,in-call,764,31.4635114691,34.4209630368
050-5231958,in-call,1415,31.4837751093,34.4470801326
