phone_number,call_type,call_duration,call_location_longitude,call_location_latitude
050-8429532,out-call,2821,31.4448948713,34.4157092022
050-2539306,out-call,11,31.4754466607,34.4429383961
050-5099159,in-call,35,31.4366624523,34.3892339106
050-9432431,in-call,614,31.4558061855,34.4255347444
050-5540665,out-call,3073,31.4839692301,34.4470652742
