phone_number,call_type,call_duration,call_location_longitude,call_location_latitude
050-6580457,out-call,55,31.4551919765,34.4205058124
050-4350803,out-call,1322,31.4783121554,34.4431687838
050-1549323,out-call,18,31.4448692311,34.4034668264
050-9927493,in-call,398,31.4827897458,34.4421824179
050-5935428,out-call,2165,31.4298523243,34.3780844638
