phone_number,call_type,call_duration,call_location_longitude,call_location_latitude
050-6394369,in-call,47,31.4620124154,34.4336684708
050-3646351,in-call,488,31.4108682321,34.3814574251
050-9729587,out-call,1130,31.4486841192,34.4053449527
050-4299272,in-call,1532,31.4251422862,34.3862052546
050-7028390,out-call,3153,31.3962979903,34.365427726
050-4693078,in-call,1090,31.4373367989,34.4072281092
050-3974309,out-call,1360,31.4338325113,34.4039333669
050-2590476,out-call,104,31.4363784459,34.40657836
050-1951293,in-call,658,31.4140106792,34.3656523064
