phone_number,call_type,call_duration,call_location_longitude,call_location_latitude
050-1338289,in-call,2793,31.4520908046,34.4252686597
050-7359189,out-call,210,31.3947273627,34.3654220772
050-3533054,out-call,56,31.4315163123,34.4014536277
050-8442964,in-call,107,31.4103096069,34.38222569
050-5727056,in-call,2777,31.4566796353,34.4309474487
050-7201105,out-call,3080,31.4286882878,34.3939414941
050-1043880,out-call,70,31.4225744451,34.3822001613
050-8430133,out-call,62,31.4395626361,34.3906748215
