phone_number,call_type,call_duration,call_location_longitude,call_location_latitude
050-1367074,out-call,3504,31.3929267132,34.3488556283
050-6249530,out-call,71,31.4595837945,34.4177424413
050-8087925,out-call,44,31.3759686552,34.3300960817
050-8919394,in-call,3562,31.4125953651,34.3720792664
050-9087532,in-call,45,31.4722495377,34.4371555685
050-6847576,in-call,112,31.4614942493,34.4257699606
