phone_number,call_type,call_duration,call_location_longitude,call_location_latitude
050-3344083,out-call,10,31.3700678243,34.3286565723
050-9497946,in-call,28,31.4541613266,34.4097906396
050-8834736,in-call,75,31.4454266461,34.4137820607
050-4719798,in-call,2489,31.4398895008,34.4124118716
050-1761803,in-call,764,31.438960629,34.4227703947
