phone_number,call_type,call_duration,call_location_longitude,call_location_latitude
050-5168579,out-call,3594,31.4328632078,34.386370289
050-4145205,in-call,116,31.4546113487,34.4237984312
050-7909974,out-call,1773,31.3972021384,34.3519496205
050-2390122,in-call,2821,31.4555281901,34.4175047603
050-6693246,in-call,60,31.4528375228,34.4118937631
050-3446693,in-call,3470,31.4804233635,34.4489946162
050-2635659,in-call,2041,31.443015707,34.4153160571
050-3241515,out-call,1265,31.4109317005,34.3661170349
