phone_number,call_type,call_duration,call_location_longitude,call_location_latitude
050-2007580,in-call,1606,31.4396861122,34.4159522766
050-6249861,out-call,766,31.4532572839,34.421373547
050-9579585,in-call,90,31.4207556733,34.3561034104
050-4789212,in-call,1983,31.4597845242,34.4249816493
050-6567487,in-call,58,31.497388001,34.4630613619
050-4701016,out-call,1451,31.472637675,34.4369140431
