phone_number,call_type,call_duration,call_location_longitude,call_location_latitude
050-2912185,in-call,41,31.4555262965,34.3830235859
050-4906976,out-call,101,31.4847115807,34.4399936589
050-1036964,in-call,1804,31.4405153581,34.3892633691
050-5062259,in-call,51,31.4011825934,34.3446688855
050-1395762,in-call,26,31.4654376338,34.4247136166
050-8101519,in-call,141,31.3963533475,34.3480888015
050-4424717,in-call,90,31.4757337532,34.4433054002
