phone_number,call_type,call_duration,call_location_longitude,call_location_latitude
050-5117849,in-call,95,31.4697586736,34.4484199851
050-9540292,in-call,63,31.36298942,34.3096909348
050-3919664,out-call,1886,31.3766507772,34.3214382472
050-6742375,out-call,3188,31.4526881234,34.407419899
050-5482866,in-call,14,31.3831445492,34.3509438362
050-8057019,in-call,60,31.4772391261,34.4305635567
