phone_number,call_type,call_duration,call_location_longitude,call_location_latitude
050-1566515,out-call,72,31.4497656325,34.429607285
050-7193075,in-call,3056,31.472457782,34.4470888174
050-7405672,in-call,498,31.4520363095,34.4222165342
050-3921884,in-call,93,31.4545681519,34.4199040741
050-1697487,out-call,39,31.4463122737,34.390845596
