phone_number,call_type,call_duration,call_location_longitude,call_location_latitude
050-7246916,in-call,89,31.4527669656,34.4141678453
050-5667899,out-call,74,31.4124330635,34.3962726719
050-4042039,in-call,3259,31.4402840932,34.3871120656
050-7678476,out-call,1497,31.4141301223,34.3893600034
050-1727543,in-call,114,31.3775284691,34.3325074382
