phone_number,call_type,call_duration,call_location_longitude,call_location_latitude
050-6624045,in-call,2838,31.4725311507,34.4390699319
050-8040943,out-call,51,31.4667340837,34.41571612
050-8247109,in-call,1952,31.4636173934,34.4116596399
050-8338702,in-call,2008,31.478674876,34.4391922854
050-7597060,out-call,32,31.4038859066,34.3662881844
050-9278048,out-call,1570,31.4823665581,34.4681855096
050-2939735,out-call,76,31.4590230471,34.4239576664
