phone_number,call_type,call_duration,call_location_longitude,call_location_latitude
050-2674878,in-call,96,31.4757337532,34.4433054002
050-4896667,out-call,1225,31.3909285993,34.3529818997
050-3226318,in-call,1993,31.4176636461,34.3654709939
050-5038096,out-call,39,31.4527470083,34.42014907
050-4518097,in-call,62,31.4162792059,34.3705713561
050-5532147,in-call,2723,31.4542242134,34.4163847008
