phone_number,call_type,call_duration,call_location_longitude,call_location_latitude
050-1386657,in-call,2884,31.41182839,34.3758399404
050-2113846,in-call,50,31.4679919105,34.434584837
050-9430035,in-call,1609,31.4537681603,34.4471489365
050-3279879,in-call,181,31.4585143414,34.4300812224
050-3392389,in-call,80,31.4550496097,34.4071604102
050-2822262,in-call,2890,31.4604847284,34.4358425676
050-1168474,in-call,1113,31.4757337532,34.4433054002
