phone_number,call_type,call_duration,call_location_longitude,call_location_latitude
050-5634973,in-call,2522,31.4722948246,34.4338796065
050-3903725,in-call,1967,31.4322934596,34.3771096492
050-8449105,in-call,120,31.4502677456,34.4195988324
050-4450631,out-call,41,31.4353875939,34.4064994719
050-3417308,in-call,84,31.4349385559,34.4074187401
