phone_number,call_type,call_duration,call_location_longitude,call_location_latitude
050-4431646,out-call,113,31.4704891098,34.4463243363
050-7914144,in-call,2701,31.4595216132,34.3981675314
050-3827114,out-call,94,31.4671155582,34.4426953891
050-6316664,in-call,27,31.4833230677,34.4324186827
050-1900992,in-call,34,31.4030816447,34.3807431312
050-5003541,out-call,1136,31.4713742553,34.4166533208
050-8795814,in-call,1610,31.448885349,34.4236189186
