phone_number,call_type,call_duration,call_location_longitude,call_location_latitude
050-7689569,out-call,573,31.4148309985,34.371571824
050-4659245,out-call,1696,31.447923888,34.404375011
050-7081691,in-call,66,31.3930498573,34.3658971186
050-5300967,in-call,76,31.426316404,34.3822391731
050-5390955,in-call,1277,31.4466997973,34.4190922568
