phone_number,call_type,call_duration,call_location_longitude,call_location_latitude
050-8116067,out-call,2762,31.4412515447,34.4139064769
050-9274340,out-call,13,31.4608352914,34.4340042199
050-5678063,in-call,44,31.3831322989,34.3428198075
050-8353500,in-call,1679,31.4620124154,34.4336684708
050-2491930,in-call,87,31.4428631278,34.4122127122
