phone_number,call_type,call_duration,call_location_longitude,call_location_latitude
050-5048959,out-call,16,31.4606587994,34.4105023689
050-8121382,in-call,73,31.4084774927,34.3456713983
050-2764041,in-call,38,31.5198266864,34.4865843077
050-9887702,out-call,1540,31.4407201382,34.3880815707
050-1778860,in-call,1159,31.4493345433,34.415891581
050-4072246,out-call,31,31.4785600102,34.4446776662
050-1014259,in-call,39,31.4518930776,34.4140584196
050-2098562,out-call,11,31.4364974067,34.4038459449
