phone_number,call_type,call_duration,call_location_longitude,call_location_latitude
050-2989621,out-call,111,31.4637238147,34.4217598776
050-7905824,in-call,304,31.4450127165,34.4105937168
050-4097939,in-call,107,31.4087284982,34.376783767
050-5877125,out-call,3170,31.4806767148,34.4408022479
050-4785970,out-call,106,31.404524697,34.3661350194
