phone_number,call_type,call_duration,call_location_longitude,call_location_latitude
050-9855053,in-call,85,31.4034377289,34.3772579836
050-5650585,in-call,108,31.4819703061,34.4558694574
050-4348297,out-call,77,31.3991037752,34.3481995331
050-5067380,out-call,2432,31.4716887319,34.4367114744
050-2711722,in-call,1477,31.4104269762,34.3682801627
050-8065087,in-call,21,31.4562257299,34.407485409
050-2364540,in-call,2095,31.4467478243,34.4167580305
050-5943715,in-call,36,31.4458531724,34.4144221978
050-4595039,in-call,67,31.4740455907,34.4421110586
