phone_number,call_type,call_duration,call_location_longitude,call_location_latitude
050-8867067,out-call,84,31.4681477293,34.4410146879
050-9258669,out-call,35,31.3650861948,34.3234230455
050-3086108,in-call,16,31.4588018273,34.4073392591
050-6011247,out-call,1754,31.4728072149,34.4379491653
050-4832844,in-call,39,31.4620429405,34.4313893134
050-9973283,out-call,115,31.4634009541,34.4193245409
