phone_number,call_type,call_duration,call_location_longitude,call_location_latitude
050-4548274,in-call,1359,31.4110004381,34.3753764133
050-7188067,in-call,96,31.4565048722,34.3890574599
050-7057010,in-call,56,31.4491812718,34.4141618964
050-2830062,in-call,2711,31.3962176285,34.3502936843
050-9520842,out-call,93,31.4148309985,34.371571824
050-8451698,out-call,2722,31.4370623027,34.4162561608
