phone_number,call_type,call_duration,call_location_longitude,call_location_latitude
050-5936313,in-call,334,31.4497656325,34.429607285
050-3578434,in-call,101,31.4543059126,34.4177259171
050-5901110,out-call,1457,31.4425597092,34.4213049479
050-2836768,out-call,110,31.4084798647,34.3755120469
050-1148227,out-call,3046,31.4641338309,34.4231113598
