phone_number,call_type,call_duration,call_location_longitude,call_location_latitude
050-3097620,in-call,32,31.4522895226,34.4207387862
050-1886160,in-call,59,31.4503678979,34.4213463696
050-7352663,in-call,31,31.4492474689,34.4121373951
050-5071422,in-call,1304,31.4541613266,34.4097906396
050-6113925,in-call,110,31.4486669177,34.4108955451
050-8846699,in-call,2780,31.4585079183,34.4243020505
050-3004540,out-call,2368,31.3922264254,34.3440613795
050-7415599,out-call,85,31.4513935565,34.3935425193
