phone_number,call_type,call_duration,call_location_longitude,call_location_latitude
050-6264679,out-call,411,31.3862426185,34.3412319295
050-4947639,out-call,3556,31.4657461409,34.4291721565
050-4057647,in-call,1778,31.48614391,34.4450965719
050-3467341,in-call,90,31.461227415,34.4238509328
050-7389078,in-call,21,31.4874216063,34.4379888242
050-5431655,out-call,54,31.4102718207,34.3836145828
050-7207048,out-call,48,31.4545231369,34.4136456723
050-1193655,in-call,110,31.4666521261,34.4127205101
