phone_number,call_type,call_duration,call_location_longitude,call_location_latitude
050-1919943,in-call,1368,31.3906685064,34.3358486865
050-7545847,in-call,56,31.4090923578,34.3826789066
050-6154584,out-call,2914,31.4622643316,34.4310144638
050-8317479,in-call,87,31.4426277634,34.413364828
050-1619885,out-call,1781,31.4370237445,34.4153312545
