phone_number,call_type,call_duration,call_location_longitude,call_location_latitude
050-2903156,in-call,830,31.4395386713,34.4114137344
050-6231338,out-call,2655,31.4636618738,34.4178019602
050-1912174,out-call,1735,31.4885116498,34.4571171188
050-9218273,out-call,51,31.4754466607,34.4429383961
050-6730478,out-call,1329,31.43914745,34.3856086234
050-1632372,out-call,744,31.4837751093,34.4470801326
050-8828762,in-call,74,31.4619896643,34.4394558959
