phone_number,call_type,call_duration,call_location_longitude,call_location_latitude
050-3412221,in-call,68,31.4718381075,34.4301420025
050-1625472,out-call,3516,31.4328277996,34.3863938987
050-7908894,in-call,31,31.462762264,34.4206597931
050-4604877,in-call,3220,31.4384874109,34.3882144647
050-4810105,in-call,55,31.4608125998,34.4169705429
050-5700779,in-call,30,31.4806767148,34.4408022479
050-4006857,out-call,49,31.5146662423,34.4657898052
050-1567575,in-call,65,31.4569597751,34.426642922
