phone_number,call_type,call_duration,call_location_longitude,call_location_latitude
050-9408642,out-call,67,31.4616095377,34.4302013809
050-1884050,in-call,29,31.4414360708,34.4169856785
050-6077943,in-call,1438,31.4366480719,34.4152831539
050-5540901,in-call,1769,31.4697586736,34.4484199851
050-7084528,in-call,105,31.4544885598,34.4104676694
050-2546709,out-call,2464,31.4621326068,34.4155113862
050-1735628,out-call,42,31.4979309318,34.4548340836
