phone_number,call_type,call_duration,call_location_longitude,call_location_latitude
050-4837900,in-call,31,31.4474015596,34.4200578318
050-9987965,out-call,65,31.4523344596,34.4128172335
050-2031716,out-call,934,31.4064311039,34.3713270253
050-7710825,in-call,3271,31.4532676239,34.4210022665
050-6661985,out-call,90,31.4124201162,34.3596827664
