phone_number,call_type,call_duration,call_location_longitude,call_location_latitude
050-1671010,in-call,709,31.4657863474,34.4254451874
050-9689096,out-call,78,31.4341137336,34.4131235355
050-6515372,in-call,98,31.4504024551,34.4106787562
050-5226021,out-call,23,31.4603224394,34.4180105715
050-9257008,in-call,23,31.4527470083,34.42014907
050-5229444,in-call,43,31.4156977238,34.3703840001
