phone_number,call_type,call_duration,call_location_longitude,call_location_latitude
050-1114506,in-call,3497,31.47302333,34.44993184
050-7295685,out-call,2079,31.4527398776,34.4163472893
050-1336672,out-call,119,31.4524586653,34.4184930962
050-4546366,out-call,41,31.442638495,34.4132172282
050-7067388,out-call,1690,31.4593452023,34.4139398433
050-9728182,out-call,1312,31.4899730033,34.4498752864
050-1834367,in-call,2038,31.4683774744,34.4396244413
050-4550496,out-call,20,31.4740235596,34.4327565465
050-4649696,out-call,1352,31.4827497734,34.4537873647
