phone_number,call_type,call_duration,call_location_longitude,call_location_latitude
050-7156946,out-call,96,31.4513034483,34.4151688474
050-7496309,in-call,96,31.425603863,34.3853247162
050-9785762,out-call,113,31.4489751477,34.4094207303
050-4070473,in-call,108,31.3977401515,34.3630439224
050-5351427,out-call,24,31.4351810924,34.3873337958
050-5933146,out-call,96,31.4007897725,34.3728318767
050-9591574,out-call,29,31.4685024504,34.4203116071
050-4605242,in-call,103,31.4434100947,34.3894049078
