phone_number,call_type,call_duration,call_location_longitude,call_location_latitude
050-7152886,in-call,113,31.4555262965,34.3830235859
050-8931694,in-call,1562,31.4707229094,34.4367059547
050-1273304,out-call,44,31.4696505018,34.4205059647
050-2264313,out-call,2424,31.4562257299,34.407485409
050-5082099,out-call,2107,31.403288522,34.3680427228
050-8566385,out-call,12,31.4878902129,34.4532504084
050-4945655,in-call,50,31.4664307647,34.4211462317
