phone_number,call_type,call_duration,call_location_longitude,call_location_latitude
050-4982545,out-call,194,31.4245149399,34.3628387471
050-9503764,out-call,2802,31.5005126767,34.4661201416
050-4893200,out-call,2382,31.4553769399,34.4155192155
050-5085019,out-call,1752,31.4369929273,34.3839249815
050-9606311,in-call,44,31.40526122,34.3736743591
050-1496203,out-call,478,31.4607666867,34.4221382585
050-3453814,in-call,674,31.442638495,34.4132172282
