phone_number,call_type,call_duration,call_location_longitude,call_location_latitude
050-8624586,in-call,20,31.4735526734,34.4163213441
050-2996699,out-call,36,31.4627905805,34.414302664
050-5617923,in-call,75,31.4458108469,34.3896470333
050-6862719,out-call,3413,31.4882996,34.4450850922
050-5476921,out-call,260,31.4554706572,34.4223718728
050-5200593,out-call,77,31.4770036529,34.4275711595
