phone_number,call_type,call_duration,call_location_longitude,call_location_latitude
050-2200898,in-call,2815,31.4938547282,34.459487429
050-1910903,out-call,289,31.4380983029,34.3912089625
050-3638691,out-call,35,31.4867311396,34.4415294147
050-3288456,in-call,69,31.4564352038,34.4208419945
050-8130232,out-call,25,31.4493345433,34.415891581
050-9463308,out-call,1110,31.4947488772,34.4660401042
050-1613715,in-call,1392,31.4849454003,34.447693777
050-4382463,out-call,1198,31.4850683057,34.436510488
