phone_number,call_type,call_duration,call_location_longitude,call_location_latitude
050-4737562,out-call,1574,31.4783843338,34.4283116858
050-7062493,in-call,3114,31.4387063289,34.3875490282
050-1473009,out-call,3108,31.4154903771,34.3675254259
050-5519938,in-call,3062,31.4609446601,34.4063397126
050-8910104,out-call,1758,31.4558658447,34.4158947471
050-1637345,out-call,770,31.4598124444,34.4269039248
