phone_number,call_type,call_duration,call_location_longitude,call_location_latitude
050-7623527,in-call,110,31.4335551938,34.3866084369
050-2903156,out-call,254,31.4312998143,34.364324623
050-1478901,in-call,70,31.4664277929,34.422141075
050-5409671,in-call,3550,31.4750361642,34.4347452613
050-8254987,out-call,3063,31.4586391967,34.4261292702
050-4363668,in-call,262,31.4812897596,34.4415232159
