phone_number,call_type,call_duration,call_location_longitude,call_location_latitude
050-7000395,in-call,99,31.4293380701,34.3957443107
050-4039149,out-call,74,31.4376781928,34.3873253226
050-7542998,in-call,218,31.4615992462,34.4518776226
050-7150135,in-call,280,31.4130045785,34.3679731066
050-7264398,out-call,82,31.4825380585,34.4452705357
050-5136278,out-call,56,31.4862858865,34.4550064421
050-7722434,out-call,2579,31.4683774744,34.4396244413
