phone_number,call_type,call_duration,call_location_longitude,call_location_latitude
050-9497944,in-call,2650,31.4110004381,34.3753764133
050-4229679,out-call,45,31.3937904386,34.3657542291
050-1487121,in-call,1282,31.4670045529,34.4352293083
050-1481256,in-call,73,31.4554431226,34.4184802445
050-8162818,out-call,86,31.4552477456,34.4222605252
