phone_number,call_type,call_duration,call_location_longitude,call_location_latitude
050-5162834,out-call,101,31.4799682745,34.4431981488
050-9199050,in-call,108,31.4268304741,34.3966918579
050-6426529,out-call,3165,31.4701146058,34.4439116477
050-7105868,in-call,2845,31.4614942493,34.4257699606
050-3975694,in-call,2929,31.4563352575,34.4231678044
