phone_number,call_type,call_duration,call_location_longitude,call_location_latitude
050-6878992,out-call,118,31.46864911,34.433942424
050-1029665,out-call,40,31.4690107419,34.4286749633
050-3331107,in-call,246,31.4651674662,34.4221598319
050-9155805,in-call,1429,31.4486669177,34.4108955451
050-4540178,out-call,893,31.4907281095,34.4609559905
