phone_number,call_type,call_duration,call_location_longitude,call_location_latitude
050-8104677,out-call,25,31.4835846075,34.4526170305
050-5515655,out-call,69,31.4167806074,34.3681726443
050-3356334,out-call,39,31.4632696173,34.4280865156
050-9565857,in-call,33,31.5094860975,34.4856955874
050-4133196,in-call,81,31.466442087,34.4249774767
050-7834935,out-call,3155,31.4506177452,34.4106726933
