phone_number,call_type,call_duration,call_location_longitude,call_location_latitude
050-4729409,in-call,3405,31.3952726191,34.3397786409
050-8726043,in-call,65,31.4650614485,34.4226578651
050-1355916,in-call,293,31.394008858,34.3447264158
050-3541749,out-call,757,31.4722191865,34.4395467345
050-1891649,in-call,35,31.458224888,34.4221427921
050-1151056,out-call,64,31.4623919466,34.4379589508
050-6182004,out-call,67,31.4953126763,34.4454975139
