phone_number,call_type,call_duration,call_location_longitude,call_location_latitude
050-4043302,out-call,91,31.437537831,34.4141761559
050-1177280,out-call,1938,31.4262413997,34.3832549953
050-9346637,in-call,105,31.4106446417,34.3796156811
050-4677020,in-call,264,31.4697934428,34.4299608611
050-8545207,out-call,2892,31.440748119,34.3894416218
050-9262130,in-call,3016,31.4665325384,34.4287534473
050-3434119,out-call,55,31.4838823799,34.4368917842
050-2952643,in-call,2823,31.4592431,34.4133596087
050-8625772,out-call,1449,31.3926838593,34.3395584085
