phone_number,call_type,call_duration,call_location_longitude,call_location_latitude
050-6408124,in-call,67,31.4649574658,34.4037276782
050-8568381,out-call,2896,31.4697934428,34.4299608611
050-4341820,out-call,111,31.4304186671,34.393215122
050-2954939,in-call,68,31.4310086862,34.3780819138
050-3841312,out-call,88,31.4792617848,34.4290464711
