phone_number,call_type,call_duration,call_location_longitude,call_location_latitude
050-7623125,in-call,64,31.4938547282,34.459487429
050-2454982,in-call,2328,31.4439861958,34.3868665845
050-4765956,in-call,970,31.4568005036,34.4364340922
050-8393863,in-call,2745,31.3537518981,34.305090283
050-5461390,in-call,101,31.4045871048,34.3659390318
050-4269283,in-call,60,31.4045182529,34.3726870795
050-6192557,in-call,3498,31.4806490147,34.4432785975
050-8538326,in-call,27,31.3937591976,34.3429341311
050-7375335,out-call,2812,31.4595607368,34.4140715852
