phone_number,call_type,call_duration,call_location_longitude,call_location_latitude
050-5843560,in-call,55,31.4262657911,34.4148051498
050-6727446,out-call,1589,31.4131479451,34.3607115909
050-6215003,in-call,256,31.4676308855,34.4228143384
050-1903866,in-call,107,31.435058956,34.3998514213
050-4609174,out-call,2284,31.4560494575,34.3964324711
050-6728002,in-call,75,31.4657949336,34.4364360651
050-3288849,out-call,3416,31.4414360708,34.4169856785
050-6888459,out-call,587,31.4466997973,34.4190922568
050-1534901,in-call,335,31.4558154275,34.4177321834
