phone_number,call_type,call_duration,call_location_longitude,call_location_latitude
050-3118535,in-call,1047,31.41182839,34.3758399404
050-3260123,in-call,1821,31.422537047,34.3627287909
050-9459443,in-call,58,31.5054737686,34.4792245648
050-3221619,in-call,2055,31.4863528226,34.4488761578
050-9081669,in-call,74,31.4546227694,34.413848848
050-1204681,out-call,902,31.4568610449,34.4442703806
050-9282973,out-call,33,31.4090969483,34.37537811
