phone_number,call_type,call_duration,call_location_longitude,call_location_latitude
050-3835996,in-call,3368,31.4895969451,34.4407751865
050-4361229,in-call,3287,31.4737588589,34.4304392556
050-1828221,in-call,1725,31.4599953885,34.4247798956
050-5292153,in-call,3087,31.4374441067,34.4172748447
050-6726365,in-call,2871,31.471209528,34.4273093094
