phone_number,call_type,call_duration,call_location_longitude,call_location_latitude
050-2001262,in-call,2413,31.3962183231,34.3519699686
050-3047686,in-call,2854,31.444584685,34.3909052999
050-4546457,out-call,60,31.4773752461,34.4299482248
050-8575457,out-call,56,31.4584848962,34.4152607039
050-3105230,out-call,1597,31.4729712758,34.4360199676
050-8891136,out-call,76,31.4614425641,34.4183004286
050-7958301,in-call,24,31.4819703061,34.4558694574
050-2060466,out-call,65,31.4727316909,34.4222488928
050-6596271,in-call,38,31.4577953876,34.4250642736
