phone_number,call_type,call_duration,call_location_longitude,call_location_latitude
050-4458234,in-call,76,31.4407434859,34.4107400656
050-2845674,out-call,522,31.4625033741,34.4115822361
050-2320116,out-call,106,31.4436978347,34.3908686931
050-8375213,in-call,67,31.4182880245,34.3656544451
050-7294747,in-call,2438,31.4731392806,34.4375305154
050-2832241,out-call,3111,31.4570160966,34.4152143112
050-7816050,in-call,1086,31.4727849042,34.4322492746
050-8801415,in-call,2167,31.4542738887,34.4247580692
050-1872786,out-call,70,31.4728716814,34.4450645104
