phone_number,call_type,call_duration,call_location_longitude,call_location_latitude
050-5987492,in-call,90,31.4338305273,34.3837153595
050-9779731,in-call,3206,31.4413528321,34.424101096
050-4058728,out-call,3469,31.465849693,34.4373106529
050-1959033,in-call,109,31.4549275034,34.3853803945
050-7786377,out-call,59,31.4106260663,34.3481740885
050-7807201,out-call,1501,31.4609978203,34.4194413662
050-5723220,out-call,3062,31.4420435416,34.414862774
050-7095392,out-call,35,31.4564352038,34.4208419945
