phone_number,call_type,call_duration,call_location_longitude,call_location_latitude
050-1764623,out-call,89,31.4480979116,34.3921802785
050-1015701,out-call,2947,31.4910247756,34.4638925643
050-9849123,in-call,44,31.4548975859,34.4154410591
050-7042750,in-call,1305,31.4879146702,34.4514982917
050-5260366,in-call,92,31.4640685396,34.4219469919
050-2817224,out-call,40,31.4611392716,34.4234805793
