phone_number,call_type,call_duration,call_location_longitude,call_location_latitude
050-9062648,in-call,63,31.443015707,34.4153160571
050-9784654,in-call,116,31.4723640387,34.4322625167
050-8398194,in-call,92,31.4584848962,34.4152607039
050-1649528,in-call,16,31.4403778329,34.415522404
050-2059213,out-call,2116,31.4157619174,34.3693282246
050-3288857,out-call,23,31.4183581319,34.4018575017
050-4767176,in-call,20,31.4337921698,34.4042228595
050-6920090,in-call,1483,31.4081713127,34.35884382
