phone_number,call_type,call_duration,call_location_longitude,call_location_latitude
050-2382645,in-call,1834,31.4719559328,34.4394402322
050-8315883,in-call,79,31.482172028,34.4403369406
050-2414156,out-call,1233,31.4519564724,34.4077406447
050-9521885,out-call,73,31.4811733089,34.4568951042
050-4793314,in-call,1811,31.4623469369,34.4208203659
050-4977114,in-call,38,31.4506785837,34.4212510643
050-2307368,in-call,115,31.4649859133,34.4306656821
050-5047183,in-call,2215,31.4700939862,34.4291516687
050-1478218,in-call,55,31.4529103848,34.4299450109
