phone_number,call_type,call_duration,call_location_longitude,call_location_latitude
050-1592500,in-call,3449,31.4562002439,34.417678203
050-9693484,out-call,442,31.4645091024,34.4358113612
050-7448246,in-call,1515,31.406936325,34.380292758
050-5630177,out-call,77,31.4419392949,34.4178041627
050-9169586,out-call,3429,31.458393114,34.4070043884
