phone_number,call_type,call_duration,call_location_longitude,call_location_latitude
050-5399644,in-call,15,31.4294167666,34.3777998408
050-6720621,in-call,3359,31.4259602525,34.393213822
050-3705648,in-call,115,31.4787793929,34.4342517489
050-4961560,out-call,1784,31.458571986,34.3966786017
050-4586316,out-call,29,31.4570836734,34.4285101734
050-9518839,in-call,40,31.4507111341,34.4304924131
050-6631039,out-call,16,31.4304589937,34.3994686886
