phone_number,call_type,call_duration,call_location_longitude,call_location_latitude
050-7618047,out-call,3431,31.4846512256,34.4406516352
050-8703327,in-call,1095,31.4718654658,34.4341594752
050-7932026,out-call,1791,31.4110866374,34.3738252117
050-4028546,out-call,2238,31.4943599936,34.4513901731
050-8876680,out-call,340,31.377206479,34.3344569285
