phone_number,call_type,call_duration,call_location_longitude,call_location_latitude
050-8168878,in-call,1900,31.393896672,34.3433338668
050-3785822,in-call,863,31.4811733089,34.4568951042
050-7660638,in-call,3480,31.4713206945,34.4375836174
050-1495066,out-call,389,31.4502452242,34.4211442075
050-9191340,in-call,1152,31.4672529567,34.4358165784
050-2486675,out-call,1872,31.4621326068,34.4155113862
050-4714636,in-call,15,31.4666327385,34.4136414088
050-3517319,in-call,3429,31.4430526309,34.4103971911
