phone_number,call_type,call_duration,call_location_longitude,call_location_latitude
050-9973910,in-call,1044,31.4614425641,34.4183004286
050-6471993,in-call,279,31.4425472207,34.3882678088
050-9927152,out-call,224,31.4534134607,34.4235652424
050-6279791,out-call,2878,31.4136725211,34.3974603261
050-9770916,out-call,1584,31.4653847904,34.4251924419
050-9713078,in-call,3355,31.44811418,34.4187849885
050-7910409,in-call,3004,31.465567946,34.4281347557
050-9944919,in-call,87,31.4591407187,34.433737133
050-2104447,in-call,455,31.4543574327,34.4147205594
