phone_number,call_type,call_duration,call_location_longitude,call_location_latitude
050-1852684,in-call,1361,31.408966348,34.3714203459
050-6191837,in-call,3414,31.4724076515,34.4248313154
050-2146615,out-call,30,31.4755703674,34.4251294806
050-5874348,in-call,621,31.4547212752,34.4166370567
050-5946390,out-call,2450,31.4582878747,34.4330951253
050-2455032,out-call,118,31.4617625879,34.4152957159
050-8048078,out-call,65,31.4560168339,34.4033775808
050-5581491,out-call,3343,31.4767130625,34.4354140029
050-7830987,in-call,106,31.460768718,34.437567614
