phone_number,call_type,call_duration,call_location_longitude,call_location_latitude
050-6670648,out-call,69,31.4696806259,34.4177814993
050-1462042,out-call,79,31.4702617125,34.4118764766
050-8938526,out-call,222,31.4713851195,34.4227659403
050-1772299,in-call,3542,31.3905176367,34.3236890761
050-6203581,in-call,85,31.382909555,34.3508885404
050-7485377,in-call,75,31.503601523,34.4932266747
050-3223236,out-call,1593,31.4640690655,34.4291798695
050-6064735,in-call,1164,31.3492510245,34.3239330905
