phone_number,call_type,call_duration,call_location_longitude,call_location_latitude
050-4178624,in-call,1891,31.452977174,34.4248900335
050-3380476,out-call,2418,31.4602145644,34.4176654625
050-2293897,out-call,1911,31.4352480621,34.3871682945
050-5562136,in-call,105,31.4045871048,34.3659390318
050-7038784,out-call,15,31.4792280381,34.4409753601
