phone_number,call_type,call_duration,call_location_longitude,call_location_latitude
050-1897799,out-call,110,31.4598974578,34.4311848856
050-8821026,out-call,114,31.4697934428,34.4299608611
050-3816838,in-call,111,31.4393778871,34.4129509909
050-7571593,out-call,3112,31.4111278722,34.3663601465
050-2307406,out-call,14,31.4085792027,34.3679488113
