phone_number,call_type,call_duration,call_location_longitude,call_location_latitude
050-2139878,in-call,3536,31.4570486964,34.4316208801
050-4384896,in-call,50,31.4318466406,34.3984909106
050-1158229,out-call,220,31.468568149,34.4304771016
050-8949690,out-call,2999,31.4424835496,34.4155205286
050-3549157,in-call,825,31.423576786,34.3838799301
050-6177594,in-call,554,31.4653794475,34.4206025043
050-1175236,out-call,3253,31.4821516606,34.4281325144
