phone_number,call_type,call_duration,call_location_longitude,call_location_latitude
050-6201633,out-call,116,31.435039995,34.4075832352
050-4256902,out-call,17,31.4426171503,34.3756278384
050-3090703,out-call,120,31.4625033741,34.4115822361
050-6631268,out-call,21,31.4330644833,34.4078738346
050-5252255,out-call,3146,31.395381288,34.3655238488
050-9678402,in-call,71,31.4262575478,34.3835131486
