phone_number,call_type,call_duration,call_location_longitude,call_location_latitude
050-8260672,in-call,12,31.4467623485,34.3877190687
050-8225182,out-call,52,31.4706402449,34.4271749922
050-9407575,out-call,3074,31.4498547886,34.4127343853
050-6867679,in-call,13,31.4885856577,34.4488158337
050-8939515,out-call,377,31.4075398817,34.384961288
050-2948663,out-call,71,31.4894634655,34.4415436066
050-3658991,in-call,3395,31.4467924727,34.413096221
