phone_number,call_type,call_duration,call_location_longitude,call_location_latitude
050-6661917,out-call,1593,31.4524980033,34.4181580358
050-3196915,in-call,27,31.4393868799,34.3872503242
050-8772206,in-call,2473,31.4781905522,34.4356728132
050-4284966,out-call,109,31.3933863219,34.3425110257
050-4512016,out-call,698,31.4409868515,34.3896350715
050-8237881,in-call,89,31.4608003056,34.4244494818
050-8288083,out-call,84,31.4479220665,34.4176248284
050-9170219,in-call,114,31.4675068147,34.4143397995
050-2259860,in-call,59,31.4495657031,34.4098815214
