phone_number,call_type,call_duration,call_location_longitude,call_location_latitude
050-4164007,in-call,107,31.4338305273,34.3837153595
050-1149034,in-call,2666,31.4399556745,34.3864577302
050-1749591,in-call,1218,31.4613688184,34.433344736
050-5066056,out-call,1041,31.4327079359,34.3841186016
050-5897739,in-call,107,31.483439208,34.4389915579
050-5562043,out-call,288,31.4489965061,34.4219973886
050-9765634,out-call,38,31.422537047,34.3627287909
050-9570821,out-call,644,31.467416119,34.4355229645
050-3764603,in-call,118,31.4525428316,34.4170058167
