phone_number,call_type,call_duration,call_location_longitude,call_location_latitude
050-1422609,in-call,3146,31.472796634,34.4545441662
050-3469271,out-call,2359,31.4406515054,34.4182394257
050-8750209,in-call,1341,31.4105552451,34.3742425533
050-8123594,in-call,32,31.4569157582,34.4200104856
050-2926707,in-call,699,31.4978693378,34.4635536145
050-8286193,out-call,113,31.4659663954,34.4501385588
