phone_number,call_type,call_duration,call_location_longitude,call_location_latitude
050-3598574,in-call,895,31.3963059824,34.3452942379
050-3786138,in-call,89,31.4722312541,34.4212346032
050-1382198,out-call,3218,31.3892280586,34.3440058983
050-2011469,in-call,96,31.4108682321,34.3814574251
050-5657906,out-call,3370,31.4469500703,34.4173299756
