phone_number,call_type,call_duration,call_location_longitude,call_location_latitude
050-5218776,out-call,366,31.4644620385,34.4300697969
050-7916511,in-call,88,31.4416875376,34.3912639609
050-6711504,in-call,3338,31.4699994224,34.4360299155
050-4300750,in-call,33,31.4014483949,34.3717084411
050-7588071,in-call,35,31.4590311507,34.4237851109
