phone_number,call_type,call_duration,call_location_longitude,call_location_latitude
050-5707330,in-call,93,31.4349025086,34.4012243317
050-3060166,in-call,111,31.4610591519,34.4149950295
050-6293626,in-call,44,31.4718091617,34.4274740163
050-2589224,out-call,31,31.4262515833,34.3851755381
050-3359310,in-call,74,31.411363375,34.3789157197
050-8071550,in-call,2239,31.4877233035,34.4454120756
050-5015436,in-call,2902,31.4352895551,34.4073409602
