phone_number,call_type,call_duration,call_location_longitude,call_location_latitude
050-3231157,out-call,386,31.488467442,34.4577555303
050-1256495,out-call,53,31.4707917558,34.4450819243
050-4130840,in-call,46,31.4472859612,34.3783085236
050-3263099,in-call,3461,31.466442087,34.4249774767
050-2400570,out-call,92,31.4464719893,34.3915877011
050-8805404,out-call,96,31.3994078598,34.3710226343
