phone_number,call_type,call_duration,call_location_longitude,call_location_latitude
050-3494247,out-call,24,31.4854774888,34.4543077984
050-6107823,out-call,115,31.4527398776,34.4163472893
050-4948431,out-call,24,31.4546227694,34.413848848
050-1281896,out-call,1991,31.4503876078,34.4134649018
050-8285229,in-call,86,31.4469459659,34.4139149238
050-4104064,in-call,2048,31.4658189887,34.4299392234
