phone_number,call_type,call_duration,call_location_longitude,call_location_latitude
050-8854253,in-call,98,31.4614807191,34.4398085802
050-2869837,out-call,16,31.4484900506,34.4156587749
050-7508711,in-call,86,31.457441879,34.412021771
050-2496872,out-call,2541,31.4707470433,34.4324593592
050-4760457,in-call,161,31.4600017924,34.418982284
