phone_number,call_type,call_duration,call_location_longitude,call_location_latitude
050-6537853,out-call,76,31.4718895537,34.4347838603
050-2253341,in-call,83,31.4702576463,34.4310856487
050-3216534,in-call,57,31.4486403967,34.3919537181
050-5766373,out-call,52,31.4785766596,34.4390004834
050-1348405,out-call,2916,31.4030329821,34.3696045191
050-9281304,out-call,11,31.4507692541,34.4299284125
050-8138471,in-call,2473,31.4528740586,34.4121839046
050-5809091,in-call,78,31.3700678243,34.3286565723
