phone_number,call_type,call_duration,call_location_longitude,call_location_latitude
050-8499671,in-call,17,31.4358426369,34.4066304031
050-1610852,out-call,1002,31.3856031989,34.3397749851
050-3235846,out-call,1789,31.4050085367,34.3738033499
050-7644545,in-call,41,31.4603328897,34.4246044839
050-2158245,in-call,25,31.4684817028,34.4379984063
050-1948394,out-call,114,31.4307314312,34.4000484205
050-1503547,in-call,2844,31.4140106792,34.3656523064
050-8085630,in-call,87,31.4436978347,34.3908686931
050-5198520,in-call,2494,31.4044126816,34.3670641835
