phone_number,call_type,call_duration,call_location_longitude,call_location_latitude
050-5445825,in-call,1963,31.4635139515,34.4178569479
050-8291840,out-call,32,31.4821516606,34.4281325144
050-4879882,in-call,2972,31.438960629,34.4227703947
050-7100517,out-call,28,31.4576716896,34.4293196467
050-4349890,in-call,723,31.4374441067,34.4172748447
