phone_number,call_type,call_duration,call_location_longitude,call_location_latitude
050-1412756,out-call,85,31.4541896801,34.4288829106
050-6323419,in-call,3373,31.4651674662,34.4221598319
050-6388116,in-call,99,31.432945222,34.3855731757
050-8954018,out-call,68,31.4051969532,34.3670325635
050-3493629,in-call,599,31.404394757,34.3674562261
050-9467611,in-call,69,31.4703843891,34.435175899
