phone_number,call_type,call_duration,call_location_longitude,call_location_latitude
050-7683811,out-call,2732,31.4553550454,34.4341225876
050-5185053,in-call,2360,31.4694615967,34.4405837724
050-6469975,in-call,107,31.498927409,34.4689473146
050-3475617,in-call,3223,31.4585457034,34.4351360036
050-2600055,in-call,95,31.4614709727,34.4189885561
050-6302255,in-call,10,31.3865199198,34.3444558734
