phone_number,call_type,call_duration,call_location_longitude,call_location_latitude
050-4977224,in-call,112,31.5001684666,34.461704377
050-1521847,out-call,96,31.4743705801,34.4301454824
050-4130117,out-call,23,31.4695683261,34.4401739393
050-9125538,in-call,459,31.449996753,34.4156862843
050-6185536,in-call,80,31.4704620373,34.4391290383
050-1085932,out-call,101,31.4649313189,34.4233249471
050-8042294,out-call,1566,31.4615992462,34.4518776226
