phone_number,call_type,call_duration,call_location_longitude,call_location_latitude
050-4545920,out-call,2353,31.4648948084,34.4228465515
050-6127788,in-call,99,31.4470298881,34.4237580242
050-3735174,out-call,70,31.4739649894,34.4271403515
050-9690835,in-call,92,31.4920069421,34.4613606418
050-2825565,in-call,3484,31.4580278603,34.4161475389
