phone_number,call_type,call_duration,call_location_longitude,call_location_latitude
050-7983702,in-call,2575,31.4632696173,34.4280865156
050-7601514,in-call,309,31.4595491566,34.4312161001
050-7628212,out-call,437,31.4134607272,34.374601652
050-9960896,in-call,2405,31.4587070371,34.4003601471
050-7043867,in-call,3544,31.4163456405,34.3706549755
