phone_number,call_type,call_duration,call_location_longitude,call_location_latitude
050-3351695,out-call,70,31.4986355907,34.459047539
050-1266664,in-call,652,31.4602559889,34.4190455515
050-4962477,out-call,59,31.3658539032,34.309508207
050-7401542,in-call,53,31.4108682321,34.3814574251
050-1129059,in-call,3442,31.4765822283,34.4220353854
050-2352354,out-call,1050,31.4694094289,34.4159234357
