phone_number,call_type,call_duration,call_location_longitude,call_location_latitude
050-1553811,out-call,44,31.4801714612,34.4353705669
050-9656874,in-call,1227,31.4604847284,34.4358425676
050-2791674,out-call,95,31.455738771,34.4242593075
050-9337165,out-call,2935,31.46849095,34.4299624465
050-5209371,out-call,3540,31.4479220665,34.4176248284
