phone_number,call_type,call_duration,call_location_longitude,call_location_latitude
050-2778080,in-call,38,31.4762925311,34.4407190471
050-3493679,out-call,88,31.4562002439,34.417678203
050-5621141,in-call,102,31.3864361065,34.3425352432
050-6269063,out-call,73,31.4207556733,34.3561034104
050-4669297,in-call,94,31.3965950393,34.3531658654
050-4791714,out-call,1241,31.4745083922,34.4320146954
050-6983078,in-call,90,31.4620190646,34.418116166
050-7840688,in-call,1593,31.4710306378,34.4373176157
050-8933240,in-call,3118,31.4481774362,34.4139315542
