phone_number,call_type,call_duration,call_location_longitude,call_location_latitude
050-6851582,in-call,3419,31.4550496097,34.4071604102
050-7659483,in-call,36,31.4603717138,34.4216182076
050-3068660,out-call,91,31.4737588589,34.4304392556
050-6325735,in-call,24,31.4639417277,34.4255806458
050-6549161,out-call,2865,31.4553769399,34.4155192155
050-8744313,out-call,280,31.4659320974,34.4317895356
050-5091831,out-call,46,31.4990993168,34.4508257177
