phone_number,call_type,call_duration,call_location_longitude,call_location_latitude
050-5436844,in-call,1592,31.4437044093,34.4181018701
050-3346938,in-call,101,31.429867458,34.395410444
050-7944055,in-call,19,31.4484926629,34.4161332014
050-5276291,in-call,91,31.4568787163,34.4141771888
050-2880089,out-call,831,31.4663771558,34.4282608035
