phone_number,call_type,call_duration,call_location_longitude,call_location_latitude
050-2428151,in-call,90,31.4439122745,34.3918908233
050-9308373,out-call,53,31.4123865618,34.3872424955
050-8129925,out-call,789,31.3893992936,34.3371229604
050-1379765,out-call,1577,31.483439208,34.4389915579
050-1761365,out-call,2064,31.448632613,34.4125416375
050-2516796,out-call,2070,31.4514110116,34.4298668861
