phone_number,call_type,call_duration,call_location_longitude,call_location_latitude
050-8091867,in-call,1610,31.4468770311,34.3769696939
050-5419368,in-call,103,31.4654376338,34.4247136166
050-4311744,in-call,3170,31.4326332279,34.3986794181
050-1504781,out-call,3048,31.4355398754,34.4074897861
050-8915210,in-call,2711,31.4124563947,34.3605588985
050-9695616,out-call,11,31.4761417939,34.4366461176
050-4951584,in-call,105,31.430478593,34.3960509749
050-8074246,out-call,960,31.4584848962,34.4152607039
