phone_number,call_type,call_duration,call_location_longitude,call_location_latitude
050-6341118,out-call,820,31.4570740793,34.4219088447
050-7911774,in-call,2913,31.4724820116,34.4372099933
050-3831964,out-call,30,31.4527398776,34.4163472893
050-5553469,out-call,101,31.4587774442,34.4239368312
050-5953065,in-call,287,31.4366480719,34.4152831539
050-8208401,in-call,3533,31.4713891449,34.4240120084
