phone_number,call_type,call_duration,call_location_longitude,call_location_latitude
050-9294430,in-call,79,31.4926202032,34.4778780591
050-2633622,in-call,78,31.4511057612,34.4165421616
050-7372204,in-call,1629,31.3925437606,34.3470697368
050-8422441,out-call,46,31.4675068147,34.4143397995
050-6335823,out-call,40,31.4664152452,34.4383676069
050-4518897,out-call,2928,31.4130507142,34.3713169393
