phone_number,call_type,call_duration,call_location_longitude,call_location_latitude
050-6649600,in-call,88,31.4650275465,34.436264348
050-3980577,in-call,13,31.4704201393,34.4389124717
050-7768487,out-call,99,31.4699240011,34.4377186208
050-4512457,out-call,2871,31.4221121077,34.3676665567
050-3783783,in-call,36,31.4413528321,34.424101096
