phone_number,call_type,call_duration,call_location_longitude,call_location_latitude
050-1743556,out-call,17,31.4094833143,34.3823837368
050-9802498,in-call,71,31.4506183831,34.4207788623
050-3108447,in-call,85,31.4490749763,34.4166342963
050-3408568,in-call,118,31.4590830559,34.4152484485
050-5664702,in-call,985,31.4418387948,34.4101966819
050-8879194,in-call,66,31.4097381332,34.3690743092
050-8798971,out-call,2346,31.4401714451,34.3910859883
050-5788578,in-call,72,31.4518005554,34.4163334378
