phone_number,call_type,call_duration,call_location_longitude,call_location_latitude
050-6511958,in-call,691,31.4847115807,34.4399936589
050-7459172,out-call,1825,31.495713682,34.4590305082
050-4840113,out-call,42,31.4787156236,34.4354459906
050-9186691,in-call,96,31.4461951187,34.4114512723
050-1438988,in-call,56,31.46539232,34.4406436849
050-9037029,out-call,98,31.4523344596,34.4128172335
050-7470389,in-call,69,31.4551051172,34.422406659
