phone_number,call_type,call_duration,call_location_longitude,call_location_latitude
050-6271009,out-call,3401,31.4740235596,34.4327565465
050-7007601,out-call,84,31.4271163446,34.3859497248
050-5519083,out-call,2329,31.4523244148,34.4098109834
050-2879276,out-call,75,31.4387172777,34.4050334242
050-7435220,in-call,2705,31.4670003414,34.4339450829
050-7293424,out-call,3447,31.488014762,34.4562596038
