phone_number,call_type,call_duration,call_location_longitude,call_location_latitude
050-5357334,out-call,2000,31.5009686311,34.4657444309
050-6834547,out-call,100,31.4863528226,34.4488761578
050-3088428,in-call,3583,31.4568787163,34.4141771888
050-2146167,out-call,1478,31.4679143696,34.4312024077
050-1038055,out-call,1124,31.4620124154,34.4336684708
050-2833968,in-call,94,31.4369510275,34.4068054851
050-8022376,in-call,3211,31.4304462873,34.3956038028
