phone_number,call_type,call_duration,call_location_longitude,call_location_latitude
050-7956226,in-call,80,31.4333786782,34.3786553226
050-6804394,in-call,2962,31.4471614016,34.3888992456
050-9787531,in-call,106,31.4227429937,34.3843709456
050-4459878,in-call,317,31.4448120913,34.4049982381
050-7858017,out-call,95,31.4632496542,34.4218347303
050-2355484,in-call,1166,31.4484731855,34.4154910214
