phone_number,call_type,call_duration,call_location_longitude,call_location_latitude
050-5113424,in-call,2270,31.4340575361,34.3864494613
050-4911828,in-call,106,31.4618859283,34.4204328208
050-9905731,out-call,80,31.4477958442,34.384370636
050-9992448,in-call,3274,31.3778497567,34.3341065569
050-6542979,out-call,424,31.4087284982,34.376783767
050-7851561,in-call,103,31.4381482042,34.4055329253
