phone_number,call_type,call_duration,call_location_longitude,call_location_latitude
050-8116119,in-call,75,31.4220985229,34.3624456702
050-3616493,out-call,122,31.4587627058,34.4156526047
050-7240551,out-call,1547,31.4604443961,34.4326620124
050-9679969,in-call,1192,31.5100233776,34.4680456801
050-9493308,out-call,74,31.4195764567,34.3626912749
