phone_number,call_type,call_duration,call_location_longitude,call_location_latitude
050-9388045,out-call,2824,31.4606807978,34.4266625123
050-5079545,in-call,94,31.4386587723,34.3898553347
050-2808491,in-call,40,31.4454346133,34.4103558941
050-8164590,in-call,2436,31.461231052,34.4298180709
050-3491931,in-call,896,31.4089373657,34.3742653867
050-8437337,out-call,49,31.4655281397,34.4305610139
