phone_number,call_type,call_duration,call_location_longitude,call_location_latitude
050-9144325,out-call,3319,31.4601634808,34.4091746294
050-9286996,out-call,22,31.4006955019,34.349553003
050-2674376,in-call,284,31.456983953,34.4317364085
050-8780928,in-call,1621,31.478674876,34.4391922854
050-5303064,in-call,87,31.4686654616,34.4349283319
