phone_number,call_type,call_duration,call_location_longitude,call_location_latitude
050-9899385,in-call,1331,31.4572330395,34.4023962785
050-6070118,out-call,65,31.4122680793,34.3758885195
050-9070147,in-call,21,31.4543059126,34.4177259171
050-8659091,in-call,2522,31.495242648,34.4551129446
050-7769212,out-call,1910,31.4651894447,34.4533690169
050-5486617,out-call,110,31.4104269762,34.3682801627
050-5187713,in-call,3326,31.423483446,34.3655155728
