phone_number,call_type,call_duration,call_location_longitude,call_location_latitude
050-3950941,in-call,69,31.4849454003,34.447693777
050-7441143,in-call,2172,31.4640068327,34.4330935217
050-2228521,in-call,54,31.4493963003,34.4160769281
050-4548491,in-call,91,31.4379661856,34.3887840963
050-9809352,out-call,42,31.450049612,34.411394682
