phone_number,call_type,call_duration,call_location_longitude,call_location_latitude
050-1950435,in-call,35,31.4470298881,34.4237580242
050-5206828,in-call,1671,31.4447702363,34.3911987043
050-5428574,in-call,42,31.458853362,34.4249640479
050-4934941,out-call,2234,31.3973015005,34.3655081734
050-6511296,out-call,1683,31.4586510874,34.3981592346
