phone_number,call_type,call_duration,call_location_longitude,call_location_latitude
050-3313742,in-call,3566,31.5014182407,34.4667219687
050-9761142,out-call,64,31.4119752429,34.3716229699
050-7496332,in-call,96,31.4654048994,34.4262872371
050-2615747,in-call,1089,31.4566456907,34.3983165395
050-3954062,out-call,2426,31.4667033598,34.4342733925
050-1090344,in-call,957,31.4507692541,34.4299284125
050-5194797,out-call,392,31.4426277634,34.413364828
050-7484184,in-call,2977,31.4569608526,34.4217698353
