phone_number,call_type,call_duration,call_location_longitude,call_location_latitude
050-3492668,in-call,75,31.4589025502,34.4175639232
050-6722005,in-call,1289,31.4347379441,34.4039745664
050-8241173,in-call,1745,31.4693842949,34.4263893178
050-3020702,in-call,590,31.4617028975,34.4298169116
050-7692898,out-call,2386,31.435058956,34.3998514213
050-1558458,out-call,2435,31.478674876,34.4391922854
050-1629730,out-call,108,31.467416119,34.4355229645
050-4100450,in-call,42,31.3933863219,34.3425110257
050-2754535,in-call,2406,31.4278294327,34.3936010706
