phone_number,call_type,call_duration,call_location_longitude,call_location_latitude
050-2350442,out-call,52,31.4505476042,34.4210982999
050-7749576,out-call,3239,31.4669327658,34.4319071214
050-5365217,out-call,95,31.411937242,34.3774345901
050-8989027,out-call,1259,31.3853626179,34.3336313567
050-9347704,in-call,45,31.4682047924,34.434118173
050-3689917,in-call,2572,31.4389047495,34.4125243304
050-5994122,in-call,1533,31.4626477346,34.4283456456
050-5435311,in-call,884,31.382909555,34.3508885404
050-7457403,in-call,52,31.4618056615,34.4246353741
