phone_number,call_type,call_duration,call_location_longitude,call_location_latitude
050-6964831,out-call,1799,31.4535548405,34.4245918063
050-6615285,out-call,101,31.4345357179,34.4047791354
050-2070861,in-call,808,31.3959602917,34.3666157193
050-6579408,out-call,10,31.4324959208,34.3981332628
050-9291371,out-call,111,31.4587508674,34.4267716659
050-1887445,out-call,18,31.3745792278,34.3215620429
