phone_number,call_type,call_duration,call_location_longitude,call_location_latitude
050-9817238,in-call,2397,31.4566692962,34.4123115889
050-4512245,in-call,2821,31.4483789595,34.4154736776
050-3498226,out-call,2585,31.4454345026,34.4309208369
050-8871620,in-call,2678,31.4231939332,34.3592286708
050-3596988,in-call,1778,31.4036212139,34.3898814694
050-6869183,out-call,16,31.4639417277,34.4255806458
