phone_number,call_type,call_duration,call_location_longitude,call_location_latitude
050-9089195,in-call,2732,31.4555161063,34.4173705534
050-7185866,out-call,2825,31.4538219593,34.4181951129
050-5436911,in-call,15,31.4458531724,34.4144221978
050-5928190,out-call,90,31.43617334,34.4148442592
050-1790357,out-call,1956,31.4509313905,34.4131494415
