phone_number,call_type,call_duration,call_location_longitude,call_location_latitude
050-8417355,out-call,559,31.4031942071,34.3664641887
050-3393162,out-call,12,31.4519564724,34.4077406447
050-8501260,in-call,791,31.4659022564,34.4169429189
050-5317885,out-call,85,31.4482010571,34.4367906865
050-2093581,in-call,355,31.4119698905,34.3655954063
050-4548603,out-call,3010,31.4418406889,34.3854883109
050-3855271,out-call,30,31.4792280381,34.4409753601
050-9199165,out-call,38,31.4569597751,34.426642922
050-3293254,in-call,16,31.4407123865,34.4109068075
