phone_number,call_type,call_duration,call_location_longitude,call_location_latitude
050-5671810,out-call,115,31.4660058861,34.4208219891
050-8075147,in-call,1631,31.4492478502,34.4149096152
050-3348809,in-call,1225,31.4364202642,34.4221268246
050-7110559,in-call,934,31.4592709204,34.4204994164
050-2794666,in-call,45,31.4707470433,34.4324593592
050-8414557,out-call,2923,31.4827796585,34.4356883467
