phone_number,call_type,call_duration,call_location_longitude,call_location_latitude
050-6956731,in-call,16,31.4664277929,34.422141075
050-7502431,in-call,2769,31.4127204953,34.3577304583
050-6536665,out-call,120,31.4566405187,34.4106114174
050-3144932,out-call,478,31.4492474689,34.4121373951
050-2186653,in-call,1134,31.4532676239,34.4210022665
050-2587527,out-call,2044,31.4329153018,34.3846338139
050-3252641,out-call,31,31.4680503002,34.4228187196
