phone_number,call_type,call_duration,call_location_longitude,call_location_latitude
050-4583722,out-call,1467,31.4079650774,34.3866569173
050-8051030,in-call,24,31.38257931,34.3447654112
050-7816945,out-call,1117,31.4708936187,34.4248203419
050-6600655,in-call,1232,31.4750361642,34.4347452613
050-1732454,out-call,1225,31.4436978347,34.3908686931
050-9025123,in-call,239,31.4798293215,34.4345755707
050-5257039,out-call,1359,31.4493963003,34.4160769281
