phone_number,call_type,call_duration,call_location_longitude,call_location_latitude
050-6671400,in-call,38,31.4767386256,34.4442323259
050-9183591,in-call,889,31.476676415,34.4276678596
050-1744824,in-call,51,31.4854447546,34.4373456791
050-2140875,in-call,51,31.4545199016,34.4082786232
050-3625350,in-call,126,31.4566405187,34.4106114174
050-9285937,out-call,16,31.4657179928,34.4315448753
