phone_number,call_type,call_duration,call_location_longitude,call_location_latitude
050-5972567,in-call,2822,31.4591314106,34.4299293718
050-9166723,out-call,115,31.4743134187,34.442979748
050-9353352,in-call,1377,31.446192708,34.4138336524
050-1027271,out-call,850,31.4477099109,34.4227363835
050-3066858,out-call,1567,31.4086809828,34.3825201388
050-7335193,in-call,41,31.460732042,34.4134270113
050-2572816,out-call,32,31.4693842949,34.4263893178
050-6374792,in-call,92,31.4625445411,34.4101872943
050-4689948,in-call,3020,31.4593341744,34.4039241958
