phone_number,call_type,call_duration,call_location_longitude,call_location_latitude
050-2874063,in-call,179,31.4395414197,34.3889116652
050-5476722,out-call,1242,31.36298942,34.3096909348
050-7755861,in-call,596,31.4674052777,34.4314222713
050-7757453,in-call,3358,31.4598701916,34.4256010501
050-2700062,out-call,1688,31.4596019535,34.4161768185
050-8248484,in-call,215,31.4074602479,34.3786606795
