phone_number,call_type,call_duration,call_location_longitude,call_location_latitude
050-8136330,out-call,3244,31.4513716227,34.414251166
050-4781367,out-call,584,31.4636740217,34.4233160226
050-3691428,out-call,39,31.427237764,34.3952928498
050-9623149,in-call,3049,31.4497320535,34.4017446954
050-3431112,out-call,75,31.425051825,34.3645563743
050-6150646,in-call,1535,31.4255094415,34.3853564961
050-5859758,in-call,48,31.424399346,34.3837379609
