phone_number,call_type,call_duration,call_location_longitude,call_location_latitude
050-6672062,in-call,55,31.4091320015,34.369370603
050-8464360,in-call,120,31.391235089,34.3516224098
050-2057076,in-call,33,31.4605407018,34.4267584628
050-9617510,out-call,190,31.4525822538,34.4147262055
050-2236289,out-call,68,31.4580957259,34.4244530085
050-3109527,in-call,36,31.4070229088,34.3673389136
050-5027165,in-call,1455,31.4841003857,34.4352297824
050-6536924,out-call,43,31.4832673007,34.4619470231
