phone_number,call_type,call_duration,call_location_longitude,call_location_latitude
050-4336356,out-call,1612,31.4726009411,34.4331042708
050-9043906,in-call,2883,31.4342261255,34.4048048419
050-9401730,out-call,725,31.4631025246,34.4278868037
050-9792746,in-call,368,31.4562497925,34.4084533901
050-1941589,out-call,68,31.4443511253,34.3757182611
050-7148593,in-call,81,31.4623981419,34.43241983
050-5512216,in-call,2556,31.4571398718,34.3873794017
