phone_number,call_type,call_duration,call_location_longitude,call_location_latitude
050-9330817,in-call,2888,31.3892280586,34.3440058983
050-4875078,out-call,31,31.447264107,34.4161810342
050-2397302,out-call,2011,31.4470854489,34.4110997095
050-2359776,out-call,109,31.4627792741,34.4294615089
050-3761252,out-call,19,31.4163456405,34.3706549755
