phone_number,call_type,call_duration,call_location_longitude,call_location_latitude
050-4190071,out-call,2324,31.4990993168,34.4508257177
050-6762357,out-call,83,31.4544885598,34.4104676694
050-3870935,out-call,1112,31.4700593092,34.4148489787
050-4166122,out-call,3461,31.4448948713,34.4157092022
050-9146967,out-call,199,31.4724076515,34.4248313154
050-3213365,in-call,1402,31.4363349414,34.3902005627
