phone_number,call_type,call_duration,call_location_longitude,call_location_latitude
050-1171898,in-call,42,31.4894634655,34.4415436066
050-6795283,in-call,103,31.4187195646,34.370896626
050-5774298,in-call,2310,31.4498547886,34.4127343853
050-3825750,out-call,28,31.4335551938,34.3866084369
050-7380116,in-call,82,31.455206742,34.4114880897
