phone_number,call_type,call_duration,call_location_longitude,call_location_latitude
050-7220353,in-call,55,31.3937904386,34.3657542291
050-8239633,in-call,61,31.4654571407,34.4284463571
050-6827007,out-call,723,31.42895141,34.4129199158
050-1889251,in-call,1672,31.4858810031,34.4471384127
050-6557861,in-call,117,31.4718091617,34.4274740163
050-1520262,in-call,2372,31.431474179,34.4008677958
050-2649000,out-call,498,31.397120587,34.3627790426
