phone_number,call_type,call_duration,call_location_longitude,call_location_latitude
050-4723775,in-call,17,31.4558061855,34.4255347444
050-5555273,out-call,97,31.4719679733,34.442016477
050-1748790,out-call,22,31.4737279309,34.4303346054
050-5657101,out-call,50,31.4697014182,34.4628048266
050-3586408,out-call,118,31.4112538776,34.3663592944
050-5591294,in-call,99,31.4688970735,34.4161360737
050-6456845,out-call,117,31.4509313905,34.4131494415
050-7150772,in-call,326,31.4064791212,34.3769994513
050-8255095,out-call,50,31.4532778756,34.4181812046
