phone_number,call_type,call_duration,call_location_longitude,call_location_latitude
050-4933239,in-call,56,31.4681061059,34.4258609779
050-9346906,out-call,3473,31.4472252157,34.4185533471
050-6233428,in-call,114,31.4608003056,34.4244494818
050-7596501,out-call,2404,31.3941287499,34.348941612
050-4453698,out-call,55,31.4446179284,34.4205382218
050-8625801,out-call,1277,31.4153757213,34.3716241802
050-2696994,in-call,2146,31.4573299433,34.4226910154
