phone_number,call_type,call_duration,call_location_longitude,call_location_latitude
050-8882264,out-call,29,31.4736369032,34.4231865054
050-3946194,in-call,103,31.4086763625,34.3837726988
050-6849299,in-call,1718,31.4603550316,34.4202337269
050-1929344,in-call,2908,31.4527773456,34.4118023925
050-1779440,out-call,16,31.4546906285,34.3972240901
050-7333276,in-call,943,31.4538219593,34.4181951129
050-3348176,out-call,117,31.4783859721,34.4478441394
050-7867409,out-call,103,31.4718539929,34.4227112306
050-1759577,out-call,24,31.4868273792,34.4404575748
