phone_number,call_type,call_duration,call_location_longitude,call_location_latitude
050-6031292,out-call,94,31.4256819378,34.3962644745
050-4080136,out-call,11,31.4330903727,34.3982379899
050-1502790,in-call,34,31.4751052489,34.435411717
050-7532638,out-call,81,31.4464040743,34.4029869721
050-4359486,out-call,41,31.4377448662,34.4073241821
050-6177604,out-call,81,31.4700593092,34.4148489787
