phone_number,call_type,call_duration,call_location_longitude,call_location_latitude
050-2890071,in-call,3564,31.4101188788,34.3783558506
050-6596477,out-call,1203,31.4627905805,34.414302664
050-1326593,out-call,92,31.468210852,34.4169533727
050-7663501,out-call,1202,31.3968707491,34.346567352
050-2712298,out-call,27,31.482172028,34.4403369406
050-5093899,in-call,1187,31.4577770719,34.4271963899
050-3152367,out-call,1870,31.4570345719,34.395008786
050-3411264,out-call,1183,31.438354837,34.3847979181
