phone_number,call_type,call_duration,call_location_longitude,call_location_latitude
050-2651181,out-call,12,31.4501869498,34.4159313923
050-9497903,in-call,493,31.3789775711,34.3390527021
050-1079439,out-call,352,31.4487711088,34.4094388274
050-9317177,in-call,79,31.4454266461,34.4137820607
050-5458900,out-call,88,31.43904428,34.427278456
