phone_number,call_type,call_duration,call_location_longitude,call_location_latitude
050-1046272,out-call,93,31.4593432428,34.4319167732
050-5633366,out-call,3296,31.4739649894,34.4271403515
050-8423788,in-call,3358,31.4811733089,34.4568951042
050-1931063,out-call,2699,31.5155757361,34.4792467274
050-2327378,out-call,1084,31.4555281901,34.4175047603
050-5483889,in-call,41,31.4505655875,34.4180090125
050-8560168,out-call,1943,31.4480555603,34.4104841916
