phone_number,call_type,call_duration,call_location_longitude,call_location_latitude
050-2014833,in-call,2394,31.4102605211,34.3792054223
050-2543520,out-call,94,31.4597120224,34.4302843483
050-4034493,in-call,108,31.4565048722,34.3890574599
050-3801866,out-call,1602,31.4454266461,34.4137820607
050-3153599,out-call,100,31.4732435139,34.4294301072
050-5061890,in-call,105,31.4407123865,34.4109068075
