phone_number,call_type,call_duration,call_location_longitude,call_location_latitude
050-4846786,out-call,1414,31.4345357179,34.4047791354
050-5117284,in-call,3038,31.4369929273,34.3839249815
050-1939749,out-call,1966,31.4855422966,34.4568465245
050-5796870,in-call,84,31.4453579675,34.3875514837
050-2715180,in-call,55,31.4694094289,34.4159234357
050-3952013,out-call,2379,31.449620974,34.4026630143
050-4861314,in-call,92,31.4524980033,34.4181580358
