phone_number,call_type,call_duration,call_location_longitude,call_location_latitude
050-5560314,in-call,2286,31.462768864,34.4220599722
050-8806342,in-call,3207,31.4662245256,34.4275991317
050-2971511,out-call,32,31.4943523499,34.4670412302
050-4845467,out-call,66,31.4639343628,34.4344757761
050-1065836,in-call,438,31.4591127192,34.4237737067
050-3319864,out-call,2417,31.4437366298,34.3894271102
050-6415060,out-call,2819,31.4395626361,34.3906748215
050-5458206,out-call,2939,31.4874216063,34.4379888242
050-8283662,in-call,104,31.4709817087,34.423723736
