phone_number,call_type,call_duration,call_location_longitude,call_location_latitude
050-5188102,out-call,58,31.4701952503,34.4438182716
050-2010039,out-call,102,31.4102718207,34.3836145828
050-6938698,in-call,2361,31.4659022564,34.4169429189
050-2304329,out-call,55,31.4406515054,34.4182394257
050-4180480,in-call,42,31.4156977238,34.3703840001
050-3751532,in-call,53,31.4387972096,34.3920256995
050-5957089,in-call,559,31.4710488275,34.4216892239
050-1169039,in-call,2832,31.4590696411,34.4221911947
050-3595264,out-call,117,31.4497656325,34.429607285
