phone_number,call_type,call_duration,call_location_longitude,call_location_latitude
050-6311577,out-call,71,31.4050013062,34.3680178895
050-8857482,out-call,76,31.437552405,34.3851096326
050-5991395,in-call,96,31.4640690655,34.4291798695
050-9635469,out-call,2479,31.4393778871,34.4129509909
050-9538561,out-call,2540,31.4590311507,34.4237851109
050-8072013,in-call,23,31.4518005554,34.4163334378
050-9928658,in-call,1476,31.461231052,34.4298180709
050-3395043,in-call,1867,31.451605186,34.4154005181
