phone_number,call_type,call_duration,call_location_longitude,call_location_latitude
050-3935348,in-call,2219,31.4867296523,34.4515103921
050-4850265,out-call,105,31.3952005458,34.3526302561
050-8520428,in-call,3490,31.4573783606,34.4300424343
050-3753664,in-call,28,31.4497293437,34.4101596567
050-2705916,out-call,115,31.4620988315,34.4186650782
050-4695292,out-call,3081,31.4618248389,34.4216845979
050-6704707,in-call,31,31.4338421498,34.385383827
050-6781122,out-call,3525,31.4405153581,34.3892633691
050-1034517,in-call,3512,31.4618735822,34.4268359858
