phone_number,call_type,call_duration,call_location_longitude,call_location_latitude
050-9324409,in-call,87,31.4621326068,34.4155113862
050-4232763,out-call,3567,31.4810032442,34.44941372
050-9127791,out-call,114,31.4579749736,34.4218149338
050-3372464,in-call,2069,31.4441067036,34.3762750487
050-8650653,in-call,25,31.4742461865,34.4587378238
050-3282882,out-call,100,31.4453336313,34.3794111705
050-2996857,in-call,3034,31.4335401946,34.4005271105
050-5784527,in-call,55,31.4574727013,34.422808707
