phone_number,call_type,call_duration,call_location_longitude,call_location_latitude
050-7376633,out-call,3328,31.4451216556,34.3902476214
050-9315753,in-call,49,31.3823590451,34.3385153852
050-7129800,out-call,98,31.4520931843,34.4180418999
050-5649150,in-call,21,31.3850478062,34.3345453806
050-7975558,out-call,3154,31.4847115807,34.4399936589
