phone_number,call_type,call_duration,call_location_longitude,call_location_latitude
050-6058935,out-call,3097,31.4636593878,34.4155529803
050-7467152,out-call,53,31.4702584108,34.4235363802
050-5186499,in-call,1236,31.4668963951,34.4152715231
050-5838136,out-call,86,31.4699994224,34.4360299155
050-4415571,out-call,117,31.4359778973,34.3880127589
050-9927214,out-call,3591,31.4097232851,34.3710851573
050-1083137,in-call,2811,31.4584013135,34.4202521341
050-6950314,in-call,1529,31.4527398776,34.4163472893
