phone_number,call_type,call_duration,call_location_longitude,call_location_latitude
050-1227788,out-call,49,31.4122489925,34.3904777894
050-7111140,in-call,103,31.4548823465,34.4110189924
050-3557956,in-call,42,31.4377221522,34.3862446671
050-3546451,out-call,2918,31.4608437939,34.4140721633
050-9823454,in-call,49,31.4718067101,34.4185997054
050-9469293,out-call,48,31.4595163655,34.4212793514
050-5957393,out-call,1893,31.4538688432,34.413819924
