phone_number,call_type,call_duration,call_location_longitude,call_location_latitude
050-8577255,out-call,3253,31.3865199198,34.3444558734
050-8851374,out-call,10,31.4851809774,34.4354380202
050-7562789,in-call,1582,31.4860172913,34.4586801202
050-6331889,in-call,252,31.4622267086,34.4218161506
050-4969897,out-call,1673,31.4241226001,34.3820424583
050-3346837,in-call,71,31.4580168737,34.4204257003
050-1767255,out-call,222,31.4574515495,34.4174721436
050-6578612,out-call,832,31.440748119,34.3894416218
050-9546910,out-call,76,31.4798293215,34.4345755707
