phone_number,call_type,call_duration,call_location_longitude,call_location_latitude
050-4013883,in-call,2439,31.4558658447,34.4158947471
050-3789001,out-call,2807,31.4505655875,34.4180090125
050-4944528,out-call,19,31.4613332504,34.4395100528
050-9967154,out-call,31,31.4827897458,34.4421824179
050-5000063,out-call,3076,31.4084499137,34.3663679082
