phone_number,call_type,call_duration,call_location_longitude,call_location_latitude
050-1786252,in-call,2991,31.4731859249,34.44124727
050-9634925,in-call,462,31.3815611954,34.3402374344
050-5159463,out-call,3325,31.3926838593,34.3395584085
050-6213427,in-call,72,31.4405337582,34.4110821512
050-7695585,in-call,263,31.4366480719,34.4152831539
050-8246233,out-call,87,31.4188010071,34.3674247723
