phone_number,call_type,call_duration,call_location_longitude,call_location_latitude
050-3572639,in-call,97,31.3849986303,34.335396071
050-9630822,out-call,58,31.4496508978,34.4208941095
050-4833646,in-call,3190,31.4735526734,34.4163213441
050-2161695,out-call,669,31.4130511589,34.3701767223
050-5140936,out-call,10,31.4729639616,34.4247158566
050-4708198,in-call,3106,31.4529285185,34.4150989843
