phone_number,call_type,call_duration,call_location_longitude,call_location_latitude
050-8078343,out-call,2825,31.4757337532,34.4433054002
050-9339866,in-call,86,31.4653674294,34.4271635729
050-4672278,in-call,813,31.449202891,34.41424247
050-1116602,out-call,89,31.4787156236,34.4354459906
050-8786357,in-call,62,31.3873116177,34.3419554245
050-3666915,in-call,1577,31.5070788272,34.4728254897
050-2170181,in-call,3171,31.4519656249,34.4102639808
050-7276688,out-call,2817,31.4469500703,34.4173299756
