phone_number,call_type,call_duration,call_location_longitude,call_location_latitude
050-8902115,in-call,3026,31.4469525178,34.4149209083
050-1650214,out-call,49,31.3966859363,34.3536635998
050-3242542,out-call,1597,31.4906266893,34.4518966143
050-5846661,in-call,44,31.3973134795,34.3426901099
050-3285990,out-call,2804,31.4715560822,34.4428665077
050-8159231,in-call,32,31.4145706943,34.3948515407
050-3576746,out-call,1771,31.4624993439,34.4221015243
050-9467874,out-call,1806,31.4676984334,34.4198188614
