phone_number,call_type,call_duration,call_location_longitude,call_location_latitude
050-9783549,out-call,72,31.398197516,34.3381763635
050-7759180,out-call,110,31.4800162252,34.4437385891
050-8275047,in-call,2679,31.4649490171,34.4184875181
050-6585636,in-call,69,31.4835846075,34.4526170305
050-7513233,in-call,2417,31.4157527287,34.3725690053
050-2981975,out-call,48,31.473371713,34.4477017563
050-5845267,in-call,75,31.4134313155,34.3709256452
050-2849894,out-call,2912,31.4788763129,34.4317137201
050-8837529,out-call,520,31.4428593257,34.4124923035
