phone_number,call_type,call_duration,call_location_longitude,call_location_latitude
050-7196173,out-call,221,31.4125811507,34.3663017794
050-5551068,out-call,737,31.4470854489,34.4110997095
050-8904220,out-call,75,31.4168622987,34.364465932
050-2275203,in-call,41,31.4534819976,34.4085029225
050-4814434,out-call,103,31.4858810031,34.4471384127
050-6034861,in-call,82,31.4565431683,34.4169559302
050-2000709,in-call,102,31.4845379839,34.4509081738
050-6994764,in-call,82,31.4625557308,34.4528259155
