phone_number,call_type,call_duration,call_location_longitude,call_location_latitude
050-9660220,out-call,1699,31.4906266893,34.4518966143
050-2426480,in-call,21,31.4598570563,34.40503221
050-7142184,out-call,91,31.4666927137,34.4080977851
050-9293288,out-call,57,31.4248872947,34.3607433104
050-2655059,out-call,95,31.4666808621,34.4158099066
050-3767556,in-call,3332,31.4857780302,34.4505071091
050-2979383,in-call,2164,31.4614128991,34.42412172
050-5449759,out-call,19,31.4884057998,34.4489590537
