phone_number,call_type,call_duration,call_location_longitude,call_location_latitude
050-1929427,out-call,1003,31.4366624523,34.3892339106
050-6878752,in-call,76,31.4604847284,34.4358425676
050-4675587,out-call,1794,31.4627529036,34.4164596637
050-8865575,in-call,1675,31.4666927137,34.4080977851
050-3076074,in-call,3102,31.4563060759,34.4158516668
