phone_number,call_type,call_duration,call_location_longitude,call_location_latitude
050-2304563,in-call,120,31.4048630189,34.3699537451
050-1090193,in-call,107,31.4428914207,34.4238856229
050-2648623,in-call,49,31.4070719077,34.3671522931
050-7329593,out-call,942,31.4532138548,34.416176149
050-1557855,in-call,3322,31.500295081,34.4519686026
050-4435372,out-call,2832,31.4591190001,34.4086305096
