phone_number,call_type,call_duration,call_location_longitude,call_location_latitude
050-4027855,in-call,100,31.4483279172,34.4127975535
050-8193213,in-call,16,31.4920069421,34.4613606418
050-2395186,out-call,1292,31.3880800486,34.338635877
050-4605356,in-call,1663,31.4589025502,34.4175639232
050-7052358,in-call,2764,31.4597491089,34.4199937387
050-4798021,out-call,285,31.4124862952,34.371886135
050-6642020,out-call,893,31.3819018853,34.3516975237
050-1241100,out-call,3240,31.502870731,34.4619702228
050-9037676,out-call,2539,31.4746695262,34.4340052809
