phone_number,call_type,call_duration,call_location_longitude,call_location_latitude
050-5961767,out-call,113,31.4614807191,34.4398085802
050-5314333,out-call,519,31.4098434054,34.3730136134
050-3776128,out-call,2571,31.490687727,34.451370718
050-7070474,in-call,1177,31.454890031,34.3866565201
050-1018058,out-call,756,31.4858810031,34.4471384127
050-2479957,out-call,49,31.4651889731,34.406717285
050-8977005,out-call,102,31.4563060759,34.4158516668
050-3720658,out-call,34,31.4578945552,34.4212961438
050-9353581,in-call,1091,31.4197599617,34.3697861143
