phone_number,call_type,call_duration,call_location_longitude,call_location_latitude
050-3066062,out-call,2834,31.3941332207,34.3639212715
050-1522972,in-call,604,31.3650861948,34.3234230455
050-4175593,out-call,1329,31.4743705801,34.4301454824
050-8391316,out-call,38,31.4755260091,34.4422657864
050-3902885,out-call,294,31.4757337532,34.4433054002
050-6571059,out-call,106,31.4418406889,34.3854883109
