phone_number,call_type,call_duration,call_location_longitude,call_location_latitude
050-9681989,out-call,2552,31.4449639121,34.4152602251
050-1888524,in-call,1430,31.3856095577,34.3523626498
050-8856306,out-call,504,31.4089307964,34.3860013325
050-2010177,out-call,2849,31.4584013135,34.4202521341
050-9951256,in-call,2236,31.4470298881,34.4237580242
050-8930174,out-call,102,31.4438334837,34.4129665947
050-1378202,out-call,804,31.4467623485,34.3877190687
050-1897992,out-call,93,31.459992128,34.4344104599
050-3387276,in-call,1962,31.447827605,34.4210342006
