phone_number,call_type,call_duration,call_location_longitude,call_location_latitude
050-5683035,in-call,93,31.4876386254,34.4527809227
050-8285335,out-call,69,31.4602145644,34.4176654625
050-3366211,out-call,2568,31.4296478311,34.3612047403
050-5049536,in-call,84,31.4568254886,34.4189691372
050-1961263,out-call,84,31.4082100379,34.3719192893
050-7885745,out-call,2910,31.474503229,34.4377767207
050-5399570,in-call,51,31.5001684666,34.461704377
050-4345645,in-call,1610,31.3831445492,34.3509438362
050-8995374,in-call,3107,31.3920961256,34.3435620885
