phone_number,call_type,call_duration,call_location_longitude,call_location_latitude
050-2379061,in-call,45,31.4282766305,34.3954512761
050-5544342,out-call,26,31.4642439894,34.4438144158
050-7409081,in-call,850,31.498426332,34.4562950176
050-8492541,in-call,1391,31.414524162,34.3671889439
050-2569677,out-call,297,31.4176636461,34.3654709939
050-4625493,out-call,32,31.4361974574,34.4073553789
050-1892802,in-call,1287,31.4183581319,34.4018575017
050-8373676,out-call,46,31.432760082,34.3787085038
