phone_number,call_type,call_duration,call_location_longitude,call_location_latitude
050-3703724,out-call,37,31.4134215904,34.3758662105
050-8290535,out-call,120,31.4126864996,34.3729034483
050-7823417,in-call,2100,31.4580598951,34.4448994416
050-5598178,out-call,102,31.4630956622,34.4134544396
050-3813550,out-call,90,31.4751658411,34.4307461708
