phone_number,call_type,call_duration,call_location_longitude,call_location_latitude
050-6883738,out-call,86,31.4111278722,34.3663601465
050-8956527,out-call,1135,31.4401244479,34.3881305116
050-1310204,in-call,23,31.4127450189,34.3767059793
050-2938707,in-call,688,31.4663771558,34.4282608035
050-2046033,out-call,55,31.5005126767,34.4661201416
050-8795571,in-call,23,31.4361569906,34.3859847752
050-4112625,in-call,58,31.4454345026,34.4309208369
