phone_number,call_type,call_duration,call_location_longitude,call_location_latitude
050-4644910,out-call,46,31.4696806259,34.4177814993
050-7568284,in-call,2024,31.4435420022,34.3870628271
050-5125753,in-call,119,31.4148855824,34.3643470036
050-5966468,in-call,3356,31.4469525178,34.4149209083
050-6684796,in-call,2184,31.4649574658,34.4037276782
050-3635169,out-call,3155,31.4547212752,34.4166370567
