phone_number,call_type,call_duration,call_location_longitude,call_location_latitude
050-7495441,in-call,10,31.4335293583,34.4051730709
050-3432934,in-call,86,31.438169332,34.4045140775
050-9633882,out-call,3038,31.4734694909,34.4438558146
050-5496693,out-call,3233,31.4286620429,34.3963323563
050-3686984,in-call,116,31.426046168,34.3854687174
050-3179401,in-call,82,31.3972477621,34.3666989152
050-6291117,out-call,40,31.4986355907,34.459047539
050-5089248,out-call,111,31.3945900431,34.3653073375
050-5953541,out-call,1223,31.4911417075,34.4475043948
