phone_number,call_type,call_duration,call_location_longitude,call_location_latitude
050-4251930,in-call,32,31.4315133452,34.3790408067
050-3926663,in-call,901,31.4042330273,34.3670854073
050-2606980,in-call,79,31.4585725903,34.4395785111
050-2281742,out-call,92,31.4468059533,34.3890834469
050-2082722,in-call,81,31.3492510245,34.3239330905
050-1004948,out-call,30,31.429637171,34.3786505842
050-1326729,in-call,62,31.3978691375,34.3624991962
