phone_number,call_type,call_duration,call_location_longitude,call_location_latitude
050-1634017,out-call,112,31.4549834184,34.4127475594
050-4618976,out-call,2715,31.4425597092,34.4213049479
050-1233976,out-call,2161,31.4511699764,34.4180950311
050-1011081,out-call,1011,31.457441879,34.412021771
050-7721578,in-call,45,31.4674263472,34.4341393241
050-3901934,in-call,1780,31.4520908046,34.4252686597
050-7536568,in-call,75,31.4118161217,34.3676211143
