phone_number,call_type,call_duration,call_location_longitude,call_location_latitude
050-4481372,out-call,27,31.479610827,34.4578113856
050-3238521,in-call,47,31.437537831,34.4141761559
050-9120137,out-call,3194,31.4399384145,34.4124824933
050-5286509,in-call,352,31.4482136901,34.3864572468
050-2600187,out-call,2236,31.3734879126,34.3416069856
050-9000037,out-call,473,31.4235726562,34.4092370484
