phone_number,call_type,call_duration,call_location_longitude,call_location_latitude
050-6558245,out-call,26,31.4346916477,34.3994862431
050-4720963,in-call,676,31.4122489925,34.3904777894
050-9610018,out-call,2288,31.4651674662,34.4221598319
050-4436720,out-call,71,31.4127550409,34.3571107175
050-8510747,in-call,915,31.4748263331,34.4290183606
050-5121328,out-call,28,31.4409868515,34.3896350715
