phone_number,call_type,call_duration,call_location_longitude,call_location_latitude
050-5427262,in-call,54,31.3965950393,34.3531658654
050-8962350,out-call,32,31.4687189232,34.4391273112
050-8855414,in-call,2431,31.4843724602,34.4509531536
050-6021694,in-call,49,31.4707072749,34.4360829169
050-8586791,in-call,1641,31.4811733089,34.4568951042
050-1862934,in-call,674,31.4486007442,34.425787307
050-8892667,in-call,85,31.4493323551,34.410081641
050-9937394,out-call,1245,31.4527398776,34.4163472893
