phone_number,call_type,call_duration,call_location_longitude,call_location_latitude
050-5562406,in-call,19,31.4601866686,34.432542857
050-6235714,out-call,104,31.411885676,34.361158034
050-3463956,out-call,42,31.4326956474,34.402250783
050-5249202,in-call,752,31.4097488164,34.3774150951
050-1105040,in-call,107,31.4290306724,34.3933881166
050-1540292,in-call,2790,31.43018162,34.3763994221
050-9762121,in-call,74,31.4241607967,34.3834027287
