phone_number,call_type,call_duration,call_location_longitude,call_location_latitude
050-5054859,in-call,764,31.4437044093,34.4181018701
050-8151405,in-call,3099,31.4949838944,34.4590190316
050-9919177,out-call,22,31.4657949336,34.4364360651
050-8573041,in-call,3491,31.3920320863,34.3387423562
050-8406145,out-call,46,31.4719431529,34.4220045853
