phone_number,call_type,call_duration,call_location_longitude,call_location_latitude
050-8659620,out-call,3247,31.4734961428,34.4388343477
050-5200409,out-call,1074,31.4700939862,34.4291516687
050-9119951,out-call,86,31.4607666867,34.4221382585
050-3340804,in-call,1169,31.423483446,34.3655155728
050-5810060,in-call,2595,31.4581827514,34.4224292784
050-6948862,out-call,35,31.4575937079,34.4337464224
050-5124992,in-call,110,31.4837681134,34.4475407039
