phone_number,call_type,call_duration,call_location_longitude,call_location_latitude
050-6654360,in-call,619,31.4424480254,34.3916706491
050-4150763,out-call,1219,31.4118570644,34.3575757213
050-6081865,in-call,1107,31.5003099744,34.4592816296
050-5847550,in-call,1571,31.4498821887,34.4031089584
050-7159641,in-call,49,31.3970307577,34.3643101136
050-1918875,in-call,385,31.4751046992,34.4405492842
