phone_number,call_type,call_duration,call_location_longitude,call_location_latitude
050-9312951,in-call,498,31.4051969532,34.3670325635
050-5678005,in-call,827,31.4637238147,34.4217598776
050-6670398,out-call,681,31.4619741224,34.4136218748
050-4056156,out-call,2174,31.4122062517,34.3700045598
050-4824138,out-call,14,31.4862830332,34.4357066643
050-9034755,in-call,15,31.4524586653,34.4184930962
