phone_number,call_type,call_duration,call_location_longitude,call_location_latitude
050-4574293,in-call,32,31.4665322472,34.4245103487
050-2388387,in-call,55,31.4356339554,34.4060999075
050-2773024,out-call,96,31.4493483661,34.4022765803
050-6484694,out-call,1605,31.4665561537,34.4213554111
050-7819719,in-call,2668,31.4145706943,34.3948515407
