phone_number,call_type,call_duration,call_location_longitude,call_location_latitude
050-9326742,out-call,1251,31.4230156708,34.3653991997
050-8370727,in-call,52,31.4637818465,34.4203391953
050-5153034,out-call,520,31.4604847284,34.4358425676
050-2419844,out-call,2723,31.4134078974,34.3747990297
050-5932852,in-call,68,31.4187195646,34.370896626
050-7398160,in-call,1476,31.456983953,34.4317364085
050-6259286,out-call,21,31.4111278722,34.3663601465
050-6822332,in-call,2905,31.4637875588,34.4259704423
