phone_number,call_type,call_duration,call_location_longitude,call_location_latitude
050-4057408,out-call,3260,31.4226276591,34.385024998
050-9130652,out-call,45,31.435061711,34.4062149395
050-1377194,in-call,107,31.3987592148,34.373815349
050-1102495,out-call,89,31.4899730033,34.4498752864
050-2380665,in-call,116,31.4221121077,34.3676665567
050-9534125,out-call,25,31.4969101485,34.4583515828
050-9665437,out-call,92,31.4802998088,34.4401269621
050-1618345,in-call,311,31.4271929525,34.3826031503
050-4348759,in-call,65,31.4338421498,34.385383827
