phone_number,call_type,call_duration,call_location_longitude,call_location_latitude
050-7009446,out-call,817,31.4693233254,34.4411255052
050-2658172,out-call,58,31.472409713,34.4339332211
050-6861708,out-call,37,31.4560885334,34.4055228224
050-9054015,out-call,912,31.4566456907,34.3983165395
050-1897022,in-call,59,31.4376781928,34.3873253226
050-1052892,out-call,59,31.4701867284,34.4171838407
050-4666470,out-call,1546,31.4580168737,34.4204257003
