phone_number,call_type,call_duration,call_location_longitude,call_location_latitude
050-9237067,out-call,98,31.4191520706,34.3595068593
050-6867171,in-call,68,31.4899421639,34.4684686492
050-4785046,in-call,100,31.4153321172,34.389527905
050-5583429,in-call,43,31.4571596287,34.4187963295
050-3268514,out-call,2422,31.4619774775,34.4225189143
050-2794009,in-call,2056,31.4801594329,34.4493537253
050-1963568,out-call,112,31.4655989581,34.4219285786
050-2205967,in-call,1047,31.4538688432,34.413819924
