phone_number,call_type,call_duration,call_location_longitude,call_location_latitude
050-5985860,in-call,40,31.4659022564,34.4169429189
050-7357372,in-call,3246,31.4542250533,34.4230287337
050-7775433,out-call,35,31.4090969483,34.37537811
050-9830705,out-call,47,31.4521090598,34.3935000358
050-7207165,out-call,20,31.4895518764,34.4439702849
050-7954074,out-call,1710,31.438096906,34.3870759478
050-3035367,in-call,86,31.4509313905,34.4131494415
050-2075839,out-call,76,31.4839692301,34.4470652742
