phone_number,call_type,call_duration,call_location_longitude,call_location_latitude
050-9890771,in-call,2327,31.4621153068,34.4205928275
050-8219044,in-call,3127,31.457977434,34.4223134092
050-4951981,in-call,46,31.4501680283,34.4130919545
050-6086990,out-call,68,31.4566456907,34.3983165395
050-8666109,in-call,12,31.4501029173,34.4242916913
