phone_number,call_type,call_duration,call_location_longitude,call_location_latitude
050-7704431,out-call,2582,31.3896208494,34.3448966316
050-7150857,in-call,2022,31.4736061795,34.4273601016
050-3639677,in-call,10,31.4360576217,34.4041661529
050-5760962,in-call,86,31.4631025246,34.4278868037
050-6041799,in-call,2134,31.4349690398,34.387919808
050-1720732,in-call,2862,31.4451469113,34.3786979133
