phone_number,call_type,call_duration,call_location_longitude,call_location_latitude
050-5215462,out-call,88,31.451158431,34.4231370409
050-1305637,in-call,3396,31.4538219593,34.4181951129
050-3516343,out-call,2242,31.4543574327,34.4147205594
050-4276651,out-call,102,31.4050013062,34.3680178895
050-4949633,in-call,3191,31.4537357709,34.4232497448
050-1779907,in-call,1487,31.4000151816,34.3762586332
