phone_number,call_type,call_duration,call_location_longitude,call_location_latitude
050-7481701,out-call,82,31.4647533139,34.4166339048
050-2274038,out-call,85,31.4653674294,34.4271635729
050-9156160,in-call,82,31.4150441405,34.3718189577
050-8191084,in-call,2220,31.4703322307,34.435589914
050-8982321,in-call,1405,31.4535564111,34.4247536833
050-9068383,out-call,3164,31.4335551938,34.3866084369
050-6101940,in-call,1228,31.3903711621,34.3366402644
050-2790800,out-call,44,31.4230156708,34.3653991997
050-6736783,in-call,3245,31.4524980033,34.4181580358
