phone_number,call_type,call_duration,call_location_longitude,call_location_latitude
050-2149261,out-call,110,31.4572358504,34.4094845669
050-2094029,in-call,2216,31.382909555,34.3508885404
050-2585408,in-call,2701,31.3903711621,34.3366402644
050-8656912,in-call,2921,31.3789775711,34.3390527021
050-2617904,in-call,59,31.4469459659,34.4139149238
