phone_number,call_type,call_duration,call_location_longitude,call_location_latitude
050-6391963,in-call,58,31.4490749763,34.4166342963
050-8551391,out-call,66,31.4590058886,34.4106218599
050-6422736,in-call,55,31.4750206819,34.4618133475
050-4781284,in-call,2614,31.4829601287,34.4622451087
050-9969744,out-call,1112,31.4804233635,34.4489946162
050-9866727,out-call,2050,31.4707072749,34.4360829169
050-5659097,out-call,105,31.4387735212,34.3852259875
