phone_number,call_type,call_duration,call_location_longitude,call_location_latitude
050-3897547,in-call,2233,31.4867311396,34.4415294147
050-8195487,in-call,299,31.4471614016,34.3888992456
050-2839274,in-call,857,31.4556107997,34.4193679069
050-8056842,out-call,63,31.3963533475,34.3480888015
050-2391720,out-call,625,31.4452037317,34.4194059115
050-7545048,out-call,1399,31.4331410461,34.4018866014
050-8202930,out-call,1277,31.4322756615,34.3755758651
050-6562614,in-call,54,31.4301053258,34.3939878746
050-6226442,in-call,223,31.4331072324,34.4010447554
