phone_number,call_type,call_duration,call_location_longitude,call_location_latitude
050-6686701,out-call,83,31.4726832082,34.4327523352
050-8123671,out-call,81,31.4534622091,34.4172794175
050-6546340,in-call,111,31.4619161558,34.4177055854
050-5988953,out-call,114,31.4231939332,34.3592286708
050-6524295,out-call,116,31.4701321943,34.4199308947
050-5772151,out-call,18,31.4361267257,34.3878623345
050-4348861,in-call,2471,31.4658402222,34.4313032366
050-5405219,out-call,75,31.4406550787,34.4127199193
