phone_number,call_type,call_duration,call_location_longitude,call_location_latitude
050-3593503,out-call,1507,31.453624004,34.4198046674
050-8934073,in-call,101,31.4366278707,34.3857317891
050-7331491,out-call,1615,31.4762996395,34.4359509497
050-9359380,out-call,1942,31.4139139014,34.3671335731
050-3514753,in-call,3086,31.4826554996,34.4423955016
050-9765251,out-call,2862,31.4198709617,34.403520582
