phone_number,call_type,call_duration,call_location_longitude,call_location_latitude
050-9064503,out-call,61,31.4947488772,34.4660401042
050-9580989,in-call,1866,31.4595163655,34.4212793514
050-5679348,out-call,419,31.4101188788,34.3783558506
050-7441009,out-call,878,31.4737279309,34.4303346054
050-2074601,in-call,2102,31.4727816093,34.431132617
050-2382591,in-call,3486,31.4681560791,34.4391229607
050-9544178,out-call,31,31.4233254422,34.3651910649
050-3786570,out-call,143,31.3890116149,34.3496454263
