phone_number,call_type,call_duration,call_location_longitude,call_location_latitude
050-5756586,in-call,40,31.4515613586,34.4088163385
050-5750391,in-call,51,31.4163864896,34.3628368559
050-6722823,out-call,61,31.4163456405,34.3706549755
050-1841524,out-call,661,31.4341137336,34.4131235355
050-2323547,in-call,65,31.4587774442,34.4239368312
050-8706051,out-call,47,31.4647533139,34.4166339048
