phone_number,call_type,call_duration,call_location_longitude,call_location_latitude
050-9493885,in-call,31,31.3906685064,34.3358486865
050-2609118,out-call,2470,31.4153757213,34.3716241802
050-1630412,in-call,3586,31.4562257299,34.407485409
050-9067500,out-call,1733,31.4042330273,34.3670854073
050-5750956,in-call,50,31.4079650774,34.3866569173
050-5732893,in-call,42,31.4368986528,34.3883951596
