phone_number,call_type,call_duration,call_location_longitude,call_location_latitude
050-6555422,out-call,1225,31.4566405187,34.4106114174
050-9774879,in-call,54,31.4757905443,34.4258416547
050-6122643,in-call,120,31.4787793929,34.4342517489
050-6665831,out-call,639,31.4798293215,34.4345755707
050-4752458,in-call,2845,31.4729712758,34.4360199676
050-2075839,out-call,52,31.465401877,34.4233676109
050-9295369,out-call,3341,31.4458531724,34.4144221978
050-8166502,in-call,2523,31.4656897534,34.4085600461
050-6941991,out-call,438,31.4533604314,34.3932175974
