phone_number,call_type,call_duration,call_location_longitude,call_location_latitude
050-4782213,out-call,68,31.452399155,34.4209333366
050-1246949,in-call,17,31.4588886679,34.4209603397
050-9936114,in-call,1788,31.4557545935,34.4106984316
050-2864492,in-call,93,31.4214708161,34.359967176
050-5644307,out-call,94,31.4412515447,34.4139064769
050-8033092,out-call,1548,31.4652067397,34.4319432003
050-2089897,in-call,48,31.4499669697,34.4217723024
