phone_number,call_type,call_duration,call_location_longitude,call_location_latitude
050-5875951,in-call,630,31.4683774744,34.4396244413
050-1939988,out-call,3408,31.4079059052,34.3675152183
050-4542988,out-call,587,31.4342261255,34.4048048419
050-6371194,in-call,2942,31.4362231705,34.4052039801
050-1818694,out-call,101,31.4270355748,34.3819247799
050-6919757,in-call,2075,31.3874966726,34.3417165701
050-8075002,in-call,45,31.4011803643,34.3496764091
050-1841321,out-call,33,31.4528375228,34.4118937631
