phone_number,call_type,call_duration,call_location_longitude,call_location_latitude
050-7529644,out-call,1497,31.472457782,34.4470888174
050-3694592,in-call,1361,31.4726589335,34.4402410449
050-9059039,out-call,46,31.4689525064,34.4227713386
050-8865380,out-call,2706,31.4732531454,34.4453289501
050-9913707,out-call,21,31.4112538776,34.3663592944
050-2411150,in-call,47,31.3807531011,34.339928365
050-1833596,out-call,76,31.4403303369,34.4226301467
050-8690550,in-call,68,31.4858810031,34.4471384127
050-3424407,in-call,111,31.4484926629,34.4161332014
