phone_number,call_type,call_duration,call_location_longitude,call_location_latitude
050-5985097,in-call,30,31.4119698905,34.3655954063
050-3009312,in-call,77,31.4529285185,34.4150989843
050-2781586,out-call,49,31.5022838329,34.4607094246
050-2746263,in-call,42,31.4327801432,34.4184105028
050-6867015,out-call,12,31.446411432,34.4176201575
050-3213663,in-call,116,31.3903711621,34.3366402644
050-4957675,in-call,3247,31.4567551899,34.4346558514
