phone_number,call_type,call_duration,call_location_longitude,call_location_latitude
050-4361418,out-call,1910,31.4597120224,34.4302843483
050-9229508,out-call,431,31.4577953876,34.4250642736
050-2857502,in-call,51,31.449539313,34.4167891524
050-8131927,in-call,2238,31.4949838944,34.4590190316
050-8325048,out-call,1750,31.4676816904,34.4356739622
050-7470710,in-call,2759,31.4658189887,34.4299392234
050-6776370,in-call,2373,31.4475019466,34.4173854243
