phone_number,call_type,call_duration,call_location_longitude,call_location_latitude
050-9315116,out-call,3435,31.4590830559,34.4152484485
050-9260742,out-call,1587,31.4657461409,34.4291721565
050-3427281,in-call,44,31.435476793,34.3866330794
050-8111666,in-call,3392,31.4037445424,34.3691321131
050-6004636,out-call,420,31.4340575361,34.3864494613
050-7889292,in-call,117,31.4515739518,34.4147517988
050-9759225,out-call,53,31.4615073077,34.407980617
050-1701322,out-call,2794,31.4333066467,34.4075643408
