phone_number,call_type,call_duration,call_location_longitude,call_location_latitude
050-9397491,out-call,1610,31.4584709783,34.4184800655
050-4318262,out-call,75,31.4755703674,34.4251294806
050-7286296,out-call,3142,31.4681883515,34.4482014016
050-5721905,in-call,347,31.4446179284,34.4205382218
050-5273165,in-call,2397,31.4152673416,34.3738140098
050-6182116,out-call,90,31.4609950141,34.4039905149
050-7874098,out-call,21,31.4380330742,34.3861289022
050-7308745,out-call,1510,31.4920069421,34.4613606418
