phone_number,call_type,call_duration,call_location_longitude,call_location_latitude
050-6001140,out-call,1513,31.432418761,34.3859132868
050-6746907,in-call,2148,31.4928730377,34.4573351504
050-1294282,out-call,1691,31.4167882815,34.3710097164
050-9709544,in-call,2808,31.4468428402,34.4127693843
050-3336989,out-call,17,31.377206479,34.3344569285
050-5177938,out-call,3171,31.4101802948,34.3687502178
050-1736517,out-call,28,31.4139139014,34.3671335731
