phone_number,call_type,call_duration,call_location_longitude,call_location_latitude
050-3511642,out-call,328,31.4701592612,34.4241542024
050-1060883,in-call,551,31.4144094958,34.3732608314
050-4042797,out-call,628,31.4619774775,34.4225189143
050-5954197,in-call,38,31.4697161997,34.4435726845
050-3144685,out-call,119,31.4405337582,34.4110821512
050-9440883,in-call,36,31.4416462802,34.4118444208
050-1217366,out-call,93,31.4650406548,34.4203910097
050-2322919,out-call,428,31.3964087589,34.3461175604
050-3692087,out-call,111,31.4535548405,34.4245918063
