phone_number,call_type,call_duration,call_location_longitude,call_location_latitude
050-1736068,out-call,98,31.4758775384,34.4406318098
050-8905749,out-call,1626,31.459992128,34.4344104599
050-1845496,in-call,3507,31.3927711795,34.3651411941
050-2464326,out-call,98,31.4301737228,34.3938190106
050-4947298,out-call,66,31.4569334222,34.4257092786
050-6360401,out-call,36,31.3971177397,34.3655062848
050-9518207,in-call,2539,31.4359415206,34.4066156029
050-4554692,in-call,1753,31.4013809512,34.3745666844
050-5778985,out-call,53,31.4537357709,34.4232497448
