phone_number,call_type,call_duration,call_location_longitude,call_location_latitude
050-9990590,out-call,120,31.4638004657,34.4240187391
050-9747729,in-call,31,31.3844216514,34.3437587926
050-3442704,in-call,92,31.4720574644,34.4318496492
050-6510928,out-call,116,31.4122680793,34.3758885195
050-5016458,out-call,1623,31.4484900506,34.4156587749
050-1340348,in-call,75,31.4510043438,34.4149088315
050-4164709,out-call,78,31.3791227137,34.3304829087
050-1199775,in-call,1747,31.3856031989,34.3397749851
050-3629494,in-call,250,31.3926838593,34.3395584085
