phone_number,call_type,call_duration,call_location_longitude,call_location_latitude
050-4999677,in-call,45,31.4070059439,34.3703669309
050-6027786,out-call,81,31.4674085908,34.4312661706
050-8226067,out-call,109,31.470968707,34.4289534532
050-6174604,in-call,33,31.4407856023,34.4120529402
050-6998036,in-call,107,31.476989227,34.4484730598
