phone_number,call_type,call_duration,call_location_longitude,call_location_latitude
050-4313723,in-call,2660,31.4891447743,34.4467535585
050-5298857,in-call,78,31.4087784641,34.3744304181
050-3535732,out-call,101,31.4532152816,34.4087487838
050-8955302,in-call,47,31.4152673416,34.3738140098
050-6169481,in-call,2907,31.4555019433,34.43368943
050-6588614,out-call,2397,31.496841045,34.4644154139
050-8887198,in-call,101,31.4492478502,34.4149096152
050-2226206,in-call,3449,31.4584245594,34.4229920982
050-4386545,in-call,14,31.5012340366,34.4723446517
