phone_number,call_type,call_duration,call_location_longitude,call_location_latitude
050-6114952,out-call,79,31.41182839,34.3758399404
050-2492302,in-call,135,31.4320593243,34.4000777445
050-3866024,out-call,16,31.4094226692,34.3611520013
050-8042736,out-call,58,31.4114590137,34.3593486229
050-6643100,out-call,60,31.448983642,34.4029719548
050-2345033,out-call,1165,31.4506177452,34.4106726933
050-7026801,in-call,49,31.4370217175,34.403712172
050-3869601,in-call,43,31.4609296987,34.4194840113
050-3071182,in-call,416,31.4458307143,34.405547817
