phone_number,call_type,call_duration,call_location_longitude,call_location_latitude
050-3442428,out-call,2541,31.4750228052,34.4626616855
050-8736527,out-call,2350,31.4466774992,34.4029488482
050-9456582,in-call,1288,31.4664152452,34.4383676069
050-1641525,out-call,671,31.4538688432,34.413819924
050-7527893,in-call,90,31.4135772117,34.3706706096
050-5159187,out-call,1693,31.4130507142,34.3713169393
050-1308337,in-call,81,31.4012603487,34.3688033771
