phone_number,call_type,call_duration,call_location_longitude,call_location_latitude
050-2884378,in-call,23,31.4619741224,34.4136218748
050-3332413,out-call,101,31.4865004475,34.4694174275
050-4678042,in-call,1293,31.4728399224,34.4238547062
050-4086380,out-call,52,31.4706402449,34.4271749922
050-6053086,in-call,56,31.4570345719,34.395008786
050-9898362,out-call,70,31.4639486619,34.422119097
050-6048369,in-call,1237,31.462544631,34.4465874317
050-9141219,out-call,938,31.4207744219,34.4085767476
050-1270740,out-call,973,31.4735526734,34.4163213441
