phone_number,call_type,call_duration,call_location_longitude,call_location_latitude
050-2249990,in-call,3343,31.466795227,34.4350809917
050-7398668,out-call,3217,31.4751046992,34.4405492842
050-5693474,in-call,30,31.4435420022,34.3870628271
050-6284198,in-call,1451,31.4555047927,34.4168194988
050-2286021,out-call,3498,31.457420609,34.4181190701
050-8418293,out-call,1056,31.4465169934,34.4252204385
050-6660543,in-call,72,31.5038381318,34.4598827957
050-5233979,in-call,86,31.4509979795,34.4133352017
050-3403337,out-call,50,31.4541094976,34.4108321679
