phone_number,call_type,call_duration,call_location_longitude,call_location_latitude
050-9506266,out-call,19,31.4178275545,34.3683273116
050-4940502,out-call,70,31.4624993439,34.4221015243
050-2930307,out-call,2503,31.4675920897,34.442333078
050-4353416,out-call,27,31.4696268901,34.4455009831
050-6227133,out-call,2389,31.4597120224,34.4302843483
050-1209065,in-call,674,31.4515739518,34.4147517988
050-8235801,out-call,14,31.3906685064,34.3358486865
