phone_number,call_type,call_duration,call_location_longitude,call_location_latitude
050-7887965,in-call,101,31.378208488,34.3417950723
050-9290965,out-call,34,31.409148782,34.3727662031
050-2600244,out-call,3585,31.4728716814,34.4450645104
050-7745426,in-call,100,31.4761417939,34.4366461176
050-2440596,out-call,84,31.466811665,34.4312148307
050-2989641,in-call,87,31.4087784641,34.3744304181
050-8351489,in-call,105,31.4395626361,34.3906748215
