phone_number,call_type,call_duration,call_location_longitude,call_location_latitude
050-6425915,in-call,65,31.4819410936,34.4340670257
050-5728172,out-call,404,31.4713650916,34.4358437109
050-6132069,out-call,24,31.4718895537,34.4347838603
050-9638787,in-call,334,31.4767130625,34.4354140029
050-4232930,out-call,3323,31.4610511866,34.418941453
050-3153666,out-call,29,31.4650504862,34.4313490425
050-8314031,out-call,78,31.4768588393,34.4313785936
050-8513786,in-call,98,31.4835676565,34.4385551226
