phone_number,call_type,call_duration,call_location_longitude,call_location_latitude
050-2518800,in-call,39,31.4084863513,34.3428316502
050-7274142,in-call,3139,31.4598570563,34.40503221
050-5514238,out-call,25,31.4561125114,34.4191593694
050-6726816,out-call,58,31.458120942,34.4241992273
050-3972220,in-call,60,31.471034349,34.4424066555
050-3553104,out-call,47,31.4524980033,34.4181580358
