phone_number,call_type,call_duration,call_location_longitude,call_location_latitude
050-2637566,out-call,20,31.5054737686,34.4792245648
050-6272964,in-call,2030,31.450957144,34.4174103427
050-3083052,out-call,2414,31.4005290874,34.347511676
050-9504090,out-call,73,31.4548823465,34.4110189924
050-2596332,out-call,10,31.4448391119,34.4150017478
050-5445731,in-call,80,31.4171555212,34.3665754921
050-3987648,in-call,74,31.4938714236,34.4651892271
