phone_number,call_type,call_duration,call_location_longitude,call_location_latitude
050-6343454,in-call,2043,31.4483789595,34.4154736776
050-9026722,out-call,856,31.4569334222,34.4257092786
050-7138411,out-call,530,31.4549504306,34.4153507087
050-1563156,out-call,56,31.4834752196,34.4410736364
050-6702287,out-call,3194,31.4515875462,34.41670139
050-8262349,out-call,91,31.4507692541,34.4299284125
050-7803223,in-call,59,31.420419099,34.3680052208
050-2309501,in-call,3502,31.4388070225,34.3875024982
050-5971895,out-call,22,31.4649313189,34.4233249471
