phone_number,call_type,call_duration,call_location_longitude,call_location_latitude
050-2647046,out-call,51,31.4549834184,34.4127475594
050-7071545,out-call,3599,31.4699261037,34.4185644006
050-2258751,out-call,2223,31.4564352038,34.4208419945
050-7164279,in-call,1176,31.4587627058,34.4156526047
050-4456074,out-call,1174,31.4568610449,34.4442703806
