phone_number,call_type,call_duration,call_location_longitude,call_location_latitude
050-8366090,in-call,73,31.46330589,34.422038585
050-5573274,out-call,21,31.4640690655,34.4291798695
050-7223443,in-call,36,31.4471225486,34.4108984317
050-7188269,in-call,535,31.4635448466,34.4309029856
050-7487106,out-call,1341,31.4555313959,34.4138723505
050-2634274,in-call,2415,31.4362510057,34.3831710374
050-3770493,out-call,49,31.4667340837,34.41571612
050-2554942,in-call,64,31.42895141,34.4129199158
050-6756190,out-call,105,31.4680504328,34.4174742757
