phone_number,call_type,call_duration,call_location_longitude,call_location_latitude
050-9303043,out-call,2878,31.462474071,34.4195182004
050-8953766,in-call,3333,31.399568208,34.3701761599
050-3752791,in-call,520,31.4378196403,34.4065872347
050-1032410,in-call,72,31.4459031038,34.4037270123
050-1754274,out-call,105,31.4411469288,34.3848542905
050-5136053,out-call,100,31.4127591266,34.3574514694
