phone_number,call_type,call_duration,call_location_longitude,call_location_latitude
050-4087242,out-call,106,31.4122062517,34.3700045598
050-1240680,in-call,77,31.4729728058,34.4229730263
050-3013524,out-call,3045,31.4670003414,34.4339450829
050-8536826,in-call,21,31.4075398817,34.384961288
050-9159593,out-call,21,31.475916925,34.4415633871
050-4808269,in-call,116,31.4547649692,34.3952528995
050-8913818,in-call,62,31.4448948713,34.4157092022
050-9734292,in-call,61,31.437552405,34.3851096326
