phone_number,call_type,call_duration,call_location_longitude,call_location_latitude
050-8244073,out-call,2486,31.4823763709,34.4382790856
050-9671878,out-call,102,31.4759128207,34.4404684859
050-2956834,out-call,3091,31.4555262965,34.3830235859
050-8257245,in-call,1671,31.4891447743,34.4467535585
050-9141721,out-call,73,31.4441067036,34.3762750487
050-7493734,in-call,66,31.4463425555,34.3765954758
