phone_number,call_type,call_duration,call_location_longitude,call_location_latitude
050-4379487,in-call,2409,31.4016608221,34.3680082565
050-8157595,out-call,18,31.406901289,34.3711829403
050-1688890,in-call,2847,31.4167806074,34.3681726443
050-4253096,out-call,2229,31.4176636461,34.3654709939
050-8406892,out-call,2187,31.4336366244,34.3852032395
