phone_number,call_type,call_duration,call_location_longitude,call_location_latitude
050-1304703,out-call,84,31.4441995341,34.3793131035
050-2275524,out-call,1732,31.4484400482,34.4039018993
050-6995265,out-call,44,31.4184884116,34.364528053
050-8641206,in-call,968,31.4690107419,34.4286749633
050-4471187,in-call,119,31.425881076,34.3851097643
050-4134622,in-call,1441,31.4574819666,34.4197959267
