phone_number,call_type,call_duration,call_location_longitude,call_location_latitude
050-2929468,out-call,89,31.4815544704,34.4475076542
050-9385580,out-call,59,31.4450491487,34.4159622233
050-9115442,out-call,1235,31.4501395041,34.4253819726
050-8822994,in-call,25,31.4230204576,34.3664219791
050-5876716,in-call,991,31.4152673416,34.3738140098
050-3592766,out-call,30,31.4740223126,34.44216505
