phone_number,call_type,call_duration,call_location_longitude,call_location_latitude
050-5497094,in-call,1297,31.4654048994,34.4262872371
050-9666303,in-call,70,31.444552898,34.3913045356
050-8632656,out-call,2994,31.4720565134,34.4253308709
050-6079656,in-call,79,31.413128749,34.3728097141
050-2949479,in-call,2977,31.4426277634,34.413364828
050-5655755,in-call,82,31.4533604314,34.3932175974
050-5557901,in-call,1894,31.4545350401,34.4213167293
