phone_number,call_type,call_duration,call_location_longitude,call_location_latitude
050-1371218,in-call,991,31.4111700407,34.3786382748
050-7960704,in-call,59,31.370200411,34.32458523
050-8610454,out-call,74,31.3932378671,34.3631720165
050-8768008,in-call,2488,31.4342579128,34.4072531478
050-6070509,out-call,1669,31.4608420296,34.4125979292
050-5711260,out-call,1817,31.4369867433,34.4053013291
