phone_number,call_type,call_duration,call_location_longitude,call_location_latitude
050-6193562,out-call,1101,31.442638495,34.4132172282
050-2922178,out-call,3434,31.4605957338,34.4184219052
050-6030267,out-call,107,31.4923202358,34.4524890052
050-3336635,in-call,1653,31.4855828317,34.4487197936
050-3387806,in-call,40,31.4424835496,34.4155205286
050-3903775,in-call,10,31.4593567073,34.4211053094
050-7469208,in-call,81,31.4534231011,34.4230340285
