phone_number,call_type,call_duration,call_location_longitude,call_location_latitude
050-4093945,in-call,2468,31.4512780923,34.4142799075
050-4168947,out-call,27,31.4694615967,34.4405837724
050-6102794,out-call,3441,31.4597491089,34.4199937387
050-2779494,in-call,264,31.4534177795,34.4108543663
050-9278419,in-call,66,31.4550476705,34.4177584331
050-2504290,in-call,79,31.458571986,34.3966786017
050-6216823,out-call,65,31.4651889731,34.406717285
