phone_number,call_type,call_duration,call_location_longitude,call_location_latitude
050-6472105,in-call,83,31.4783116396,34.4608454204
050-7061685,in-call,876,31.3905176367,34.3236890761
050-7340798,in-call,2946,31.4729728058,34.4229730263
050-9322031,out-call,83,31.3892280586,34.3440058983
050-1399285,out-call,117,31.4538219593,34.4181951129
050-9001766,out-call,491,31.5141446919,34.4730506414
