phone_number,call_type,call_duration,call_location_longitude,call_location_latitude
050-4606194,out-call,2871,31.4739720055,34.4118827883
050-3411060,in-call,2268,31.4571915615,34.4174322718
050-3845277,out-call,405,31.4584709783,34.4184800655
050-3508080,in-call,66,31.4387063289,34.3875490282
050-8281584,out-call,1683,31.3987592148,34.373815349
