phone_number,call_type,call_duration,call_location_longitude,call_location_latitude
050-8538999,out-call,120,31.4377221522,34.3862446671
050-3588726,in-call,40,31.4726832082,34.4327523352
050-7696283,out-call,2188,31.4982135711,34.4630956347
050-9477143,in-call,716,31.4548823465,34.4110189924
050-2323872,out-call,27,31.4609250726,34.4183841655
050-2256634,out-call,3440,31.4740015689,34.4579819752
