phone_number,call_type,call_duration,call_location_longitude,call_location_latitude
050-3024428,out-call,53,31.4296478311,34.3612047403
050-1343544,out-call,62,31.4111224953,34.3734676626
050-7720576,in-call,3424,31.4340129725,34.3993189672
050-7933386,out-call,49,31.3913883466,34.3433630642
050-2557411,in-call,3016,31.4350360122,34.3857725754
050-1104504,out-call,12,31.4342579128,34.4072531478
