phone_number,call_type,call_duration,call_location_longitude,call_location_latitude
050-1507536,in-call,2269,31.4894798118,34.4441718434
050-2917692,in-call,97,31.4837751093,34.4470801326
050-3962768,in-call,1026,31.4649859133,34.4306656821
050-7129364,out-call,107,31.4589156162,34.4241659349
050-4223104,in-call,33,31.4419392949,34.4178041627
050-8528544,out-call,960,31.4560654018,34.4370516166
050-9131295,in-call,2909,31.4549275034,34.3853803945
050-5990349,out-call,1154,31.4533604314,34.3932175974
050-5378948,out-call,1434,31.4195764567,34.3626912749
