phone_number,call_type,call_duration,call_location_longitude,call_location_latitude
050-9577048,out-call,1764,31.4639417277,34.4255806458
050-8316385,out-call,694,31.438960629,34.4227703947
050-2070045,out-call,1017,31.451729874,34.3862899183
050-2142718,out-call,51,31.4554107069,34.4142565368
050-2824400,in-call,93,31.4680504328,34.4174742757
050-9004239,in-call,3357,31.4704620373,34.4391290383
050-5624445,in-call,50,31.4140459961,34.3900482452
