phone_number,call_type,call_duration,call_location_longitude,call_location_latitude
050-2764973,in-call,3061,31.3778497567,34.3341065569
050-2259413,in-call,3239,31.4757378036,34.4572579572
050-2099721,out-call,47,31.3843825756,34.3291570747
050-4239288,in-call,91,31.4528710862,34.4113977367
050-8156597,out-call,274,31.4130699726,34.3756820783
050-3411923,out-call,49,31.4561954856,34.4192665603
050-8934450,in-call,69,31.4080836701,34.3695119274
050-1337662,in-call,1282,31.4490749763,34.4166342963
050-6822167,out-call,111,31.3880800486,34.338635877
