phone_number,call_type,call_duration,call_location_longitude,call_location_latitude
050-7499441,out-call,1348,31.4084774927,34.3456713983
050-9173876,in-call,2522,31.4450385327,34.4131126074
050-4830709,out-call,413,31.422537047,34.3627287909
050-4325904,in-call,66,31.4818755049,34.4380888319
050-9333076,in-call,824,31.3856095577,34.3523626498
050-7668515,in-call,43,31.3937591976,34.3429341311
