phone_number,call_type,call_duration,call_location_longitude,call_location_latitude
050-3494008,in-call,910,31.4569337656,34.4128076607
050-4718542,out-call,280,31.4721618688,34.424565971
050-3376053,in-call,11,31.4722312541,34.4212346032
050-1589929,out-call,86,31.4548823465,34.4110189924
050-4874380,in-call,1235,31.4825380585,34.4452705357
050-4968868,out-call,117,31.471034349,34.4424066555
050-2759202,out-call,767,31.462544631,34.4465874317
050-6207523,out-call,42,31.4434100947,34.3894049078
