phone_number,call_type,call_duration,call_location_longitude,call_location_latitude
050-3191556,in-call,45,31.4719827256,34.4495286211
050-1743031,out-call,2263,31.4109317005,34.3661170349
050-3427384,in-call,79,31.3892280586,34.3440058983
050-8189085,in-call,2002,31.4622643316,34.4310144638
050-1950695,in-call,3441,31.4679636561,34.4319493789
050-2013518,out-call,3555,31.4680566906,34.4417004658
050-9040882,in-call,2162,31.4740223126,34.44216505
050-1615510,out-call,3064,31.3556990622,34.3139109542
050-3023572,in-call,2030,31.4379479557,34.3882446459
