phone_number,call_type,call_duration,call_location_longitude,call_location_latitude
050-6778756,out-call,3295,31.4167806074,34.3681726443
050-3472246,out-call,2883,31.4537357709,34.4232497448
050-9102220,in-call,1397,31.4224967833,34.3835990423
050-2979153,in-call,46,31.43738396,34.4068470067
050-4727401,out-call,115,31.4620033408,34.4146834776
050-9558283,out-call,68,31.3740133225,34.3402241536
