phone_number,call_type,call_duration,call_location_longitude,call_location_latitude
050-8014885,in-call,23,31.4533831119,34.4214211646
050-9288580,in-call,90,31.4752026267,34.4439636627
050-6413564,out-call,24,31.4614709727,34.4189885561
050-6355099,out-call,470,31.4605203532,34.4164805924
050-4964878,in-call,118,31.3901026739,34.3402012135
