phone_number,call_type,call_duration,call_location_longitude,call_location_latitude
050-9266968,out-call,119,31.4321200608,34.4010411022
050-1051555,out-call,50,31.4504175801,34.4267819533
050-5190561,in-call,33,31.4105987788,34.3570164623
050-2003316,in-call,1614,31.4674695438,34.4284292933
050-9670821,in-call,18,31.4677763547,34.4190050576
050-5537539,in-call,3472,31.4346195124,34.3987335588
050-7898214,out-call,85,31.4103157073,34.3594653129
050-7439146,out-call,24,31.4376252216,34.4066906378
