phone_number,call_type,call_duration,call_location_longitude,call_location_latitude
050-8923589,in-call,92,31.4743491469,34.4335537204
050-8937373,out-call,1785,31.4040873409,34.3690156328
050-1637969,in-call,65,31.3892119499,34.3354461585
050-7305794,out-call,2470,31.4663771558,34.4282608035
050-4142533,out-call,102,31.4677720596,34.4377856625
050-6918295,in-call,2323,31.4811733089,34.4568951042
050-7462490,in-call,73,31.404524697,34.3661350194
050-6451164,out-call,53,31.4674850074,34.4375558993
050-5422689,out-call,1676,31.4794429047,34.4242523232
