phone_number,call_type,call_duration,call_location_longitude,call_location_latitude
050-1666776,out-call,2150,31.3775284691,34.3325074382
050-9880711,out-call,46,31.4070719077,34.3671522931
050-6410880,in-call,80,31.408966348,34.3714203459
050-3083225,in-call,1808,31.4642439894,34.4438144158
050-5955789,in-call,1302,31.4097381332,34.3690743092
