phone_number,call_type,call_duration,call_location_longitude,call_location_latitude
050-7292399,in-call,1778,31.4623469369,34.4208203659
050-7224696,out-call,79,31.4669462916,34.4229747372
050-1761892,out-call,78,31.3847731502,34.351038095
050-3251805,in-call,45,31.4428593257,34.4124923035
050-1732087,in-call,52,31.4070059439,34.3703669309
