phone_number,call_type,call_duration,call_location_longitude,call_location_latitude
050-1674254,out-call,1666,31.409148782,34.3727662031
050-4570284,in-call,3259,31.4455112556,34.4105124788
050-9681964,out-call,817,31.451916192,34.4285327912
050-5705755,in-call,404,31.4211296112,34.3674513425
050-5265803,out-call,1019,31.4857780302,34.4505071091
050-2891044,out-call,2519,31.4135955667,34.3676373267
