phone_number,call_type,call_duration,call_location_longitude,call_location_latitude
050-7973624,out-call,3204,31.4675920897,34.442333078
050-1755411,out-call,1100,31.4675068147,34.4143397995
050-1835432,out-call,1529,31.4134607272,34.374601652
050-4197266,in-call,1064,31.4627065474,34.4191403779
050-6054229,out-call,3497,31.4493345433,34.415891581
