phone_number,call_type,call_duration,call_location_longitude,call_location_latitude
050-3301132,in-call,17,31.3759686552,34.3300960817
050-6729383,in-call,117,31.4522507915,34.4122515748
050-7191263,out-call,111,31.44403757,34.3758173952
050-8708993,in-call,1980,31.4555615497,34.4190317725
050-8100574,out-call,107,31.3979056142,34.3657102539
050-8898482,out-call,99,31.4411644471,34.4137491728
