phone_number,call_type,call_duration,call_location_longitude,call_location_latitude
050-7820553,out-call,41,31.3638037309,34.3263662288
050-8187793,in-call,1213,31.4649611646,34.4161303982
050-1482972,in-call,3143,31.4100600797,34.3674265126
050-4106927,out-call,56,31.4511113213,34.4327574836
050-6679271,in-call,21,31.4479347719,34.4184366883
050-2754138,in-call,1032,31.3831322989,34.3428198075
050-8149748,in-call,1414,31.4430526309,34.4103971911
