phone_number,call_type,call_duration,call_location_longitude,call_location_latitude
050-4364716,in-call,55,31.4718895537,34.4347838603
050-6939798,in-call,1434,31.4492923934,34.3887377921
050-6297567,in-call,88,31.482172028,34.4403369406
050-3818540,out-call,73,31.4511302605,34.4376907899
050-5903065,out-call,1470,31.4425702778,34.4125488669
050-2942370,in-call,69,31.4612372742,34.4244068349
050-4264476,in-call,868,31.4783859721,34.4478441394
050-1926697,in-call,2087,31.4053220318,34.3669281984
050-9466378,in-call,1168,31.4097232851,34.3710851573
