phone_number,call_type,call_duration,call_location_longitude,call_location_latitude
050-8667771,in-call,73,31.423483446,34.3655155728
050-9092283,out-call,59,31.446499547,34.3771072525
050-2890602,out-call,846,31.4687076199,34.4332575809
050-5959217,out-call,94,31.4312997247,34.376822412
050-3507110,out-call,3263,31.3778497567,34.3341065569
050-9618382,out-call,738,31.3957464018,34.364162807
