phone_number,call_type,call_duration,call_location_longitude,call_location_latitude
050-8574405,in-call,21,31.4560548904,34.4048939505
050-6564109,in-call,2385,31.4094925427,34.3790858731
050-1499756,out-call,39,31.4604443961,34.4326620124
050-4394417,out-call,3163,31.4612318809,34.4215846491
050-9989572,in-call,1640,31.4153662754,34.3677567961
