phone_number,call_type,call_duration,call_location_longitude,call_location_latitude
050-3499668,in-call,93,31.475916925,34.4415633871
050-6541442,in-call,731,31.3929267132,34.3488556283
050-4611834,in-call,2029,31.3991037752,34.3481995331
050-5768284,out-call,44,31.4467478243,34.4167580305
050-4984765,in-call,116,31.4485571372,34.4162031005
050-4932512,in-call,42,31.4676984334,34.4198188614
050-2881457,in-call,113,31.4696505018,34.4205059647
050-6444737,out-call,30,31.4073868279,34.3763047638
