phone_number,call_type,call_duration,call_location_longitude,call_location_latitude
050-8267594,in-call,94,31.4718067101,34.4185997054
050-2000628,in-call,3000,31.4163135558,34.3718352047
050-8720798,out-call,46,31.4435155705,34.3881350064
050-5610407,in-call,2048,31.493782536,34.467954757
050-8976724,in-call,2775,31.4338305273,34.3837153595
050-4969527,in-call,44,31.4005039558,34.3739408233
