phone_number,call_type,call_duration,call_location_longitude,call_location_latitude
050-5048658,in-call,1917,31.4278294327,34.3936010706
050-2004332,out-call,120,31.4432056727,34.3777795829
050-4769527,out-call,2375,31.4350360122,34.3857725754
050-6819109,out-call,2382,31.4520363095,34.4222165342
050-2008795,in-call,42,31.4978693378,34.4635536145
