phone_number,call_type,call_duration,call_location_longitude,call_location_latitude
050-4566327,out-call,16,31.4455888241,34.4273417637
050-6233392,in-call,11,31.4776415637,34.4300610084
050-4227999,out-call,2370,31.3844216514,34.3437587926
050-9103831,out-call,17,31.4477958442,34.384370636
050-5398539,out-call,1543,31.4069351588,34.3903470153
050-6660321,out-call,2997,31.4580168737,34.4204257003
050-6401179,out-call,191,31.4005290874,34.347511676
