phone_number,call_type,call_duration,call_location_longitude,call_location_latitude
050-8710308,in-call,2074,31.4111224953,34.3734676626
050-8174403,out-call,1058,31.4149400924,34.3738431222
050-7093533,out-call,358,31.4427474201,34.3848382275
050-5014168,out-call,1511,31.4669462916,34.4229747372
050-2668627,in-call,75,31.4552667421,34.4260425294
050-1706600,in-call,3068,31.434877635,34.4133135611
050-7153776,in-call,60,31.462762264,34.4206597931
