phone_number,call_type,call_duration,call_location_longitude,call_location_latitude
050-3919230,out-call,858,31.4743138819,34.4338741225
050-8227370,in-call,196,31.4681101719,34.4243052261
050-2166850,out-call,32,31.4750206819,34.4618133475
050-4999553,out-call,752,31.4853047668,34.4469806131
050-3860624,out-call,88,31.4580278603,34.4161475389
050-5051424,in-call,117,31.4576891757,34.4135877594
050-5358030,out-call,37,31.4554203174,34.4418559422
050-1341837,out-call,118,31.4651674662,34.4221598319
