phone_number,call_type,call_duration,call_location_longitude,call_location_latitude
050-3054103,out-call,18,31.5094860975,34.4856955874
050-6245902,out-call,3184,31.4542738887,34.4247580692
050-2959778,in-call,56,31.4416875376,34.3912639609
050-5553162,in-call,1942,31.3819018853,34.3516975237
050-3087717,out-call,13,31.4427419228,34.4139275887
