phone_number,call_type,call_duration,call_location_longitude,call_location_latitude
050-1960298,out-call,2125,31.4149550432,34.3693477306
050-7207419,out-call,17,31.4598785609,34.4232200711
050-3577133,in-call,101,31.4838993567,34.4468827832
050-4200754,in-call,3188,31.4883615237,34.459111663
050-9131839,out-call,535,31.4807909366,34.4316673012
050-2011148,in-call,1510,31.4448120169,34.4128287802
050-8831146,in-call,52,31.5155757361,34.4792467274
050-9061051,in-call,2827,31.476987366,34.438641201
