phone_number,call_type,call_duration,call_location_longitude,call_location_latitude
050-3507165,in-call,72,31.4562497925,34.4084533901
050-4933231,in-call,2947,31.4743134187,34.442979748
050-2638782,in-call,1935,31.4788826921,34.4222524095
050-1433942,in-call,111,31.4605213558,34.4156564009
050-2931952,out-call,72,31.42459282,34.3661006437
