phone_number,call_type,call_duration,call_location_longitude,call_location_latitude
050-3242154,in-call,21,31.4156977238,34.3703840001
050-9766104,out-call,30,31.4792617848,34.4290464711
050-2336410,out-call,106,31.42185223,34.404546684
050-2400146,out-call,3568,31.4584193579,34.4152388662
050-7089364,in-call,102,31.4555997511,34.418342668
050-3356281,in-call,1819,31.3920320863,34.3387423562
050-6151431,out-call,3115,31.4567959219,34.398772746
