phone_number,call_type,call_duration,call_location_longitude,call_location_latitude
050-2570503,in-call,464,31.4596019535,34.4161768185
050-8837972,out-call,1769,31.4417579688,34.3917201404
050-3962447,out-call,511,31.4728716814,34.4450645104
050-1485717,in-call,1872,31.472637675,34.4369140431
050-9585542,out-call,702,31.4433985212,34.4150353373
050-6246800,in-call,67,31.465401877,34.4233676109
050-7641698,out-call,108,31.4855267868,34.4439422415
