phone_number,call_type,call_duration,call_location_longitude,call_location_latitude
050-5160138,out-call,2297,31.3957464018,34.364162807
050-2188312,out-call,1117,31.4584658889,34.4230255727
050-1929536,out-call,1623,31.4695569633,34.4383782151
050-5653261,in-call,1879,31.4884287946,34.4514734756
050-8151508,out-call,73,31.4632496542,34.4218347303
050-7463489,in-call,1104,31.4504175801,34.4267819533
050-4472781,in-call,2614,31.4625033741,34.4115822361
050-9155979,in-call,62,31.4030329821,34.3696045191
050-4752004,in-call,93,31.3972021384,34.3519496205
