phone_number,call_type,call_duration,call_location_longitude,call_location_latitude
050-5916217,out-call,378,31.4525428316,34.4170058167
050-7570536,in-call,1424,31.4292855574,34.3646004466
050-8943232,out-call,114,31.4635882958,34.4290659953
050-4114067,out-call,1291,31.4069950115,34.3462384131
050-1697801,out-call,3054,31.4966489898,34.4681229156
050-8531912,in-call,41,31.4534177795,34.4108543663
050-9003508,in-call,17,31.4528375228,34.4118937631
050-3591331,in-call,47,31.4134374883,34.3705102558
050-4609101,in-call,71,31.4533266997,34.4138624076
