phone_number,call_type,call_duration,call_location_longitude,call_location_latitude
050-1675852,in-call,95,31.4540773638,34.4149581727
050-4222091,in-call,113,31.4122669935,34.3674592315
050-3665388,out-call,1722,31.4653152119,34.4199350765
050-1660857,in-call,18,31.450515615,34.4213783805
050-1649684,out-call,132,31.4384874109,34.3882144647
050-8700370,in-call,2581,31.487265171,34.4463303569
