phone_number,call_type,call_duration,call_location_longitude,call_location_latitude
050-7894650,in-call,11,31.4521291633,34.4093212001
050-2666008,out-call,115,31.4604443961,34.4326620124
050-5430421,in-call,55,31.4759934282,34.4195025259
050-5551291,out-call,52,31.4814239951,34.4439571087
050-7925025,out-call,1362,31.4605692659,34.4263998871
050-3742646,out-call,600,31.4637238147,34.4217598776
050-2397134,out-call,92,31.4274172906,34.3971374879
050-3943187,out-call,844,31.3966480864,34.363441501
