phone_number,call_type,call_duration,call_location_longitude,call_location_latitude
050-6175496,out-call,20,31.449850637,34.4207532107
050-6173472,in-call,15,31.4538279025,34.4139408341
050-8962039,out-call,35,31.4582878747,34.4330951253
050-1924959,in-call,3024,31.4644620385,34.4300697969
050-9740328,out-call,55,31.449539313,34.4167891524
050-4608323,out-call,19,31.4723640387,34.4322625167
050-5587565,in-call,31,31.3949325564,34.3390069581
