phone_number,call_type,call_duration,call_location_longitude,call_location_latitude
050-3669864,out-call,328,31.4604847284,34.4358425676
050-5027586,in-call,3420,31.4743509373,34.4375978216
050-8404664,in-call,1896,31.4528710862,34.4113977367
050-3545847,out-call,12,31.4631025246,34.4278868037
050-8539209,out-call,59,31.4502677456,34.4195988324
