phone_number,call_type,call_duration,call_location_longitude,call_location_latitude
050-7754632,out-call,2688,31.4468059533,34.3890834469
050-1200843,in-call,116,31.4986355907,34.459047539
050-1331441,in-call,207,31.4523442424,34.4147010393
050-4812280,out-call,29,31.4760281232,34.4242131305
050-4376605,in-call,87,31.3963059824,34.3452942379
050-6635414,in-call,3511,31.4480293845,34.4173974183
050-4538141,in-call,2267,31.4581304339,34.4181840464
050-5158940,out-call,11,31.471209528,34.4273093094
050-7091873,out-call,62,31.4658618419,34.4501234781
