phone_number,call_type,call_duration,call_location_longitude,call_location_latitude
050-9839840,out-call,710,31.4565631425,34.4205545606
050-2916595,out-call,22,31.4403074664,34.42188464
050-3184348,in-call,549,31.4493345433,34.415891581
050-3494372,in-call,28,31.4305548213,34.3787465984
050-8513528,in-call,52,31.4606968676,34.420696451
