phone_number,call_type,call_duration,call_location_longitude,call_location_latitude
050-9972668,out-call,1938,31.4527773456,34.4118023925
050-5134714,in-call,2342,31.4469459659,34.4139149238
050-4175492,in-call,110,31.4640866103,34.4215896573
050-4083549,in-call,117,31.432418761,34.3859132868
050-9589829,out-call,114,31.4565268768,34.4193475266
