phone_number,call_type,call_duration,call_location_longitude,call_location_latitude
050-9121851,in-call,35,31.3819820401,34.3432222389
050-9533215,in-call,1524,31.4143746576,34.3700260946
050-7384968,out-call,2361,31.4740455907,34.4421110586
050-1272530,in-call,3194,31.4532152816,34.4087487838
050-7351772,out-call,1796,31.4938547282,34.459487429
