phone_number,call_type,call_duration,call_location_longitude,call_location_latitude
050-1237658,out-call,2281,31.4085130727,34.3789894861
050-9761170,in-call,104,31.4532778756,34.4181812046
050-6798504,out-call,2334,31.4645091024,34.4358113612
050-2342502,in-call,59,31.4533266997,34.4138624076
050-7836821,in-call,67,31.4656729984,34.427087863
050-1355702,out-call,2125,31.4746467002,34.4290587214
050-9333348,out-call,3278,31.4537867155,34.4299099438
050-5843286,in-call,120,31.5075164378,34.4754293315
050-5715509,out-call,97,31.4619810966,34.4267384961
