phone_number,call_type,call_duration,call_location_longitude,call_location_latitude
050-4559582,out-call,110,31.4461208796,34.3784469611
050-9432183,in-call,2401,31.456983953,34.4317364085
050-8725578,out-call,54,31.4740015689,34.4579819752
050-8220726,in-call,109,31.4239474745,34.3832054733
050-4192347,in-call,49,31.4514813094,34.4100249292
050-2994768,out-call,68,31.4395143935,34.4073899566
