phone_number,call_type,call_duration,call_location_longitude,call_location_latitude
050-5980606,in-call,2047,31.4597480263,34.4260283947
050-1827690,in-call,82,31.4453579675,34.3875514837
050-2988208,in-call,297,31.4538688432,34.413819924
050-2892953,out-call,101,31.4664662402,34.4317588847
050-3000006,in-call,2125,31.4894798118,34.4441718434
050-8860434,out-call,2266,31.4794429047,34.4242523232
050-9447543,out-call,12,31.4465110162,34.4100221695
050-2991967,in-call,586,31.4013809512,34.3745666844
