phone_number,call_type,call_duration,call_location_longitude,call_location_latitude
050-5692127,in-call,65,31.4839692301,34.4470652742
050-5190734,out-call,2247,31.4483152578,34.4113077174
050-1340282,in-call,43,31.465401877,34.4233676109
050-6080524,in-call,44,31.3941799514,34.3310251222
050-6198547,in-call,578,31.4762081723,34.4204324232
050-7698130,out-call,80,31.4929207075,34.4483346972
