phone_number,call_type,call_duration,call_location_longitude,call_location_latitude
050-9829396,in-call,16,31.4528375228,34.4118937631
050-3268368,in-call,1611,31.4598369422,34.4242708378
050-7629925,in-call,82,31.4687157243,34.4587331898
050-4097526,out-call,114,31.479610827,34.4578113856
050-3699090,in-call,2715,31.4292855574,34.3646004466
050-9378204,out-call,3461,31.4564423889,34.4236038993
050-4289495,out-call,638,31.4569666754,34.4185882134
