phone_number,call_type,call_duration,call_location_longitude,call_location_latitude
050-1582586,in-call,1518,31.4580278603,34.4161475389
050-6812947,out-call,2748,31.4362196839,34.3854789373
050-6036796,out-call,608,31.4308302379,34.3962529786
050-7694774,in-call,108,31.4110004381,34.3753764133
050-7710679,in-call,33,31.4876386254,34.4527809227
050-5581585,in-call,1403,31.4145242676,34.3919634168
