phone_number,call_type,call_duration,call_location_longitude,call_location_latitude
050-8772038,out-call,94,31.4119752429,34.3716229699
050-6861246,in-call,50,31.441975926,34.4306675862
050-7362305,in-call,2121,31.4847633555,34.447146525
050-6140025,out-call,1746,31.4713851195,34.4227659403
050-1309565,in-call,2739,31.4910247756,34.4638925643
