phone_number,call_type,call_duration,call_location_longitude,call_location_latitude
050-8519728,in-call,106,31.4669049388,34.4158006195
050-9589405,in-call,10,31.4592709204,34.4204994164
050-4671400,in-call,86,31.4461072523,34.4156410128
050-6699396,in-call,33,31.4113670925,34.3712186052
050-1965822,in-call,20,31.3856095577,34.3523626498
050-2891500,out-call,1525,31.4514110116,34.4298668861
050-5269399,out-call,2584,31.4665325384,34.4287534473
050-4827243,in-call,29,31.476987366,34.438641201
050-8357605,out-call,506,31.4737074215,34.4247243424
