phone_number,call_type,call_duration,call_location_longitude,call_location_latitude
050-7731428,in-call,1265,31.4114840081,34.3580993847
050-6734634,in-call,32,31.4801714612,34.4353705669
050-3183874,out-call,1437,31.4398895008,34.4124118716
050-2368324,out-call,1325,31.4318802579,34.4006949213
050-2169988,in-call,1005,31.435100299,34.3855383614
050-8591731,out-call,2422,31.4900344689,34.4602066217
050-6315215,in-call,54,31.4767386256,34.4442323259
050-3300913,in-call,1341,31.4455844818,34.4118587893
050-4685221,in-call,29,31.4145242676,34.3919634168
