phone_number,call_type,call_duration,call_location_longitude,call_location_latitude
050-7518839,in-call,83,31.44811418,34.4187849885
050-6916967,out-call,2256,31.4565590108,34.4214185675
050-5995150,in-call,3492,31.4520908046,34.4252686597
050-8331281,out-call,515,31.4557432118,34.4046303028
050-2035542,in-call,50,31.4191146131,34.3682666644
050-9163480,out-call,760,31.4130699726,34.3756820783
050-5213288,out-call,31,31.4315133452,34.3790408067
