phone_number,call_type,call_duration,call_location_longitude,call_location_latitude
050-3040589,in-call,3122,31.4469525178,34.4149209083
050-2399394,out-call,1458,31.457013725,34.4309795339
050-8110449,out-call,588,31.3977275415,34.3638058621
050-3507738,in-call,31,31.4595163655,34.4212793514
050-2513651,out-call,53,31.4571264098,34.4204431006
050-9910837,out-call,964,31.4498364402,34.4025740353
050-3302122,in-call,87,31.4575937079,34.4337464224
050-6264377,in-call,36,31.4468832978,34.3781580038
050-9467624,out-call,374,31.4211296112,34.3674513425
