phone_number,call_type,call_duration,call_location_longitude,call_location_latitude
050-5684555,out-call,61,31.4672664483,34.437167193
050-5240769,out-call,80,31.4532676239,34.4210022665
050-6185535,out-call,2689,31.4564423889,34.4236038993
050-5721296,in-call,14,31.4724820116,34.4372099933
050-7549174,in-call,3539,31.38257931,34.3447654112
050-7680636,in-call,117,31.4533927161,34.4171861155
