phone_number,call_type,call_duration,call_location_longitude,call_location_latitude
050-7595363,in-call,1052,31.4776415637,34.4300610084
050-9054348,out-call,470,31.4145706943,34.3948515407
050-9341328,out-call,2333,31.4572153619,34.4178851975
050-8566130,out-call,32,31.4602523022,34.4240151158
050-4532373,in-call,42,31.463447091,34.4207345671
050-2766388,in-call,3409,31.4578172331,34.4219305649
050-8809770,in-call,1890,31.4542738887,34.4247580692
050-1255242,out-call,1469,31.4765382842,34.4317140747
