phone_number,call_type,call_duration,call_location_longitude,call_location_latitude
050-7160511,in-call,90,31.4603801358,34.4337511737
050-1934345,out-call,73,31.4344409569,34.4137502651
050-7000633,in-call,28,31.4651674662,34.4221598319
050-4839932,out-call,59,31.4926202032,34.4778780591
050-5821031,in-call,1407,31.4570836734,34.4285101734
