phone_number,call_type,call_duration,call_location_longitude,call_location_latitude
050-4404528,out-call,10,31.4381349762,34.4058623203
050-5426205,in-call,2755,31.4174455639,34.3706496164
050-2439089,out-call,42,31.5123446819,34.4765196085
050-4086018,out-call,71,31.4083227858,34.3593686103
050-1627188,out-call,83,31.4262655459,34.3940935209
050-8864684,in-call,111,31.4320353986,34.4011477272
050-3223436,out-call,2342,31.399410084,34.3455826448
050-3257019,in-call,2365,31.4234066994,34.3862426644
050-1069329,in-call,83,31.4536887659,34.4123480838
