phone_number,call_type,call_duration,call_location_longitude,call_location_latitude
050-4777883,in-call,441,31.3952015756,34.3384449758
050-5711027,out-call,51,31.4636618738,34.4178019602
050-9669236,out-call,63,31.4554203174,34.4418559422
050-5976112,in-call,73,31.4600677826,34.4118339203
050-1677544,in-call,1361,31.4728072149,34.4379491653
050-6509112,in-call,44,31.4650504862,34.4313490425
