phone_number,call_type,call_duration,call_location_longitude,call_location_latitude
050-9658730,out-call,91,31.4267202639,34.3973422118
050-7322564,out-call,74,31.4760281232,34.4242131305
050-5674224,out-call,69,31.4113670925,34.3712186052
050-6787298,out-call,1579,31.4249115044,34.3829374068
050-9361353,in-call,20,31.4349385559,34.4074187401
