phone_number,call_type,call_duration,call_location_longitude,call_location_latitude
050-8795814,out-call,54,31.471352816,34.4219191035
050-3967020,in-call,102,31.4134374883,34.3705102558
050-2903144,out-call,72,31.4549275034,34.3853803945
050-2175695,in-call,1820,31.4387063289,34.3875490282
050-7958339,in-call,561,31.4069950115,34.3462384131
050-8114560,in-call,54,31.4772391261,34.4305635567
050-7189430,out-call,49,31.42895141,34.4129199158
050-7744346,out-call,2342,31.4296478311,34.3612047403
