phone_number,call_type,call_duration,call_location_longitude,call_location_latitude
050-5418767,out-call,56,31.4327510569,34.3789781223
050-5184810,out-call,3491,31.428148317,34.3961275339
050-2624356,in-call,12,31.4887777718,34.4691165734
050-3013869,out-call,57,31.4543049287,34.4096340247
050-4211357,out-call,619,31.4822545891,34.4475991821
050-1537697,out-call,12,31.3713137169,34.3341686123
