phone_number,call_type,call_duration,call_location_longitude,call_location_latitude
050-6809675,out-call,69,31.4593226812,34.411206188
050-2617048,in-call,41,31.4168937381,34.3723923459
050-8707712,in-call,84,31.4366278707,34.3857317891
050-2899437,in-call,39,31.3905176367,34.3236890761
050-4672919,in-call,2201,31.4447186083,34.41721048
050-2106558,out-call,3047,31.4565431683,34.4169559302
050-7445022,out-call,46,31.4713897736,34.4496381592
050-2123650,in-call,3512,31.36298942,34.3096909348
050-7283197,in-call,35,31.47302333,34.44993184
