phone_number,call_type,call_duration,call_location_longitude,call_location_latitude
050-3656555,out-call,103,31.4666927137,34.4080977851
050-9728095,in-call,3384,31.4585832349,34.4191163817
050-1368214,in-call,67,31.4600677826,34.4118339203
050-7564573,in-call,2932,31.3713137169,34.3341686123
050-9939248,out-call,3553,31.4563352575,34.4231678044
050-7668260,in-call,952,31.4713897736,34.4496381592
050-2324796,out-call,3291,31.462474071,34.4195182004
050-3908634,out-call,77,31.458600633,34.4246252105
050-1377234,out-call,12,31.44506215,34.3885519283
