phone_number,call_type,call_duration,call_location_longitude,call_location_latitude
050-8990988,out-call,1732,31.4601009473,34.4252745002
050-4570634,in-call,74,31.4105690039,34.3660179322
050-3957097,out-call,94,31.4565746793,34.4162119077
050-3586434,in-call,24,31.4034688255,34.3655630503
050-4053948,out-call,452,31.4719431529,34.4220045853
