phone_number,call_type,call_duration,call_location_longitude,call_location_latitude
050-3601650,out-call,3450,31.4426277634,34.413364828
050-9255317,in-call,107,31.4572667398,34.4313810359
050-8708510,in-call,13,31.3920961256,34.3435620885
050-6404985,out-call,1044,31.3986419097,34.3450072227
050-5314303,in-call,2500,31.4883615237,34.459111663
050-5570863,out-call,446,31.4649364291,34.4230135258
050-4236796,out-call,3530,31.4681230731,34.4254598862
050-6496902,in-call,413,31.4508804192,34.4151535765
