phone_number,call_type,call_duration,call_location_longitude,call_location_latitude
050-6926623,in-call,46,31.4050013062,34.3680178895
050-7272725,in-call,1354,31.3986419097,34.3450072227
050-5260453,in-call,2250,31.4086763625,34.3837726988
050-2062084,out-call,36,31.4411644471,34.4137491728
050-5029747,in-call,1372,31.4386587723,34.3898553347
050-1486311,out-call,1356,31.4530690943,34.4269229997
050-2401828,in-call,86,31.4610226154,34.3919316403
