phone_number,call_type,call_duration,call_location_longitude,call_location_latitude
050-9237433,out-call,47,31.4593452023,34.4139398433
050-3837306,out-call,3550,31.4403303369,34.4226301467
050-8024656,out-call,1637,31.4807435226,34.4451840038
050-1035989,out-call,115,31.4419857133,34.3907062453
050-8692850,in-call,2230,31.4401244479,34.3881305116
050-3809964,in-call,2901,31.4566692962,34.4123115889
050-4363490,in-call,1256,31.382585902,34.3386753672
