phone_number,call_type,call_duration,call_location_longitude,call_location_latitude
050-7679444,in-call,69,31.4534134607,34.4235652424
050-1586638,out-call,186,31.3896033247,34.3521375083
050-2819106,out-call,2168,31.4447702363,34.3911987043
050-8643641,in-call,2770,31.4660577298,34.4079282584
050-1283501,out-call,96,31.4678455448,34.4383812811
050-5483697,out-call,3323,31.4102605211,34.3792054223
