phone_number,call_type,call_duration,call_location_longitude,call_location_latitude
050-1394565,in-call,74,31.4750361642,34.4347452613
050-3261755,out-call,1040,31.4437986739,34.3884287763
050-9884374,in-call,12,31.460527612,34.4355038225
050-5633105,in-call,3216,31.4876056266,34.4613907731
050-9146924,out-call,61,31.4188010071,34.3674247723
