phone_number,call_type,call_duration,call_location_longitude,call_location_latitude
050-4404895,in-call,953,31.4603776297,34.4202854527
050-1631689,out-call,56,31.4127765418,34.372936411
050-8227085,out-call,57,31.4469525178,34.4149209083
050-3703877,in-call,104,31.4094524058,34.3709266981
050-8487172,in-call,2660,31.4119698905,34.3655954063
050-3358079,in-call,51,31.4810184541,34.4385412553
