phone_number,call_type,call_duration,call_location_longitude,call_location_latitude
050-2623199,out-call,16,31.4726832082,34.4327523352
050-8990195,in-call,13,31.412505047,34.3667440769
050-6942774,in-call,928,31.4374035238,34.4310437595
050-6795827,in-call,362,31.4470437346,34.4147845308
050-7307420,out-call,1857,31.4680504328,34.4174742757
050-3061311,out-call,23,31.4375778135,34.387031074
050-1045364,out-call,2339,31.460804636,34.4096001059
050-8184250,in-call,55,31.4652181228,34.4303572431
050-2986554,out-call,2447,31.3766507772,34.3214382472
