phone_number,call_type,call_duration,call_location_longitude,call_location_latitude
050-4419950,in-call,1860,31.4648719325,34.4282685487
050-2439266,out-call,26,31.4044827522,34.3789780398
050-7503699,in-call,49,31.4109317005,34.3661170349
050-3345667,out-call,2643,31.4723488014,34.4368062169
050-7501666,out-call,114,31.4040873409,34.3690156328
050-9353194,in-call,3253,31.4384874109,34.3882144647
050-2723231,out-call,843,31.4502452242,34.4211442075
050-8653858,in-call,3288,31.4486003143,34.4240483423
