phone_number,call_type,call_duration,call_location_longitude,call_location_latitude
050-1102462,out-call,69,31.3713137169,34.3341686123
050-7287858,out-call,44,31.4686654616,34.4349283319
050-6983089,out-call,34,31.4990956607,34.4711011725
050-8400953,out-call,151,31.457977434,34.4223134092
050-6635969,in-call,3080,31.4527952762,34.4077494173
050-5182394,out-call,117,31.4591127192,34.4237737067
