phone_number,call_type,call_duration,call_location_longitude,call_location_latitude
050-5027999,out-call,3526,31.4589576352,34.4296106335
050-2105513,out-call,864,31.4123865618,34.3872424955
050-7625718,in-call,108,31.4751188549,34.42465327
050-6866480,out-call,112,31.4534622091,34.4172794175
050-3443810,in-call,92,31.4701867284,34.4171838407
