phone_number,call_type,call_duration,call_location_longitude,call_location_latitude
050-4429749,in-call,1660,31.4466997973,34.4190922568
050-8960158,in-call,1590,31.4719679733,34.442016477
050-6001655,in-call,83,31.462544631,34.4465874317
050-2744169,out-call,1459,31.4073077676,34.389272375
050-4035084,out-call,253,31.4788414802,34.4279272339
050-3384309,out-call,2882,31.4650525166,34.4332893346
050-3189500,out-call,103,31.4515613586,34.4088163385
