phone_number,call_type,call_duration,call_location_longitude,call_location_latitude
050-9359086,out-call,64,31.4623919466,34.4379589508
050-4668519,in-call,33,31.4025956799,34.3482024729
050-9062881,out-call,269,31.4148757314,34.3658454271
050-6202193,out-call,2521,31.4618735822,34.4268359858
050-1176472,out-call,60,31.4714290953,34.4263281871
050-7907462,in-call,63,31.4645331299,34.4137779397
050-2117784,in-call,1057,31.4715560822,34.4428665077
050-7493349,out-call,49,31.5001684666,34.461704377
050-2573999,out-call,59,31.4583737395,34.4363555717
