phone_number,call_type,call_duration,call_location_longitude,call_location_latitude
050-5039434,in-call,55,31.4093332271,34.3599124009
050-9544951,out-call,1983,31.4551593064,34.426053569
050-6624549,in-call,1874,31.4302160254,34.4021070565
050-6824745,in-call,36,31.4089072825,34.3592401732
050-7414920,in-call,2154,31.4350399014,34.399284946
050-1363243,out-call,57,31.4438909701,34.4192763497
050-7920673,out-call,3304,31.472457782,34.4470888174
050-2495540,out-call,11,31.4242414461,34.3820367235
