phone_number,call_type,call_duration,call_location_longitude,call_location_latitude
050-7110731,in-call,1169,31.4421495254,34.4195636994
050-4512821,out-call,10,31.4742074474,34.4558649624
050-4702487,in-call,3557,31.4351810924,34.3873337958
050-1367002,out-call,2971,31.4436760014,34.4188732648
050-9556398,out-call,85,31.4635114691,34.4209630368
050-4998321,out-call,115,31.4742074474,34.4558649624
050-1299759,out-call,50,31.46864911,34.433942424
