phone_number,call_type,call_duration,call_location_longitude,call_location_latitude
050-3887968,out-call,62,31.4765382842,34.4317140747
050-2429448,out-call,81,31.4812897596,34.4415232159
050-1652448,out-call,23,31.4379479557,34.3882446459
050-9787494,in-call,2454,31.4526504702,34.4194847031
050-9273830,out-call,183,31.4572358504,34.4094845669
050-3608144,in-call,1419,31.4953126763,34.4454975139
050-6990886,in-call,43,31.4574819666,34.4197959267
050-3760006,in-call,65,31.4841267136,34.4479983706
