phone_number,call_type,call_duration,call_location_longitude,call_location_latitude
050-3037365,in-call,93,31.463467231,34.4394066945
050-4885249,out-call,89,31.4726589335,34.4402410449
050-7586423,out-call,109,31.4591127192,34.4237737067
050-5192478,out-call,3359,31.4504175801,34.4267819533
050-9825319,out-call,105,31.4381894175,34.3914316593
050-8883443,in-call,1910,31.4135772117,34.3706706096
050-1970909,out-call,3336,31.4551110924,34.4164117969
050-7615424,out-call,56,31.4504578171,34.4232805659
050-9842363,in-call,43,31.4771994024,34.4481556204
