phone_number,call_type,call_duration,call_location_longitude,call_location_latitude
050-4161567,out-call,2365,31.3768198619,34.3397222254
050-5949490,out-call,84,31.4572667398,34.4313810359
050-8859208,in-call,900,31.4676671962,34.4253619085
050-2548003,out-call,2632,31.3882155035,34.3532024544
050-5627108,out-call,56,31.4855828317,34.4487197936
050-8086852,out-call,104,31.4430824317,34.41087444
050-4295651,out-call,3293,31.4838028112,34.4494553552
