phone_number,call_type,call_duration,call_location_longitude,call_location_latitude
050-9863490,in-call,33,31.4713897736,34.4496381592
050-7160214,in-call,24,31.4608352914,34.4340042199
050-8996401,out-call,61,31.5075164378,34.4754293315
050-7687919,out-call,25,31.4433994734,34.4102145336
050-5712021,out-call,91,31.4527470083,34.42014907
050-5653526,out-call,1629,31.4523344596,34.4128172335
050-1676155,out-call,116,31.4349690398,34.387919808
