phone_number,call_type,call_duration,call_location_longitude,call_location_latitude
050-3583987,in-call,22,31.4689140199,34.4207482145
050-4113488,out-call,1605,31.4544099361,34.4148891907
050-7376654,out-call,1147,31.4117699743,34.3611132513
050-3675834,out-call,100,31.3968707491,34.346567352
050-7382742,out-call,595,31.4527773456,34.4118023925
