phone_number,call_type,call_duration,call_location_longitude,call_location_latitude
050-9917951,in-call,52,31.5009686311,34.4657444309
050-5129108,in-call,1816,31.4388070225,34.3875024982
050-3464806,out-call,118,31.4762996395,34.4359509497
050-3322020,in-call,22,31.4628727303,34.4193899643
050-1642964,out-call,47,31.4598974578,34.4311848856
050-4767760,out-call,71,31.4505476042,34.4210982999
050-7989726,out-call,47,31.4699330708,34.4278685791
050-2257087,out-call,99,31.4722312541,34.4212346032
050-1313590,out-call,72,31.3922264254,34.3440613795
