phone_number,call_type,call_duration,call_location_longitude,call_location_latitude
050-4539612,in-call,49,31.4435155705,34.3881350064
050-9211314,in-call,2418,31.4495430978,34.4219857158
050-5853837,in-call,1794,31.3658539032,34.309508207
050-7377363,out-call,1150,31.4771994024,34.4481556204
050-3682599,in-call,2349,31.4562109097,34.4296564321
