phone_number,call_type,call_duration,call_location_longitude,call_location_latitude
050-8647020,out-call,2980,31.4132613849,34.3723943567
050-2966134,out-call,117,31.4635882958,34.4290659953
050-7013858,in-call,1711,31.4688970735,34.4161360737
050-9252310,out-call,49,31.4164582266,34.3670051976
050-2424827,out-call,109,31.3833024421,34.34533802
050-8205016,out-call,3481,31.4495657937,34.416463989
