phone_number,call_type,call_duration,call_location_longitude,call_location_latitude
050-6937466,out-call,3553,31.4338305273,34.3837153595
050-2405605,out-call,182,31.4123865618,34.3872424955
050-1282382,out-call,101,31.4134078974,34.3747990297
050-8192149,out-call,2946,31.4620429405,34.4313893134
050-9057089,out-call,48,31.4720821603,34.4374686372
050-1286521,in-call,20,31.4765695111,34.4310951161
