phone_number,call_type,call_duration,call_location_longitude,call_location_latitude
050-6214795,in-call,81,31.4180060969,34.3685124516
050-6119897,out-call,1130,31.5005126767,34.4661201416
050-6255024,in-call,2871,31.4800626561,34.4242659178
050-6852903,in-call,21,31.3988934495,34.3739620372
050-3627144,out-call,85,31.4403778329,34.415522404
050-4938516,out-call,1631,31.4428631278,34.4122127122
050-6762165,out-call,2755,31.4681230731,34.4254598862
