phone_number,call_type,call_duration,call_location_longitude,call_location_latitude
050-4948703,out-call,95,31.4533933845,34.4112703392
050-6732508,in-call,78,31.3784655742,34.3287503092
050-4059458,out-call,108,31.4549265775,34.4234124528
050-5271588,in-call,109,31.4990993168,34.4508257177
050-7521174,in-call,2243,31.4720307742,34.4363294338
050-8368434,in-call,86,31.4568254886,34.4189691372
050-9439976,in-call,207,31.3863470822,34.3359133892
050-3593932,in-call,25,31.5038381318,34.4598827957
050-8652178,out-call,695,31.4346195124,34.3987335588
