phone_number,call_type,call_duration,call_location_longitude,call_location_latitude
050-6314439,in-call,3073,31.4719764647,34.4457089983
050-6155155,in-call,73,31.3893992936,34.3371229604
050-9814449,out-call,113,31.4805725636,34.4397531475
050-7936957,out-call,2130,31.4949724699,34.4437936004
050-8315732,in-call,1538,31.4528740586,34.4121839046
050-2969048,out-call,26,31.4419857133,34.3907062453
050-7384791,in-call,111,31.4139139014,34.3671335731
050-5355489,in-call,724,31.4598124444,34.4269039248
