phone_number,call_type,call_duration,call_location_longitude,call_location_latitude
050-1268934,out-call,1865,31.4577770719,34.4271963899
050-9269884,out-call,37,31.4572330395,34.4023962785
050-9390518,out-call,3085,31.4707470433,34.4324593592
050-4076873,out-call,93,31.4550789286,34.4176173111
050-1221352,out-call,1745,31.4486946663,34.4100075969
050-2966136,out-call,1549,31.4611392716,34.4234805793
