phone_number,call_type,call_duration,call_location_longitude,call_location_latitude
050-2311488,in-call,34,31.4619896643,34.4394558959
050-8056200,out-call,3070,31.4526051462,34.4144973507
050-8231932,out-call,87,31.4644952698,34.4245331189
050-4337898,out-call,1480,31.4097381332,34.3690743092
050-8943842,in-call,53,31.4567551899,34.4346558514
050-7532372,in-call,57,31.4617527908,34.4383458453
