phone_number,call_type,call_duration,call_location_longitude,call_location_latitude
050-3614422,in-call,34,31.4317413248,34.3771818901
050-6922308,out-call,110,31.4491123695,34.4274505653
050-4060269,in-call,1936,31.4281011238,34.3970402678
050-8860210,out-call,14,31.3926838593,34.3395584085
050-8021195,out-call,26,31.4823665581,34.4681855096
050-1694905,out-call,3507,31.4615929819,34.4264280854
050-5959055,in-call,661,31.4801714612,34.4353705669
050-7309333,out-call,29,31.4749905555,34.4352591768
050-3058694,out-call,720,31.4141475232,34.3665807147
