phone_number,call_type,call_duration,call_location_longitude,call_location_latitude
050-7272479,in-call,2630,31.4361267257,34.3878623345
050-1521347,in-call,13,31.4617028975,34.4298169116
050-9178232,out-call,3242,31.4731561571,34.4387049807
050-3669066,out-call,74,31.4532572839,34.421373547
050-7839959,out-call,14,31.4489965061,34.4219973886
050-7415685,in-call,638,31.4783121554,34.4431687838
