phone_number,call_type,call_duration,call_location_longitude,call_location_latitude
050-9777690,in-call,56,31.4610226154,34.3919316403
050-5291322,out-call,95,31.420180812,34.364861463
050-5543054,in-call,43,31.471352816,34.4219191035
050-1274311,in-call,555,31.4734640771,34.420675162
050-3173165,out-call,2458,31.4344320794,34.4213974773
050-3081388,out-call,2080,31.4582449462,34.4151136459
