phone_number,call_type,call_duration,call_location_longitude,call_location_latitude
050-5955774,in-call,1342,31.4002294108,34.3723867023
050-9072656,in-call,110,31.440748119,34.3894416218
050-3581107,in-call,3372,31.4571108156,34.4265635157
050-4338746,in-call,3528,31.4840374346,34.4434320577
050-1628799,in-call,1317,31.4681883515,34.4482014016
