phone_number,call_type,call_duration,call_location_longitude,call_location_latitude
050-1832349,out-call,52,31.36298942,34.3096909348
050-2929293,out-call,118,31.4530591774,34.4143754905
050-8640060,out-call,13,31.4674052777,34.4314222713
050-9265253,out-call,1971,31.4475156668,34.4192597582
050-4215173,in-call,88,31.4462694041,34.4153273898
