phone_number,call_type,call_duration,call_location_longitude,call_location_latitude
050-1425394,in-call,77,31.4328632078,34.386370289
050-7351214,out-call,780,31.4428631278,34.4122127122
050-4339136,out-call,32,31.4416875376,34.3912639609
050-3038248,in-call,871,31.4569597751,34.426642922
050-7574251,in-call,78,31.4546906285,34.3972240901
