phone_number,call_type,call_duration,call_location_longitude,call_location_latitude
050-4136499,in-call,79,31.4697052605,34.4191954118
050-4837057,in-call,95,31.4585079183,34.4243020505
050-6699451,in-call,114,31.4702906922,34.4338676751
050-4270668,out-call,653,31.3758168104,34.3373225223
050-3078171,in-call,2427,31.4593452023,34.4139398433
050-4483720,in-call,10,31.4681101719,34.4243052261
