phone_number,call_type,call_duration,call_location_longitude,call_location_latitude
050-1318552,in-call,2741,31.4524312993,34.4111093045
050-1575284,out-call,2794,31.4627065474,34.4191403779
050-2048111,out-call,107,31.4070059439,34.3703669309
050-6875608,in-call,92,31.4751658411,34.4307461708
050-3895110,in-call,67,31.4080836701,34.3695119274
050-4167831,out-call,88,31.3896208494,34.3448966316
050-7398122,out-call,2154,31.4747057243,34.4207461209
