phone_number,call_type,call_duration,call_location_longitude,call_location_latitude
050-9243628,out-call,19,31.442140121,34.4105557051
050-1631551,in-call,28,31.4513935565,34.3935425193
050-7911576,in-call,19,31.455206742,34.4114880897
050-1664623,in-call,1478,31.4771072642,34.4246029397
050-3072066,out-call,64,31.4607591829,34.423215274
050-3951888,out-call,66,31.4450904119,34.413063428
