phone_number,call_type,call_duration,call_location_longitude,call_location_latitude
050-8957180,out-call,49,31.4076598267,34.3706299202
050-2460161,out-call,1866,31.4076043737,34.3787623288
050-1609667,out-call,33,31.4463264376,34.376132234
050-6642098,in-call,87,31.3880800486,34.338635877
050-6814524,out-call,2841,31.4920681251,34.4580657803
050-7289791,in-call,2947,31.4796846252,34.4399917651
050-3801009,in-call,86,31.4304589937,34.3994686886
