phone_number,call_type,call_duration,call_location_longitude,call_location_latitude
050-7260686,out-call,2564,31.4390104798,34.389689077
050-2732796,in-call,67,31.4649611646,34.4161303982
050-9183113,out-call,1232,31.4183581319,34.4018575017
050-9370782,out-call,97,31.4436259822,34.4133619643
050-3390108,in-call,376,31.4711178144,34.4178778003
050-4343656,out-call,2404,31.4597120224,34.4302843483
050-6657235,in-call,833,31.4110801848,34.3717996317
