phone_number,call_type,call_duration,call_location_longitude,call_location_latitude
050-7000915,in-call,3156,31.4618085712,34.4296563345
050-1272649,out-call,3458,31.5002027971,34.4590424933
050-8560005,out-call,2876,31.4572861792,34.4147261277
050-1491294,in-call,2035,31.4697014182,34.4628048266
050-1736384,in-call,3397,31.4507692541,34.4299284125
