phone_number,call_type,call_duration,call_location_longitude,call_location_latitude
050-1116912,in-call,634,31.4617046684,34.4228434856
050-6556851,in-call,93,31.3922264254,34.3440613795
050-4173004,out-call,43,31.4104612727,34.3809657777
050-6689084,out-call,35,31.4697875356,34.4194078802
050-6134507,in-call,1797,31.4512593449,34.4219123984
