phone_number,call_type,call_duration,call_location_longitude,call_location_latitude
050-3771982,in-call,16,31.4344320794,34.4213974773
050-2860606,in-call,2020,31.4107007291,34.366487695
050-8640701,out-call,3585,31.471034349,34.4424066555
050-3298504,out-call,41,31.442140121,34.4105557051
050-1859386,out-call,113,31.4177409328,34.3606673554
050-7088348,in-call,22,31.4110866374,34.3738252117
050-9154050,in-call,87,31.480269797,34.4504963195
050-4616135,in-call,73,31.4610591519,34.4149950295
050-9036163,out-call,3539,31.4560654018,34.4370516166
