phone_number,call_type,call_duration,call_location_longitude,call_location_latitude
050-1034902,in-call,107,31.4476497758,34.4100896103
050-1344931,in-call,111,31.4540773638,34.4149581727
050-9624894,out-call,2290,31.4815702093,34.4320918544
050-8071489,out-call,3575,31.4501869498,34.4159313923
050-3292756,out-call,601,31.459539465,34.4107171051
050-3812530,out-call,585,31.4393778871,34.4129509909
