phone_number,call_type,call_duration,call_location_longitude,call_location_latitude
050-9449447,in-call,513,31.4281458991,34.3962289269
050-9339778,in-call,3483,31.449539313,34.4167891524
050-8408818,out-call,59,31.4545844605,34.4217281818
050-2153401,out-call,3132,31.4402798259,34.4181465084
050-9881031,out-call,68,31.4433994734,34.4102145336
050-1967070,out-call,82,31.4105016204,34.3924807592
050-9895135,out-call,1760,31.4483097131,34.4223316496
050-5187898,in-call,94,31.4816653014,34.4247156148
