phone_number,call_type,call_duration,call_location_longitude,call_location_latitude
050-3212035,out-call,416,31.4411484234,34.4131292496
050-6767007,in-call,113,31.472457782,34.4470888174
050-7202480,in-call,2985,31.451158431,34.4231370409
050-2038343,out-call,97,31.4554853858,34.4052969887
050-2245708,out-call,88,31.4617520388,34.4249686009
050-2060896,in-call,3163,31.4433547256,34.42009203
050-3970452,in-call,3173,31.4504175801,34.4267819533
050-2590801,out-call,2276,31.4629601198,34.4367485534
050-2488430,out-call,97,31.4552357893,34.4086902562
