phone_number,call_type,call_duration,call_location_longitude,call_location_latitude
050-2063695,in-call,17,31.4584027127,34.4212914255
050-3475264,out-call,14,31.4359081771,34.3899310145
050-6666314,in-call,95,31.4619896643,34.4394558959
050-8064146,out-call,2166,31.471209528,34.4273093094
050-2582817,out-call,44,31.4558061855,34.4255347444
