phone_number,call_type,call_duration,call_location_longitude,call_location_latitude
050-8998823,in-call,25,31.4451216556,34.3902476214
050-3250457,out-call,2067,31.4421308838,34.3859444957
050-4337409,out-call,2407,31.4720674366,34.4455291764
050-8297958,in-call,910,31.4532138548,34.416176149
050-5722822,in-call,2796,31.4680110537,34.4274342208
050-5252697,out-call,87,31.4591314106,34.4299293718
050-2777193,in-call,57,31.4805270131,34.4195711811
050-4745721,out-call,108,31.46666058,34.4306765249
