phone_number,call_type,call_duration,call_location_longitude,call_location_latitude
050-7418870,out-call,108,31.3713137169,34.3341686123
050-4475719,in-call,67,31.3831445492,34.3509438362
050-2310496,out-call,2481,31.4683280625,34.4316321867
050-7226176,out-call,2935,31.4794057534,34.4333071989
050-5734079,in-call,112,31.4720307742,34.4363294338
