phone_number,call_type,call_duration,call_location_longitude,call_location_latitude
050-4897858,out-call,201,31.437552405,34.3851096326
050-1259915,out-call,1442,31.447827605,34.4210342006
050-2554207,out-call,112,31.4484900506,34.4156587749
050-1322005,in-call,1996,31.4519789645,34.4179423792
050-9446742,in-call,1964,31.4609250726,34.4183841655
050-7812814,out-call,12,31.4760281232,34.4242131305
050-7632749,out-call,1181,31.4652067397,34.4319432003
