phone_number,call_type,call_duration,call_location_longitude,call_location_latitude
050-3899543,in-call,344,31.471034349,34.4424066555
050-7332608,in-call,63,31.461884707,34.4153433944
050-8602798,out-call,3513,31.4762081723,34.4204324232
050-8501694,in-call,32,31.4570160966,34.4152143112
050-3341536,in-call,47,31.393553106,34.3443836972
050-5286828,in-call,1665,31.5002027971,34.4590424933
050-7279526,in-call,49,31.4070059439,34.3703669309
050-8286704,in-call,2035,31.451605186,34.4154005181
