phone_number,call_type,call_duration,call_location_longitude,call_location_latitude
050-2771089,out-call,65,31.4844404562,34.467328625
050-5428978,in-call,27,31.4656423795,34.4388863108
050-3460775,in-call,3169,31.5123446819,34.4765196085
050-8615204,out-call,232,31.441975926,34.4306675862
050-4090115,out-call,3053,31.4746695262,34.4340052809
050-9953387,in-call,163,31.4505080017,34.4107241454
