phone_number,call_type,call_duration,call_location_longitude,call_location_latitude
050-9344289,out-call,82,31.4719679733,34.442016477
050-1509402,out-call,81,31.4333826238,34.4007120555
050-5702900,out-call,115,31.4511955188,34.4102028522
050-7521029,in-call,2497,31.4356339437,34.4065925958
050-6905508,in-call,3495,31.4487014597,34.4044844719
050-5426235,in-call,34,31.3976867576,34.3654268617
050-9416777,in-call,236,31.4473680694,34.4045669224
