phone_number,call_type,call_duration,call_location_longitude,call_location_latitude
050-9426356,in-call,2674,31.4658755644,34.4259949352
050-5078794,in-call,2299,31.4597120224,34.4302843483
050-9389041,out-call,71,31.4117025623,34.3685113506
050-3728311,out-call,49,31.4402840932,34.3871120656
050-7237126,out-call,1265,31.462768864,34.4220599722
050-2750106,in-call,117,31.4680504328,34.4174742757
050-6724083,out-call,1353,31.442638495,34.4132172282
050-7104454,out-call,2132,31.4739720055,34.4118827883
