phone_number,call_type,call_duration,call_location_longitude,call_location_latitude
050-2033452,out-call,2412,31.4787793929,34.4342517489
050-6017038,out-call,88,31.4145242676,34.3919634168
050-3915168,out-call,44,31.4110941985,34.3853389301
050-6739857,out-call,32,31.4267202639,34.3973422118
050-3155017,in-call,2376,31.4614128991,34.42412172
050-4832169,out-call,42,31.4545708516,34.4215597608
050-5445715,out-call,96,31.4840374346,34.4434320577
