phone_number,call_type,call_duration,call_location_longitude,call_location_latitude
050-1549897,out-call,95,31.4441991935,34.4116107836
050-6614131,out-call,1684,31.4708981993,34.4247029793
050-1530325,in-call,50,31.4012603487,34.3688033771
050-8211347,out-call,14,31.4647254763,34.428789071
050-4985686,in-call,1691,31.4547671868,34.4310260456
050-8461286,out-call,2225,31.4691723477,34.4159419289
050-7944941,in-call,580,31.4572861792,34.4147261277
050-5324478,in-call,2846,31.4530591774,34.4143754905
