phone_number,call_type,call_duration,call_location_longitude,call_location_latitude
050-9473312,in-call,2293,31.4486946663,34.4100075969
050-8220358,out-call,86,31.4849454003,34.447693777
050-2479495,in-call,42,31.438354837,34.3847979181
050-5293150,out-call,48,31.4457729412,34.3908862621
050-5728254,in-call,73,31.4522064674,34.4161538217
050-3995155,out-call,2991,31.4740223126,34.44216505
050-8625868,in-call,604,31.3879017155,34.3442635243
050-3113768,out-call,3481,31.4543574327,34.4147205594
