phone_number,call_type,call_duration,call_location_longitude,call_location_latitude
050-9818484,out-call,2093,31.4517864848,34.4225366303
050-3289614,out-call,118,31.4845379839,34.4509081738
050-6147174,out-call,84,31.4569768974,34.4087521158
050-3939327,out-call,73,31.4557623545,34.3872425309
050-3985070,out-call,1425,31.4732531454,34.4453289501
050-9276593,out-call,116,31.4526504702,34.4194847031
050-2130635,in-call,414,31.4063970227,34.367236012
050-9384435,in-call,944,31.4595902258,34.4247600679
