phone_number,call_type,call_duration,call_location_longitude,call_location_latitude
050-3328845,out-call,20,31.4548975859,34.4154410591
050-7740678,out-call,2581,31.4602121137,34.4248486831
050-5628416,in-call,101,31.4255645482,34.4194267879
050-1238483,out-call,105,31.4276395038,34.3954952818
050-2606351,in-call,1738,31.437283817,34.407478392
