phone_number,call_type,call_duration,call_location_longitude,call_location_latitude
050-1609356,in-call,3527,31.4315856968,34.3783237329
050-7398795,in-call,40,31.5019068612,34.4738404159
050-5543381,in-call,85,31.4219583804,34.38576822
050-9202705,in-call,523,31.4485571372,34.4162031005
050-2781474,out-call,33,31.4228518235,34.3580739837
050-4681886,out-call,86,31.4462555827,34.4053545552
050-7859642,in-call,123,31.4752026267,34.4439636627
050-1949593,out-call,51,31.4656897534,34.4085600461
050-8160919,in-call,26,31.4623553753,34.4388656859
