phone_number,call_type,call_duration,call_location_longitude,call_location_latitude
050-3151000,out-call,81,31.404524697,34.3661350194
050-3606826,in-call,43,31.4425472207,34.3882678088
050-3465505,out-call,497,31.4438909701,34.4192763497
050-7892828,out-call,66,31.4080836701,34.3695119274
050-5577999,in-call,2858,31.4592083257,34.4137828184
