phone_number,call_type,call_duration,call_location_longitude,call_location_latitude
050-8291914,in-call,660,31.4586391967,34.4261292702
050-6010405,in-call,2516,31.448087026,34.4259074349
050-8466698,in-call,1350,31.4113670925,34.3712186052
050-1380580,in-call,1892,31.3700678243,34.3286565723
050-8697406,in-call,721,31.4561125114,34.4191593694
050-3899180,out-call,2837,31.3556990622,34.3139109542
