phone_number,call_type,call_duration,call_location_longitude,call_location_latitude
050-5156232,in-call,75,31.4576974157,34.4015079516
050-8287169,out-call,18,31.4627529036,34.4164596637
050-6848111,in-call,303,31.3492510245,34.3239330905
050-5075668,out-call,84,31.4127765418,34.372936411
050-4486268,out-call,2179,31.4518681462,34.4110462701
050-5083974,out-call,3199,31.4491812718,34.4141618964
