phone_number,call_type,call_duration,call_location_longitude,call_location_latitude
050-1904821,in-call,28,31.4571915615,34.4174322718
050-8848570,out-call,2284,31.4587385515,34.4221772351
050-7465182,in-call,20,31.4645091024,34.4358113612
050-9601309,in-call,433,31.4657078656,34.4392066255
050-3495039,out-call,68,31.4153757213,34.3716241802
050-1924045,in-call,17,31.4571398718,34.3873794017
050-5334473,out-call,61,31.4656729984,34.427087863
050-5071784,out-call,1620,31.460781876,34.4278392587
