phone_number,call_type,call_duration,call_location_longitude,call_location_latitude
050-5898397,in-call,66,31.4929898357,34.4443925408
050-8101224,in-call,1092,31.4693233254,34.4411255052
050-3070300,out-call,1284,31.4124053666,34.3727202216
050-6814096,in-call,3102,31.4696725838,34.4308557453
050-9337517,out-call,89,31.4455112556,34.4105124788
050-7950605,in-call,3568,31.4564352038,34.4208419945
050-5551096,out-call,35,31.4618996153,34.4188992068
050-4432682,out-call,14,31.4595216132,34.3981675314
050-4486556,in-call,564,31.460527612,34.4355038225
