phone_number,call_type,call_duration,call_location_longitude,call_location_latitude
050-3438593,out-call,14,31.4812897596,34.4415232159
050-6010118,in-call,23,31.3820786124,34.3342060817
050-1908602,in-call,3453,31.4684817028,34.4379984063
050-4591121,out-call,2384,31.4449176205,34.4140009438
050-7996705,in-call,15,31.4154828892,34.3727630353
050-3676272,in-call,85,31.4543574327,34.4147205594
050-7039077,out-call,1811,31.3856095577,34.3523626498
050-2296248,out-call,48,31.4640685396,34.4219469919
050-5874927,out-call,69,31.3795376365,34.3478001011
