phone_number,call_type,call_duration,call_location_longitude,call_location_latitude
050-3345540,out-call,44,31.3964087589,34.3461175604
050-8348189,in-call,102,31.4365493475,34.41282278
050-3466039,out-call,39,31.4351947793,34.3869603935
050-6525896,in-call,1217,31.4078463578,34.369570861
050-1779048,in-call,1038,31.4425597092,34.4213049479
050-7354626,out-call,90,31.4108682321,34.3814574251
050-2740187,out-call,79,31.4449310116,34.4107775652
050-3942415,in-call,3152,31.4734694909,34.4438558146
050-4673017,out-call,107,31.3844216514,34.3437587926
