phone_number,call_type,call_duration,call_location_longitude,call_location_latitude
050-7118390,in-call,118,31.4746695262,34.4340052809
050-6276122,out-call,2890,31.455865399,34.421733042
050-1039710,in-call,1130,31.4664763734,34.4339203495
050-6050678,in-call,2854,31.435943715,34.4060671106
050-1478129,out-call,3593,31.4057038728,34.3670167298
050-7128417,out-call,823,31.4477099109,34.4227363835
050-2943843,out-call,1575,31.4639417277,34.4255806458
