phone_number,call_type,call_duration,call_location_longitude,call_location_latitude
050-6442951,out-call,2340,31.4162792059,34.3705713561
050-6946203,in-call,513,31.4795240899,34.4504927824
050-3279084,out-call,61,31.4637875588,34.4259704423
050-7422753,in-call,3435,31.443037533,34.4180190364
050-1363465,out-call,1541,31.4676671962,34.4253619085
050-4959187,in-call,1652,31.4590311507,34.4237851109
050-5809578,in-call,196,31.4726725146,34.4266450864
050-4697577,in-call,1529,31.472796634,34.4545441662
