phone_number,call_type,call_duration,call_location_longitude,call_location_latitude
050-7971894,out-call,1139,31.4492478502,34.4149096152
050-1648355,in-call,860,31.4517666551,34.4150817063
050-4613626,in-call,22,31.3831445492,34.3509438362
050-4772911,out-call,1331,31.472198009,34.4165566705
050-9394272,out-call,34,31.3965950393,34.3531658654
050-9554706,in-call,35,31.4351435636,34.4128891933
050-3115767,out-call,75,31.4533939085,34.4155028587
