phone_number,call_type,call_duration,call_location_longitude,call_location_latitude
050-4790174,in-call,1915,31.4427419228,34.4139275887
050-9574729,out-call,43,31.3962183231,34.3519699686
050-8151101,out-call,516,31.4623469369,34.4208203659
050-4162809,out-call,107,31.4545542565,34.4116130094
050-5496077,in-call,16,31.4894634655,34.4415436066
