phone_number,call_type,call_duration,call_location_longitude,call_location_latitude
050-9671686,out-call,90,31.4701146058,34.4439116477
050-9415167,in-call,204,31.4776558288,34.4415516006
050-9381301,in-call,1734,31.4619896643,34.4394558959
050-2112148,in-call,3277,31.4534622091,34.4172794175
050-8748008,in-call,648,31.4793973371,34.4342053514
050-3416438,out-call,108,31.406936325,34.380292758
050-3098525,in-call,97,31.4823665581,34.4681855096
050-7440818,in-call,73,31.4491812718,34.4141618964
