phone_number,call_type,call_duration,call_location_longitude,call_location_latitude
050-1382681,out-call,66,31.4590311507,34.4237851109
050-1488786,in-call,240,31.4993795795,34.4596892238
050-6161130,out-call,3563,31.4593226812,34.411206188
050-1504207,out-call,3276,31.4990653273,34.4461781032
050-5871568,in-call,2495,31.46849095,34.4299624465
050-9110360,out-call,100,31.457420609,34.4181190701
