phone_number,call_type,call_duration,call_location_longitude,call_location_latitude
050-3793846,in-call,87,31.4603801358,34.4337511737
050-9227757,out-call,3051,31.3856031989,34.3397749851
050-4655216,out-call,106,31.4699994224,34.4360299155
050-6049670,in-call,94,31.4888401061,34.4599063483
050-2498235,out-call,99,31.36298942,34.3096909348
050-3450148,out-call,1491,31.4361267257,34.3878623345
050-5107452,out-call,1456,31.4877329536,34.4447988512
