phone_number,call_type,call_duration,call_location_longitude,call_location_latitude
050-6284531,in-call,38,31.432038431,34.3787422431
050-3445891,in-call,67,31.4064768493,34.378423641
050-4380514,out-call,120,31.4554706572,34.4223718728
050-8802599,in-call,3339,31.4479347719,34.4184366883
050-4261988,in-call,53,31.4477822513,34.4143249607
050-1468776,out-call,1405,31.4182880245,34.3656544451
050-7557458,in-call,1687,31.4686654616,34.4349283319
050-8630679,out-call,10,31.4720818017,34.4467268747
050-8042286,out-call,1298,31.4837751093,34.4470801326
