phone_number,call_type,call_duration,call_location_longitude,call_location_latitude
050-1560631,in-call,1885,31.4899996173,34.4524706678
050-6167806,out-call,2329,31.4435614931,34.3871035186
050-6569121,in-call,110,31.4168622987,34.364465932
050-3917214,out-call,103,31.3849986303,34.335396071
050-2756662,out-call,111,31.3633657675,34.3197222382
050-1375241,in-call,115,31.3965950393,34.3531658654
