phone_number,call_type,call_duration,call_location_longitude,call_location_latitude
050-8908711,out-call,2829,31.3833024421,34.34533802
050-4585467,out-call,3462,31.4094324595,34.3767508163
050-2891209,in-call,973,31.4385659852,34.4038984943
050-8920817,out-call,881,31.5012340366,34.4723446517
050-7909908,in-call,908,31.3950733039,34.3647564188
