phone_number,call_type,call_duration,call_location_longitude,call_location_latitude
050-5739875,out-call,72,31.394293763,34.366719108
050-5786425,in-call,56,31.4103279154,34.3607464141
050-6326340,in-call,82,31.4392718724,34.4060573491
050-5616669,in-call,33,31.4837751093,34.4470801326
050-1943355,in-call,3279,31.4762081723,34.4204324232
050-8452921,out-call,1276,31.4635882958,34.4290659953
050-9916464,in-call,116,31.4609313664,34.4154692021
