phone_number,call_type,call_duration,call_location_longitude,call_location_latitude
050-2345701,out-call,3271,31.4637268779,34.429108583
050-4147200,out-call,10,31.4823665581,34.4681855096
050-3742990,out-call,107,31.4555254148,34.4009133606
050-7048971,out-call,25,31.4591302047,34.4200023743
050-7093314,out-call,1554,31.500295081,34.4519686026
050-7878345,in-call,2805,31.4665561537,34.4213554111
050-2587936,in-call,55,31.4074307167,34.3685163725
