phone_number,call_type,call_duration,call_location_longitude,call_location_latitude
050-6242132,in-call,30,31.4603776297,34.4202854527
050-7088846,in-call,2547,31.4601009473,34.4252745002
050-1564540,in-call,44,31.4545231369,34.4136456723
050-4461253,out-call,1777,31.4104612727,34.3809657777
050-4406175,in-call,21,31.4090923578,34.3826789066
050-9702986,in-call,159,31.4743134187,34.442979748
050-1421226,in-call,750,31.4395386713,34.4114137344
050-7318085,in-call,11,31.4552700275,34.4106815771
050-6115399,out-call,78,31.4501674529,34.4152219216
