phone_number,call_type,call_duration,call_location_longitude,call_location_latitude
050-7994689,out-call,1200,31.4075398817,34.384961288
050-7376802,in-call,3191,31.4165789512,34.3650236011
050-6837435,out-call,3284,31.483439208,34.4389915579
050-2029716,out-call,1795,31.4578172331,34.4219305649
050-6616623,out-call,1709,31.4477611547,34.416398996
050-1133224,out-call,3160,31.495889744,34.4698491993
050-2658695,out-call,54,31.4536887659,34.4123480838
