phone_number,call_type,call_duration,call_location_longitude,call_location_latitude
050-4854524,out-call,81,31.4421308838,34.3859444957
050-3601827,out-call,3477,31.4566405187,34.4106114174
050-2527889,in-call,102,31.4700939862,34.4291516687
050-2549605,in-call,93,31.4500891758,34.4237781924
050-2292990,in-call,1758,31.4621153068,34.4205928275
