phone_number,call_type,call_duration,call_location_longitude,call_location_latitude
050-8006982,out-call,2198,31.502870731,34.4619702228
050-5812578,out-call,1483,31.4593226812,34.411206188
050-1465086,out-call,3489,31.46849095,34.4299624465
050-6362149,out-call,1672,31.4084798647,34.3755120469
050-4594758,out-call,3331,31.440748119,34.3894416218
050-8529207,out-call,3291,31.4330515697,34.4000714799
050-1263187,out-call,57,31.4528740586,34.4121839046
050-5495469,out-call,40,31.4534789636,34.409513921
050-2819872,out-call,1779,31.4104152725,34.3607174504
