phone_number,call_type,call_duration,call_location_longitude,call_location_latitude
050-1883878,out-call,96,31.4614434672,34.4314566369
050-2548996,out-call,57,31.4150441405,34.3718189577
050-4101506,in-call,108,31.4883615237,34.459111663
050-6277889,out-call,631,31.4636740217,34.4233160226
050-3481352,in-call,1209,31.4102718207,34.3836145828
