phone_number,call_type,call_duration,call_location_longitude,call_location_latitude
050-6349476,in-call,2580,31.4915636363,34.4491678944
050-1207644,out-call,445,31.4559064218,34.4049054926
050-2933351,in-call,16,31.4679886778,34.4144973295
050-5285307,in-call,3491,31.490687727,34.451370718
050-7940733,in-call,98,31.4799682745,34.4431981488
050-7736084,out-call,68,31.4568951623,34.4224222032
