phone_number,call_type,call_duration,call_location_longitude,call_location_latitude
050-9504948,in-call,790,31.4379263202,34.4043352356
050-8254892,out-call,48,31.4655281397,34.4305610139
050-4735168,out-call,120,31.3949400737,34.3651273947
050-9809754,in-call,3389,31.4702617125,34.4118764766
050-6804731,out-call,2426,31.4374016387,34.4053806182
050-8976658,in-call,2429,31.4562207311,34.413409462
050-1146295,out-call,81,31.4042330273,34.3670854073
050-8623717,out-call,335,31.4599615626,34.4265338105
050-8347279,in-call,3086,31.4481896749,34.4055523797
