phone_number,call_type,call_duration,call_location_longitude,call_location_latitude
050-5480666,out-call,807,31.4617046684,34.4228434856
050-8958957,out-call,3530,31.4681101719,34.4243052261
050-5334906,out-call,860,31.4545844605,34.4217281818
050-1792611,out-call,83,31.3835849602,34.3428341635
050-8658604,in-call,821,31.3852961185,34.3480646615
050-4255878,in-call,3539,31.4705479778,34.4067184269
050-2324070,in-call,90,31.4769985239,34.4481174784
