phone_number,call_type,call_duration,call_location_longitude,call_location_latitude
050-2054138,out-call,24,31.391695834,34.3422763449
050-9992464,in-call,3334,31.4411484234,34.4131292496
050-3452550,in-call,92,31.4605692659,34.4263998871
050-5910651,out-call,1903,31.3851518154,34.3371004068
050-2746446,out-call,66,31.4476919914,34.3792797379
050-3122089,out-call,91,31.4639417277,34.4255806458
050-2101547,out-call,70,31.4331410461,34.4018866014
050-1137678,out-call,2168,31.442716165,34.3770518907
