phone_number,call_type,call_duration,call_location_longitude,call_location_latitude
050-7905272,out-call,2083,31.4603717138,34.4216182076
050-3963136,out-call,3438,31.4757378036,34.4572579572
050-4106976,out-call,1934,31.4104788251,34.3775139865
050-1520893,out-call,2300,31.4175399607,34.3733929652
050-8323236,in-call,1917,31.4148757314,34.3658454271
050-2634613,out-call,82,31.4061921155,34.3464527906
050-9656846,out-call,3154,31.4290726908,34.394849229
050-9349594,out-call,2476,31.460370338,34.433311792
050-5203634,out-call,2972,31.4112381451,34.360141063
