phone_number,call_type,call_duration,call_location_longitude,call_location_latitude
050-7006869,out-call,96,31.4175232974,34.3663535362
050-5773568,in-call,2251,31.4497656325,34.429607285
050-3489201,out-call,44,31.4154435912,34.3647877649
050-1610145,in-call,111,31.43904428,34.427278456
050-8798087,in-call,204,31.4720307742,34.4363294338
050-4987205,out-call,2833,31.3810729087,34.3431676622
050-4644991,in-call,76,31.4472252157,34.4185533471
050-8628048,in-call,858,31.4853047668,34.4469806131
