phone_number,call_type,call_duration,call_location_longitude,call_location_latitude
050-1435650,out-call,2410,31.4505655875,34.4180090125
050-9494072,out-call,92,31.4048366454,34.383227941
050-1791251,in-call,100,31.4796846252,34.4399917651
050-3521433,in-call,13,31.4069950115,34.3462384131
050-2509602,out-call,19,31.4630186659,34.4264463756
