phone_number,call_type,call_duration,call_location_longitude,call_location_latitude
050-8785675,in-call,99,31.4512780923,34.4142799075
050-8520801,in-call,44,31.4599294429,34.4183276007
050-6834048,in-call,1487,31.4532676239,34.4210022665
050-7019941,in-call,764,31.4943523499,34.4670412302
050-2450047,out-call,1375,31.4136725211,34.3974603261
050-1164099,in-call,96,31.4627529036,34.4164596637
050-1437077,in-call,63,31.412505047,34.3667440769
