phone_number,call_type,call_duration,call_location_longitude,call_location_latitude
050-9008643,out-call,1805,31.4863637071,34.4450456483
050-8335462,in-call,105,31.3874966726,34.3417165701
050-1666986,in-call,10,31.4499669697,34.4217723024
050-7931329,out-call,3462,31.4528666419,34.4135373331
050-7788181,out-call,486,31.4456415728,34.4115709592
050-4582975,in-call,2034,31.4561545503,34.4191888413
050-1434438,in-call,1553,31.4464719893,34.3915877011
050-3808262,out-call,199,31.4814239951,34.4439571087
