phone_number,call_type,call_duration,call_location_longitude,call_location_latitude
050-2104887,in-call,113,31.4568158104,34.4311019044
050-2742214,out-call,92,31.3963059824,34.3452942379
050-2654052,in-call,69,31.4639417277,34.4255806458
050-6783760,out-call,1324,31.4493685079,34.4126496315
050-3241090,in-call,63,31.4496818327,34.4131295354
050-6769333,in-call,1427,31.4943599936,34.4513901731
