phone_number,call_type,call_duration,call_location_longitude,call_location_latitude
050-3622432,in-call,102,31.4127765418,34.372936411
050-1105730,out-call,3539,31.4697533946,34.429297144
050-5245238,out-call,1491,31.4469525178,34.4149209083
050-6092771,in-call,1796,31.4718654658,34.4341594752
050-3432642,out-call,324,31.4131796395,34.365296506
050-4414658,out-call,3452,31.40526122,34.3736743591
