phone_number,call_type,call_duration,call_location_longitude,call_location_latitude
050-9625761,out-call,1200,31.4338421498,34.385383827
050-4806420,in-call,47,31.4475156668,34.4192597582
050-6982691,out-call,2407,31.4264084579,34.3826203684
050-3343814,out-call,41,31.4374016387,34.4053806182
050-2373635,in-call,3429,31.4635139515,34.4178569479
050-9523796,in-call,110,31.4532676239,34.4210022665
050-2182265,in-call,103,31.4887784471,34.4481947902
050-2198700,out-call,49,31.4318540406,34.3782415447
050-5722409,in-call,2758,31.4071272846,34.3692389686
