phone_number,call_type,call_duration,call_location_longitude,call_location_latitude
050-7397916,in-call,549,31.4350050976,34.4045361315
050-6580353,in-call,98,31.4568618145,34.4171850654
050-6368036,out-call,119,31.4679886778,34.4144973295
050-8494969,in-call,68,31.3833024421,34.34533802
050-8260198,in-call,1770,31.4816384473,34.4444183123
