phone_number,call_type,call_duration,call_location_longitude,call_location_latitude
050-4063552,in-call,523,31.4019426089,34.3689232728
050-9242470,in-call,686,31.4541613266,34.4097906396
050-6781032,out-call,1570,31.4623981419,34.43241983
050-3749827,in-call,50,31.413128749,34.3728097141
050-5749244,out-call,2875,31.4084499137,34.3663679082
050-1236194,in-call,40,31.4436259822,34.4133619643
