phone_number,call_type,call_duration,call_location_longitude,call_location_latitude
050-8560121,out-call,64,31.4705479778,34.4067184269
050-5133464,in-call,2044,31.4535564111,34.4247536833
050-8889425,out-call,380,31.4650406548,34.4203910097
050-2412014,in-call,1866,31.472198009,34.4165566705
050-7471660,in-call,2245,31.4736369032,34.4231865054
