phone_number,call_type,call_duration,call_location_longitude,call_location_latitude
050-6147207,out-call,31,31.4126121498,34.3722609295
050-9479404,in-call,2827,31.4603328897,34.4246044839
050-5135047,out-call,58,31.4122669935,34.3674592315
050-2105120,out-call,46,31.4135971145,34.372799029
050-8842331,out-call,1451,31.4966489898,34.4681229156
050-7624830,out-call,3057,31.4433994734,34.4102145336
