phone_number,call_type,call_duration,call_location_longitude,call_location_latitude
050-7365382,out-call,97,31.4598650028,34.4203765459
050-5089506,out-call,46,31.4403778329,34.415522404
050-4543148,in-call,359,31.4499669697,34.4217723024
050-6187370,in-call,102,31.4514775244,34.4124337127
050-1152884,out-call,107,31.4669129372,34.4073958935
050-5275116,in-call,1613,31.4640068327,34.4330935217
