phone_number,call_type,call_duration,call_location_longitude,call_location_latitude
050-7059036,out-call,13,31.4600794823,34.4092797364
050-9949829,in-call,14,31.4070229088,34.3673389136
050-9046825,out-call,61,31.4568254886,34.4189691372
050-3120685,in-call,42,31.3819820401,34.3432222389
050-4622769,in-call,2406,31.4774047663,34.4382903037
050-5217870,in-call,584,31.4369144042,34.4128667337
050-6465474,in-call,49,31.4495657031,34.4098815214
