phone_number,call_type,call_duration,call_location_longitude,call_location_latitude
050-9373988,out-call,230,31.4112040768,34.378604447
050-7494693,out-call,91,31.4677763547,34.4190050576
050-6871953,out-call,110,31.4571108156,34.4265635157
050-4330065,out-call,1122,31.4230156708,34.3653991997
050-6746264,out-call,13,31.4760482195,34.4439069978
050-4074682,in-call,2314,31.4543049287,34.4096340247
