phone_number,call_type,call_duration,call_location_longitude,call_location_latitude
050-2218475,out-call,18,31.4504578171,34.4232805659
050-8584056,out-call,2504,31.4557623545,34.3872425309
050-9297883,in-call,3082,31.4108023942,34.3666660617
050-2060813,out-call,2577,31.4168937381,34.3723923459
050-5492178,out-call,2612,31.4143746576,34.3700260946
050-7944321,out-call,60,31.4586559461,34.4161997161
050-7292095,out-call,65,31.4478629325,34.4186291843
050-9738838,in-call,96,31.4554107069,34.4142565368
050-8040904,out-call,1568,31.4911417075,34.4475043948
