phone_number,call_type,call_duration,call_location_longitude,call_location_latitude
050-5281257,in-call,1233,31.4450267036,34.4041335967
050-2029357,in-call,74,31.4468247553,34.4014498425
050-8524818,out-call,101,31.4658618419,34.4501234781
050-2154692,out-call,100,31.3930190929,34.3653552462
050-1469654,out-call,68,31.4794465768,34.4557834567
050-3266868,in-call,63,31.4825380585,34.4452705357
