phone_number,call_type,call_duration,call_location_longitude,call_location_latitude
050-2967113,in-call,3338,31.4230092653,34.3855324685
050-4745219,out-call,45,31.4348746352,34.398376906
050-8027428,in-call,2037,31.4353049862,34.4070593718
050-4894283,out-call,78,31.4623187353,34.4015814418
050-6408343,out-call,103,31.4730622016,34.4417383927
050-1859148,in-call,966,31.4341664352,34.3999482754
050-7583303,in-call,2455,31.4251144294,34.3819956672
050-7156101,in-call,2091,31.5042212826,34.4555297076
