phone_number,call_type,call_duration,call_location_longitude,call_location_latitude
050-3354304,out-call,30,31.4650176588,34.4349114112
050-2722899,in-call,3499,31.4407434859,34.4107400656
050-6829520,in-call,102,31.4604443961,34.4326620124
050-7695705,in-call,3083,31.4546227694,34.413848848
050-3118353,out-call,51,31.4592966562,34.4095119073
050-3369057,out-call,14,31.4406550787,34.4127199193
