phone_number,call_type,call_duration,call_location_longitude,call_location_latitude
050-2281228,out-call,2624,31.4501395041,34.4253819726
050-8770907,out-call,3473,31.4670342737,34.4356202174
050-2317623,in-call,2034,31.4005290874,34.347511676
050-2933300,out-call,86,31.4924646431,34.4636963084
050-6970664,in-call,871,31.4802998088,34.4401269621
050-4625347,out-call,2541,31.4163864896,34.3628368559
