phone_number,call_type,call_duration,call_location_longitude,call_location_latitude
050-7178827,in-call,99,31.4718654658,34.4341594752
050-7408739,in-call,62,31.4334531849,34.3760077026
050-4798661,out-call,89,31.4320059763,34.3755761745
050-3167265,out-call,3092,31.4220874777,34.3856620855
050-7557563,out-call,67,31.4801714612,34.4353705669
050-7490917,out-call,20,31.4434013224,34.3771407489
