phone_number,call_type,call_duration,call_location_longitude,call_location_latitude
050-6036235,in-call,13,31.4444614986,34.3752837692
050-4535043,in-call,85,31.4257329432,34.3961510153
050-8314229,in-call,2627,31.4589156162,34.4241659349
050-8865309,out-call,29,31.4614709727,34.4189885561
050-5574540,out-call,22,31.4657863474,34.4254451874
050-6437505,in-call,92,31.4319108253,34.3789661765
050-1562730,in-call,36,31.4704891098,34.4463243363
050-7713122,in-call,592,31.4307530389,34.3760991555
