phone_number,call_type,call_duration,call_location_longitude,call_location_latitude
050-7727251,in-call,11,31.4765695111,34.4310951161
050-9553321,in-call,94,31.4550476705,34.4177584331
050-5893042,in-call,3345,31.4006955019,34.349553003
050-4757347,out-call,94,31.4458531724,34.4144221978
050-1842315,in-call,1927,31.4560654018,34.4370516166
050-1391165,in-call,199,31.477900145,34.4379201979
050-9606232,out-call,1343,31.3650861948,34.3234230455
