phone_number,call_type,call_duration,call_location_longitude,call_location_latitude
050-5151467,out-call,2560,31.3962183231,34.3519699686
050-4696896,in-call,76,31.4131991074,34.3674895639
050-1518354,in-call,961,31.496841045,34.4644154139
050-9284973,in-call,72,31.4690800257,34.4300803229
050-6772961,out-call,40,31.4595216132,34.3981675314
050-7098179,in-call,655,31.4401714451,34.3910859883
