phone_number,call_type,call_duration,call_location_longitude,call_location_latitude
050-4684101,in-call,3139,31.4740015689,34.4579819752
050-2156649,in-call,992,31.4492474689,34.4121373951
050-8424001,out-call,120,31.4746467002,34.4290587214
050-5810309,in-call,623,31.4879512628,34.4459721645
050-3463398,in-call,3585,31.4792617848,34.4290464711
050-9177793,in-call,71,31.4657461409,34.4291721565
