phone_number,call_type,call_duration,call_location_longitude,call_location_latitude
050-6956293,in-call,3338,31.4656729984,34.427087863
050-1903940,in-call,111,31.4123865618,34.3872424955
050-4967813,out-call,851,31.3962183231,34.3519699686
050-8209833,out-call,715,31.4088598301,34.3752045361
050-5543804,out-call,1222,31.4699368238,34.431572429
050-1401794,in-call,52,31.4439122745,34.3918908233
050-5505351,out-call,1630,31.4713897736,34.4496381592
050-7989100,out-call,103,31.4557598145,34.3919358875
050-2724371,out-call,98,31.5087777831,34.462561031
