phone_number,call_type,call_duration,call_location_longitude,call_location_latitude
050-8256365,out-call,103,31.4081713127,34.35884382
050-4614102,in-call,2492,31.4608159264,34.4284421831
050-6366311,in-call,23,31.4558061855,34.4255347444
050-5829534,out-call,77,31.4778105616,34.4342349797
050-7423755,in-call,3056,31.4713078159,34.4238424504
050-1710884,out-call,22,31.4427474201,34.3848382275
050-3426091,in-call,416,31.4697161997,34.4435726845
