phone_number,call_type,call_duration,call_location_longitude,call_location_latitude
050-2782255,in-call,109,31.4515875462,34.41670139
050-8376606,in-call,391,31.471352816,34.4219191035
050-8960267,in-call,32,31.4560168339,34.4033775808
050-3025062,in-call,118,31.4583619946,34.4147014001
050-3771660,in-call,2827,31.4384874109,34.3882144647
050-3178143,out-call,2541,31.4729728058,34.4229730263
050-4534023,out-call,47,31.441975926,34.4306675862
050-4326433,in-call,631,31.3922264254,34.3440613795
