phone_number,call_type,call_duration,call_location_longitude,call_location_latitude
050-5187847,out-call,53,31.415421903,34.3686692442
050-9433462,in-call,11,31.4012603487,34.3688033771
050-7593874,out-call,1126,31.4656941694,34.4192257807
050-4673566,out-call,3441,31.4192497366,34.3571652901
050-1897180,out-call,2814,31.4554107069,34.4142565368
050-9605084,out-call,60,31.4694958681,34.4320858625
050-8472925,in-call,689,31.4745858792,34.4294217045
050-4679007,in-call,158,31.4871948025,34.4520676436
050-5883684,out-call,1771,31.4354263442,34.4065346944
