phone_number,call_type,call_duration,call_location_longitude,call_location_latitude
050-6129089,out-call,105,31.4011825934,34.3446688855
050-4173202,in-call,112,31.3882155035,34.3532024544
050-5521703,in-call,16,31.4449639121,34.4152602251
050-3332207,out-call,2274,31.3957909709,34.3647916411
050-6117677,in-call,88,31.4788414802,34.4279272339
050-7298947,in-call,1931,31.4575937079,34.4337464224
050-3402598,in-call,1862,31.4408456462,34.4146426852
050-8752580,in-call,116,31.4523781738,34.411555886
