phone_number,call_type,call_duration,call_location_longitude,call_location_latitude
050-1849672,out-call,1428,31.4424835496,34.4155205286
050-4276862,in-call,79,31.4387063289,34.3875490282
050-7982169,in-call,1733,31.4064768493,34.378423641
050-9469110,out-call,2772,31.4054521383,34.367755519
050-3674473,in-call,2435,31.4609250726,34.4183841655
050-3360846,in-call,22,31.4614807191,34.4398085802
050-2164755,in-call,1257,31.3934904682,34.3506200066
050-7680032,out-call,3506,31.4821755087,34.4453231272
