phone_number,call_type,call_duration,call_location_longitude,call_location_latitude
050-5027092,in-call,539,31.5090734048,34.4595040924
050-1409733,out-call,127,31.4428075715,34.4229481085
050-1619841,in-call,3155,31.4221121077,34.3676665567
050-5943800,out-call,98,31.4669327658,34.4319071214
050-2866366,in-call,1627,31.5043356612,34.4664681919
050-7794615,in-call,1486,31.4501395041,34.4253819726
050-9868870,out-call,2714,31.4654048994,34.4262872371
050-9692407,in-call,731,31.4923202358,34.4524890052
050-6077233,out-call,2944,31.4501029173,34.4242916913
