phone_number,call_type,call_duration,call_location_longitude,call_location_latitude
050-1378620,in-call,74,31.4792280381,34.4409753601
050-9269462,out-call,14,31.4527390969,34.4097668952
050-7848249,in-call,70,31.4554203174,34.4418559422
050-7878038,in-call,1204,31.4163135558,34.3718352047
050-9719922,out-call,2734,31.4089217701,34.3701608203
050-1540864,in-call,113,31.4548823465,34.4110189924
050-5334508,out-call,66,31.440316631,34.4175561366
050-9624724,in-call,2315,31.5002027971,34.4590424933
050-8760861,in-call,120,31.4135347207,34.3758405459
