phone_number,call_type,call_duration,call_location_longitude,call_location_latitude
050-2018383,in-call,292,31.4858810031,34.4471384127
050-1201241,out-call,689,31.385834961,34.3459518194
050-4196456,in-call,53,31.503601523,34.4932266747
050-5178663,out-call,43,31.4603870402,34.4261706568
050-1625052,out-call,84,31.4856024314,34.4494998987
