phone_number,call_type,call_duration,call_location_longitude,call_location_latitude
050-1652176,out-call,1453,31.4533726847,34.4373452702
050-2688077,out-call,2453,31.4654526211,34.4131050164
050-8135214,in-call,97,31.4527669656,34.4141678453
050-2253927,in-call,2237,31.4038859066,34.3662881844
050-7403889,out-call,17,31.4623469369,34.4208203659
050-7155896,in-call,74,31.4804233635,34.4489946162
050-8753180,in-call,684,31.4529103848,34.4299450109
