phone_number,call_type,call_duration,call_location_longitude,call_location_latitude
050-5944107,out-call,1667,31.4618996153,34.4188992068
050-5605590,out-call,1806,31.4653847904,34.4251924419
050-2977216,in-call,37,31.458571986,34.3966786017
050-3225183,out-call,110,31.4518930776,34.4140584196
050-7569790,in-call,110,31.4413528321,34.424101096
050-7043278,in-call,1067,31.4855133248,34.4297770863
050-8555804,in-call,66,31.4781905522,34.4356728132
050-2419208,in-call,49,31.3831322989,34.3428198075
