phone_number,call_type,call_duration,call_location_longitude,call_location_latitude
050-6842481,out-call,26,31.3949325564,34.3390069581
050-1044205,in-call,63,31.4796846252,34.4399917651
050-4532323,in-call,48,31.4084863513,34.3428316502
050-5868159,in-call,2303,31.4598650028,34.4203765459
050-3385165,out-call,44,31.448571597,34.4250910038
