phone_number,call_type,call_duration,call_location_longitude,call_location_latitude
050-6444805,out-call,31,31.467416119,34.4355229645
050-1749319,in-call,3136,31.3943881008,34.3658831557
050-5146372,out-call,66,31.4468987165,34.4022951212
050-5179077,out-call,80,31.4672529567,34.4358165784
050-7449856,out-call,26,31.4175232974,34.3663535362
050-9912356,out-call,98,31.4127562635,34.3741708786
