phone_number,call_type,call_duration,call_location_longitude,call_location_latitude
050-4587253,in-call,103,31.44811418,34.4187849885
050-3289125,out-call,50,31.4871948025,34.4520676436
050-5671293,in-call,3488,31.4666808621,34.4158099066
050-2959525,in-call,3209,31.4501029173,34.4242916913
050-4965187,out-call,100,31.4720428377,34.4413185588
050-3409190,in-call,295,31.4640866103,34.4215896573
050-8840530,in-call,1753,31.450515615,34.4213783805
050-8975407,in-call,2769,31.4719679733,34.442016477
050-7336225,in-call,222,31.4608125998,34.4169705429
