phone_number,call_type,call_duration,call_location_longitude,call_location_latitude
050-5788399,out-call,974,31.4428593257,34.4124923035
050-5273511,out-call,573,31.4778191644,34.4424943144
050-8780339,out-call,41,31.4671155582,34.4426953891
050-9967520,in-call,208,31.495713682,34.4590305082
050-9015950,in-call,1887,31.4156905798,34.398289196
050-3231913,out-call,142,31.4566741914,34.4263430156
050-6117818,out-call,1755,31.4916326376,34.4634177355
050-2258078,out-call,86,31.438796514,34.3913725638
