phone_number,call_type,call_duration,call_location_longitude,call_location_latitude
050-5463194,out-call,55,31.4844404562,34.467328625
050-9297265,in-call,61,31.4708031409,34.434259672
050-5372372,in-call,89,31.4480555603,34.4104841916
050-5841900,in-call,1811,31.4606168039,34.4193484278
050-4276344,out-call,43,31.4505479363,34.417222674
050-1966172,in-call,16,31.4002294108,34.3723867023
050-7151180,out-call,42,31.4600135377,34.4246770258
050-3623545,out-call,2949,31.470968707,34.4289534532
050-8674323,out-call,856,31.382585902,34.3386753672
