phone_number,call_type,call_duration,call_location_longitude,call_location_latitude
050-8980823,in-call,114,31.4303726634,34.3568874419
050-6461781,out-call,568,31.4530690943,34.4269229997
050-8732372,out-call,2783,31.4731859249,34.44124727
050-4379468,in-call,71,31.4527470027,34.4200958575
050-9478323,in-call,3297,31.3956555293,34.3651767117
050-1636890,out-call,1086,31.4744019526,34.4398889359
050-3240704,in-call,46,31.4788245593,34.4367937171
