phone_number,call_type,call_duration,call_location_longitude,call_location_latitude
050-8569064,out-call,99,31.4430895764,34.3777116564
050-1358316,out-call,80,31.4279080873,34.3957491982
050-5622542,out-call,69,31.4101188788,34.3783558506
050-8459861,out-call,2754,31.4650614485,34.4226578651
050-7372876,out-call,10,31.437987606,34.4078348733
050-9811021,in-call,108,31.438096906,34.3870759478
050-2727955,out-call,94,31.4680566906,34.4417004658
050-5059225,out-call,650,31.4638004657,34.4240187391
