phone_number,call_type,call_duration,call_location_longitude,call_location_latitude
050-4934609,in-call,39,31.4783121554,34.4431687838
050-7893723,in-call,730,31.4943599936,34.4513901731
050-4875560,out-call,1908,31.5042212826,34.4555297076
050-4526123,in-call,118,31.46666058,34.4306765249
050-6361934,out-call,24,31.4107007291,34.366487695
050-7033492,in-call,46,31.4207744219,34.4085767476
050-9603530,out-call,3426,31.4448692311,34.4034668264
050-5984793,in-call,59,31.4496818327,34.4131295354
050-7051609,in-call,16,31.4470854489,34.4110997095
