phone_number,call_type,call_duration,call_location_longitude,call_location_latitude
050-7532734,out-call,2290,31.4511699764,34.4180950311
050-8435702,out-call,82,31.4868993795,34.4475732882
050-4699527,in-call,2007,31.4658618419,34.4501234781
050-1066131,in-call,600,31.4560548904,34.4048939505
050-9215188,in-call,1453,31.4366480719,34.4152831539
050-3718150,in-call,369,31.4527470027,34.4200958575
050-1554690,in-call,1142,31.4369929273,34.3839249815
