phone_number,call_type,call_duration,call_location_longitude,call_location_latitude
050-3050279,in-call,118,31.4681061059,34.4258609779
050-8238404,in-call,2259,31.4778191644,34.4424943144
050-3295757,in-call,85,31.4911417075,34.4475043948
050-3585971,out-call,3143,31.4210405057,34.367681596
050-3660654,out-call,102,31.4395414197,34.3889116652
050-1185094,in-call,114,31.4556107997,34.4193679069
050-1772817,in-call,52,31.4962824341,34.453808459
050-7518559,out-call,39,31.4617046684,34.4228434856
050-6293572,in-call,2303,31.3910194136,34.3385789383
