phone_number,call_type,call_duration,call_location_longitude,call_location_latitude
050-4918465,in-call,443,31.4841003857,34.4352297824
050-2040893,in-call,2065,31.4650275465,34.436264348
050-7338100,out-call,113,31.4399296746,34.3878041132
050-3719949,out-call,51,31.4450817447,34.4111072356
050-7282932,out-call,604,31.452110462,34.4140305824
050-3567235,out-call,63,31.4557598145,34.3919358875
