phone_number,call_type,call_duration,call_location_longitude,call_location_latitude
050-2852841,in-call,2575,31.4718091617,34.4274740163
050-3675296,in-call,260,31.4387063289,34.3875490282
050-6145109,in-call,2078,31.4040873409,34.3690156328
050-7118679,out-call,88,31.4620726106,34.4117632822
050-2336885,out-call,1311,31.446192708,34.4138336524
050-2200857,in-call,2884,31.4421495254,34.4195636994
050-5220221,in-call,55,31.3810729087,34.3431676622
